source,location_id,country,latitude,longitude,sample_date,parameter,value,unit,quality
STEWARDS,ARS-MSGC-MSGC_WQ_2-5,,34.2366284,-89.9093076,1987-06-22,Dissolved oxygen,6.86,mg/L,
STEWARDS,ARS-MSGC-MSGC_WQ_2-5,,34.2366284,-89.9093076,1987-08-10,Dissolved oxygen,10.46,mg/L,
STEWARDS,ARS-MSGC-MSGC_WQ_2-5,,34.2366284,-89.9093076,1985-07-02,Dissolved oxygen,9.59,mg/L,
STEWARDS,ARS-MSGC-MSGC_WQ_2-5,,34.2366284,-89.9093076,1989-10-30,Dissolved oxygen,8.67,mg/L,
STEWARDS,ARS-MSGC-MSGC_WQ_2-5,,34.2366284,-89.9093076,1990-08-19,Dissolved oxygen,7.22,mg/L,
STEWARDS,ARS-MSGC-MSGC_WQ_2-5,,34.2366284,-89.9093076,1991-07-22,Dissolved oxygen,7.85,mg/L,
STEWARDS,ARS-MSGC-MSGC_WQ_2-5,,34.2366284,-89.9093076,1991-09-16,Dissolved oxygen,9.42,mg/L,
STEWARDS,ARS-MSGC-MSGC_WQ_2-5,,34.2366284,-89.9093076,1992-06-15,Dissolved oxygen,7.71,mg/L,
STEWARDS,ARS-MSGC-MSGC_WQ_2-5,,34.2366284,-89.9093076,1985-08-15,Dissolved oxygen,9.08,mg/L,
STEWARDS,ARS-MSGC-MSGC_WQ_2-5,,34.2366284,-89.9093076,1986-01-06,Dissolved oxygen,15.99,mg/L,
STEWARDS,ARS-MSGC-MSGC_WQ_2-5,,34.2366284,-89.9093076,1987-02-17,Dissolved oxygen,11.74,mg/L,
STEWARDS,ARS-MSGC-MSGC_WQ_2-5,,34.2366284,-89.9093076,1988-06-06,Dissolved oxygen,9.79,mg/L,
STEWARDS,ARS-MSGC-MSGC_WQ_2-5,,34.2366284,-89.9093076,1988-08-08,Dissolved oxygen,8.07,mg/L,
STEWARDS,ARS-MSGC-MSGC_WQ_2-5,,34.2366284,-89.9093076,1985-11-12,Dissolved oxygen,8.88,mg/L,
STEWARDS,ARS-MSGC-MSGC_WQ_2-5,,34.2366284,-89.9093076,1985-11-18,Dissolved oxygen,7.32,mg/L,
STEWARDS,ARS-MSGC-MSGC_WQ_2-5,,34.2366284,-89.9093076,1986-09-15,Dissolved oxygen,8.39,mg/L,
STEWARDS,ARS-MSGC-MSGC_WQ_2-5,,34.2366284,-89.9093076,1985-06-11,Dissolved oxygen,7.61,mg/L,
STEWARDS,ARS-MSGC-MSGC_WQ_2-5,,34.2366284,-89.9093076,1985-06-25,Dissolved oxygen,9.02,mg/L,
STEWARDS,ARS-MSGC-MSGC_WQ_2-5,,34.2366284,-89.9093076,1985-07-16,Dissolved oxygen,7.38,mg/L,
STEWARDS,ARS-MSGC-MSGC_WQ_2-5,,34.2366284,-89.9093076,1985-07-23,Dissolved oxygen,10.04,mg/L,
STEWARDS,ARS-MSGC-MSGC_WQ_2-5,,34.2366284,-89.9093076,1985-07-31,Dissolved oxygen,8.66,mg/L,
STEWARDS,ARS-MSGC-MSGC_WQ_2-5,,34.2366284,-89.9093076,1985-08-27,Dissolved oxygen,10.3,mg/L,
STEWARDS,ARS-MSGC-MSGC_WQ_2-5,,34.2366284,-89.9093076,1985-12-09,Dissolved oxygen,10.74,mg/L,
STEWARDS,ARS-MSGC-MSGC_WQ_2-5,,34.2366284,-89.9093076,1986-02-10,Dissolved oxygen,13.52,mg/L,
STEWARDS,ARS-MSGC-MSGC_WQ_2-5,,34.2366284,-89.9093076,1986-05-19,Dissolved oxygen,11.39,mg/L,
STEWARDS,ARS-MSGC-MSGC_WQ_2-5,,34.2366284,-89.9093076,1986-12-29,Dissolved oxygen,4.8,mg/L,
STEWARDS,ARS-MSGC-MSGC_WQ_2-5,,34.2366284,-89.9093076,1986-06-30,Dissolved oxygen,9.32,mg/L,
STEWARDS,ARS-MSGC-MSGC_WQ_2-5,,34.2366284,-89.9093076,1986-07-14,Dissolved oxygen,9.28,mg/L,
STEWARDS,ARS-MSGC-MSGC_WQ_2-5,,34.2366284,-89.9093076,1986-10-06,Dissolved oxygen,10.23,mg/L,
STEWARDS,ARS-MSGC-MSGC_WQ_2-5,,34.2366284,-89.9093076,1986-10-20,Dissolved oxygen,10.79,mg/L,
STEWARDS,ARS-MSGC-MSGC_WQ_2-5,,34.2366284,-89.9093076,1986-10-27,Dissolved oxygen,9.57,mg/L,
STEWARDS,ARS-MSGC-MSGC_WQ_2-5,,34.2366284,-89.9093076,1986-12-08,Dissolved oxygen,6.66,mg/L,
STEWARDS,ARS-MSGC-MSGC_WQ_2-5,,34.2366284,-89.9093076,1987-03-09,Dissolved oxygen,11.25,mg/L,
STEWARDS,ARS-MSGC-MSGC_WQ_2-5,,34.2366284,-89.9093076,1987-03-23,Dissolved oxygen,9.94,mg/L,
STEWARDS,ARS-MSGC-MSGC_WQ_2-5,,34.2366284,-89.9093076,1987-06-08,Dissolved oxygen,10.14,mg/L,
STEWARDS,ARS-MSGC-MSGC_WQ_2-5,,34.2366284,-89.9093076,1987-06-15,Dissolved oxygen,11.51,mg/L,
STEWARDS,ARS-MSGC-MSGC_WQ_2-5,,34.2366284,-89.9093076,1987-06-29,Dissolved oxygen,9.48,mg/L,
STEWARDS,ARS-MSGC-MSGC_WQ_2-5,,34.2366284,-89.9093076,1987-07-13,Dissolved oxygen,9.59,mg/L,
STEWARDS,ARS-MSGC-MSGC_WQ_2-5,,34.2366284,-89.9093076,1987-07-20,Dissolved oxygen,9.58,mg/L,
STEWARDS,ARS-MSGC-MSGC_WQ_2-5,,34.2366284,-89.9093076,1987-07-27,Dissolved oxygen,9.6,mg/L,
STEWARDS,ARS-MSGC-MSGC_WQ_2-5,,34.2366284,-89.9093076,1987-08-31,Dissolved oxygen,8.33,mg/L,
STEWARDS,ARS-MSGC-MSGC_WQ_2-5,,34.2366284,-89.9093076,1987-09-21,Dissolved oxygen,9.05,mg/L,
STEWARDS,ARS-MSGC-MSGC_WQ_2-5,,34.2366284,-89.9093076,1987-10-05,Dissolved oxygen,9.4,mg/L,
STEWARDS,ARS-MSGC-MSGC_WQ_2-5,,34.2366284,-89.9093076,1987-11-09,Dissolved oxygen,7.75,mg/L,
STEWARDS,ARS-MSGC-MSGC_WQ_2-5,,34.2366284,-89.9093076,1988-01-04,Dissolved oxygen,11.24,mg/L,
STEWARDS,ARS-MSGC-MSGC_WQ_2-5,,34.2366284,-89.9093076,1988-01-25,Dissolved oxygen,11.03,mg/L,
STEWARDS,ARS-MSGC-MSGC_WQ_2-5,,34.2366284,-89.9093076,1988-05-02,Dissolved oxygen,10.39,mg/L,
STEWARDS,ARS-MSGC-MSGC_WQ_2-5,,34.2366284,-89.9093076,1988-08-01,Dissolved oxygen,8.58,mg/L,
STEWARDS,ARS-MSGC-MSGC_WQ_2-5,,34.2366284,-89.9093076,1988-08-22,Dissolved oxygen,10.53,mg/L,
STEWARDS,ARS-MSGC-MSGC_WQ_2-5,,34.2366284,-89.9093076,1988-10-03,Dissolved oxygen,7.97,mg/L,
STEWARDS,ARS-MSGC-MSGC_WQ_2-5,,34.2366284,-89.9093076,1988-11-14,Dissolved oxygen,7.64,mg/L,
STEWARDS,ARS-MSGC-MSGC_WQ_2-5,,34.2366284,-89.9093076,1988-11-21,Dissolved oxygen,9.67,mg/L,
STEWARDS,ARS-MSGC-MSGC_WQ_2-5,,34.2366284,-89.9093076,1988-12-12,Dissolved oxygen,12.5,mg/L,
STEWARDS,ARS-MSGC-MSGC_WQ_2-5,,34.2366284,-89.9093076,1989-01-17,Dissolved oxygen,10.75,mg/L,
STEWARDS,ARS-MSGC-MSGC_WQ_2-5,,34.2366284,-89.9093076,1989-01-30,Dissolved oxygen,9.44,mg/L,
STEWARDS,ARS-MSGC-MSGC_WQ_2-5,,34.2366284,-89.9093076,1989-03-13,Dissolved oxygen,6.56,mg/L,
STEWARDS,ARS-MSGC-MSGC_WQ_2-5,,34.2366284,-89.9093076,1989-06-19,Dissolved oxygen,7.99,mg/L,
STEWARDS,ARS-MSGC-MSGC_WQ_2-5,,34.2366284,-89.9093076,1989-06-26,Dissolved oxygen,6.64,mg/L,
STEWARDS,ARS-MSGC-MSGC_WQ_2-5,,34.2366284,-89.9093076,1989-07-31,Dissolved oxygen,6.29,mg/L,
STEWARDS,ARS-MSGC-MSGC_WQ_2-5,,34.2366284,-89.9093076,1989-08-07,Dissolved oxygen,6.16,mg/L,
STEWARDS,ARS-MSGC-MSGC_WQ_2-5,,34.2366284,-89.9093076,1989-08-28,Dissolved oxygen,6.66,mg/L,
STEWARDS,ARS-MSGC-MSGC_WQ_2-5,,34.2366284,-89.9093076,1989-09-11,Dissolved oxygen,5.82,mg/L,
STEWARDS,ARS-MSGC-MSGC_WQ_2-5,,34.2366284,-89.9093076,1989-12-04,Dissolved oxygen,8.17,mg/L,
STEWARDS,ARS-MSGC-MSGC_WQ_2-5,,34.2366284,-89.9093076,1990-01-16,Dissolved oxygen,9.0,mg/L,
STEWARDS,ARS-MSGC-MSGC_WQ_2-5,,34.2366284,-89.9093076,1990-03-12,Dissolved oxygen,9.5,mg/L,
STEWARDS,ARS-MSGC-MSGC_WQ_2-5,,34.2366284,-89.9093076,1990-05-21,Dissolved oxygen,10.7,mg/L,
STEWARDS,ARS-MSGC-MSGC_WQ_2-5,,34.2366284,-89.9093076,1990-06-11,Dissolved oxygen,9.69,mg/L,
STEWARDS,ARS-MSGC-MSGC_WQ_2-5,,34.2366284,-89.9093076,1990-06-18,Dissolved oxygen,8.83,mg/L,
STEWARDS,ARS-MSGC-MSGC_WQ_2-5,,34.2366284,-89.9093076,1990-07-02,Dissolved oxygen,7.75,mg/L,
STEWARDS,ARS-MSGC-MSGC_WQ_2-5,,34.2366284,-89.9093076,1990-07-30,Dissolved oxygen,7.82,mg/L,
STEWARDS,ARS-MSGC-MSGC_WQ_2-5,,34.2366284,-89.9093076,1990-12-17,Dissolved oxygen,7.65,mg/L,
STEWARDS,ARS-MSGC-MSGC_WQ_2-5,,34.2366284,-89.9093076,1991-02-19,Dissolved oxygen,10.0,mg/L,
STEWARDS,ARS-MSGC-MSGC_WQ_2-5,,34.2366284,-89.9093076,1991-02-25,Dissolved oxygen,9.8,mg/L,
STEWARDS,ARS-MSGC-MSGC_WQ_2-5,,34.2366284,-89.9093076,1991-04-22,Dissolved oxygen,8.69,mg/L,
STEWARDS,ARS-MSGC-MSGC_WQ_2-5,,34.2366284,-89.9093076,1991-05-28,Dissolved oxygen,6.15,mg/L,
STEWARDS,ARS-MSGC-MSGC_WQ_2-5,,34.2366284,-89.9093076,1991-06-17,Dissolved oxygen,7.57,mg/L,
STEWARDS,ARS-MSGC-MSGC_WQ_2-5,,34.2366284,-89.9093076,1991-08-05,Dissolved oxygen,13.14,mg/L,
STEWARDS,ARS-MSGC-MSGC_WQ_2-5,,34.2366284,-89.9093076,1991-08-19,Dissolved oxygen,9.21,mg/L,
STEWARDS,ARS-MSGC-MSGC_WQ_2-5,,34.2366284,-89.9093076,1991-09-30,Dissolved oxygen,12.32,mg/L,
STEWARDS,ARS-MSGC-MSGC_WQ_2-5,,34.2366284,-89.9093076,1991-11-04,Dissolved oxygen,10.74,mg/L,
STEWARDS,ARS-MSGC-MSGC_WQ_2-5,,34.2366284,-89.9093076,1991-12-02,Dissolved oxygen,7.61,mg/L,
STEWARDS,ARS-MSGC-MSGC_WQ_2-5,,34.2366284,-89.9093076,1991-12-30,Dissolved oxygen,11.5,mg/L,
STEWARDS,ARS-MSGC-MSGC_WQ_2-5,,34.2366284,-89.9093076,1992-02-24,Dissolved oxygen,10.15,mg/L,
STEWARDS,ARS-MSGC-MSGC_WQ_2-5,,34.2366284,-89.9093076,1992-04-20,Dissolved oxygen,8.44,mg/L,
STEWARDS,ARS-MSGC-MSGC_WQ_2-5,,34.2366284,-89.9093076,1992-05-04,Dissolved oxygen,9.97,mg/L,
STEWARDS,ARS-MSGC-MSGC_WQ_2-5,,34.2366284,-89.9093076,1992-05-17,Dissolved oxygen,8.38,mg/L,
STEWARDS,ARS-MSGC-MSGC_WQ_2-5,,34.2366284,-89.9093076,1992-06-01,Dissolved oxygen,8.83,mg/L,
STEWARDS,ARS-MSGC-MSGC_WQ_2-5,,34.2366284,-89.9093076,1992-10-05,Dissolved oxygen,7.94,mg/L,
STEWARDS,ARS-MSGC-MSGC_WQ_2-5,,34.2366284,-89.9093076,1992-11-30,Dissolved oxygen,11.1,mg/L,
STEWARDS,ARS-MSGC-MSGC_WQ_2-5,,34.2366284,-89.9093076,1993-02-10,Dissolved oxygen,9.2,mg/L,
STEWARDS,ARS-MSGC-MSGC_WQ_2-5,,34.2366284,-89.9093076,1994-10-17,Dissolved oxygen,7.72,mg/L,
STEWARDS,ARS-MSGC-MSGC_WQ_2-5,,34.2366284,-89.9093076,1994-12-12,Dissolved oxygen,11.75,mg/L,
STEWARDS,ARS-MSGC-MSGC_WQ_2-5,,34.2366284,-89.9093076,1988-02-22,Dissolved oxygen,8.68,mg/L,
STEWARDS,ARS-MSGC-MSGC_WQ_2-5,,34.2366284,-89.9093076,1988-06-13,Dissolved oxygen,8.24,mg/L,
STEWARDS,ARS-MSGC-MSGC_WQ_2-5,,34.2366284,-89.9093076,1985-10-15,Dissolved oxygen,8.64,mg/L,
STEWARDS,ARS-MSGC-MSGC_WQ_2-5,,34.2366284,-89.9093076,1988-07-18,Dissolved oxygen,8.46,mg/L,
STEWARDS,ARS-MSGC-MSGC_WQ_2-5,,34.2366284,-89.9093076,1986-07-08,Dissolved oxygen,7.84,mg/L,
STEWARDS,ARS-MSGC-MSGC_WQ_2-5,,34.2366284,-89.9093076,1989-07-03,Dissolved oxygen,6.74,mg/L,
STEWARDS,ARS-MSGC-MSGC_WQ_2-5,,34.2366284,-89.9093076,1985-09-24,Dissolved oxygen,8.49,mg/L,
STEWARDS,ARS-MSGC-MSGC_WQ_2-5,,34.2366284,-89.9093076,1985-10-29,Dissolved oxygen,9.22,mg/L,
STEWARDS,ARS-MSGC-MSGC_WQ_2-5,,34.2366284,-89.9093076,1985-08-20,Dissolved oxygen,10.03,mg/L,
STEWARDS,ARS-MSGC-MSGC_WQ_2-5,,34.2366284,-89.9093076,1985-09-03,Dissolved oxygen,8.25,mg/L,
STEWARDS,ARS-MSGC-MSGC_WQ_2-5,,34.2366284,-89.9093076,1985-10-21,Dissolved oxygen,9.04,mg/L,
STEWARDS,ARS-MSGC-MSGC_WQ_2-5,,34.2366284,-89.9093076,1985-12-16,Dissolved oxygen,13.5,mg/L,
STEWARDS,ARS-MSGC-MSGC_WQ_2-5,,34.2366284,-89.9093076,1986-01-13,Dissolved oxygen,16.7,mg/L,
STEWARDS,ARS-MSGC-MSGC_WQ_2-5,,34.2366284,-89.9093076,1986-02-18,Dissolved oxygen,10.49,mg/L,
STEWARDS,ARS-MSGC-MSGC_WQ_2-5,,34.2366284,-89.9093076,1986-05-05,Dissolved oxygen,10.95,mg/L,
STEWARDS,ARS-MSGC-MSGC_WQ_2-5,,34.2366284,-89.9093076,1986-05-27,Dissolved oxygen,11.8,mg/L,
STEWARDS,ARS-MSGC-MSGC_WQ_2-5,,34.2366284,-89.9093076,1986-06-02,Dissolved oxygen,11.3,mg/L,
STEWARDS,ARS-MSGC-MSGC_WQ_2-5,,34.2366284,-89.9093076,1986-06-16,Dissolved oxygen,10.4,mg/L,
STEWARDS,ARS-MSGC-MSGC_WQ_2-5,,34.2366284,-89.9093076,1986-07-21,Dissolved oxygen,8.8,mg/L,
STEWARDS,ARS-MSGC-MSGC_WQ_2-5,,34.2366284,-89.9093076,1986-08-18,Dissolved oxygen,8.25,mg/L,
STEWARDS,ARS-MSGC-MSGC_WQ_2-5,,34.2366284,-89.9093076,1986-09-02,Dissolved oxygen,9.88,mg/L,
STEWARDS,ARS-MSGC-MSGC_WQ_2-5,,34.2366284,-89.9093076,1987-06-01,Dissolved oxygen,9.7,mg/L,
STEWARDS,ARS-MSGC-MSGC_WQ_2-5,,34.2366284,-89.9093076,1986-11-03,Dissolved oxygen,11.15,mg/L,
STEWARDS,ARS-MSGC-MSGC_WQ_2-5,,34.2366284,-89.9093076,1987-04-07,Dissolved oxygen,11.32,mg/L,
STEWARDS,ARS-MSGC-MSGC_WQ_2-5,,34.2366284,-89.9093076,1987-04-14,Dissolved oxygen,12.03,mg/L,
STEWARDS,ARS-MSGC-MSGC_WQ_2-5,,34.2366284,-89.9093076,1987-05-05,Dissolved oxygen,11.69,mg/L,
STEWARDS,ARS-MSGC-MSGC_WQ_2-5,,34.2366284,-89.9093076,1987-05-18,Dissolved oxygen,7.55,mg/L,
STEWARDS,ARS-MSGC-MSGC_WQ_2-5,,34.2366284,-89.9093076,1987-08-17,Dissolved oxygen,13.39,mg/L,
STEWARDS,ARS-MSGC-MSGC_WQ_2-5,,34.2366284,-89.9093076,1987-09-08,Dissolved oxygen,10.0,mg/L,
STEWARDS,ARS-MSGC-MSGC_WQ_2-5,,34.2366284,-89.9093076,1987-09-28,Dissolved oxygen,10.13,mg/L,
STEWARDS,ARS-MSGC-MSGC_WQ_2-5,,34.2366284,-89.9093076,1987-11-02,Dissolved oxygen,7.61,mg/L,
STEWARDS,ARS-MSGC-MSGC_WQ_2-5,,34.2366284,-89.9093076,1987-11-23,Dissolved oxygen,8.72,mg/L,
STEWARDS,ARS-MSGC-MSGC_WQ_2-5,,34.2366284,-89.9093076,1987-12-21,Dissolved oxygen,12.47,mg/L,
STEWARDS,ARS-MSGC-MSGC_WQ_2-5,,34.2366284,-89.9093076,1988-02-16,Dissolved oxygen,12.3,mg/L,
STEWARDS,ARS-MSGC-MSGC_WQ_2-5,,34.2366284,-89.9093076,1985-06-18,Dissolved oxygen,9.48,mg/L,
STEWARDS,ARS-MSGC-MSGC_WQ_2-5,,34.2366284,-89.9093076,1988-03-21,Dissolved oxygen,8.67,mg/L,
STEWARDS,ARS-MSGC-MSGC_WQ_2-5,,34.2366284,-89.9093076,1985-09-10,Dissolved oxygen,11.45,mg/L,
STEWARDS,ARS-MSGC-MSGC_WQ_2-5,,34.2366284,-89.9093076,1985-10-01,Dissolved oxygen,9.24,mg/L,
STEWARDS,ARS-MSGC-MSGC_WQ_2-5,,34.2366284,-89.9093076,1985-10-07,Dissolved oxygen,9.58,mg/L,
STEWARDS,ARS-MSGC-MSGC_WQ_2-5,,34.2366284,-89.9093076,1985-12-02,Dissolved oxygen,14.91,mg/L,
STEWARDS,ARS-MSGC-MSGC_WQ_2-5,,34.2366284,-89.9093076,1990-03-19,Dissolved oxygen,6.07,mg/L,
STEWARDS,ARS-MSGC-MSGC_WQ_2-5,,34.2366284,-89.9093076,1985-12-30,Dissolved oxygen,13.65,mg/L,
STEWARDS,ARS-MSGC-MSGC_WQ_2-5,,34.2366284,-89.9093076,1988-09-05,Dissolved oxygen,7.99,mg/L,
STEWARDS,ARS-MSGC-MSGC_WQ_2-5,,34.2366284,-89.9093076,1988-09-19,Dissolved oxygen,6.77,mg/L,
STEWARDS,ARS-MSGC-MSGC_WQ_2-5,,34.2366284,-89.9093076,1988-09-26,Dissolved oxygen,8.06,mg/L,
STEWARDS,ARS-MSGC-MSGC_WQ_2-5,,34.2366284,-89.9093076,1986-01-21,Dissolved oxygen,12.43,mg/L,
STEWARDS,ARS-MSGC-MSGC_WQ_2-5,,34.2366284,-89.9093076,1988-10-24,Dissolved oxygen,8.5,mg/L,
STEWARDS,ARS-MSGC-MSGC_WQ_2-5,,34.2366284,-89.9093076,1988-10-31,Dissolved oxygen,9.99,mg/L,
STEWARDS,ARS-MSGC-MSGC_WQ_2-5,,34.2366284,-89.9093076,1988-11-07,Dissolved oxygen,8.62,mg/L,
STEWARDS,ARS-MSGC-MSGC_WQ_2-5,,34.2366284,-89.9093076,1986-03-13,Dissolved oxygen,10.89,mg/L,
STEWARDS,ARS-MSGC-MSGC_WQ_2-5,,34.2366284,-89.9093076,1988-11-28,Dissolved oxygen,10.33,mg/L,
STEWARDS,ARS-MSGC-MSGC_WQ_2-5,,34.2366284,-89.9093076,1988-12-05,Dissolved oxygen,10.88,mg/L,
STEWARDS,ARS-MSGC-MSGC_WQ_2-5,,34.2366284,-89.9093076,1988-12-19,Dissolved oxygen,10.67,mg/L,
STEWARDS,ARS-MSGC-MSGC_WQ_2-5,,34.2366284,-89.9093076,1989-01-03,Dissolved oxygen,10.64,mg/L,
STEWARDS,ARS-MSGC-MSGC_WQ_2-5,,34.2366284,-89.9093076,1989-01-23,Dissolved oxygen,10.03,mg/L,
STEWARDS,ARS-MSGC-MSGC_WQ_2-5,,34.2366284,-89.9093076,1989-02-21,Dissolved oxygen,10.5,mg/L,
STEWARDS,ARS-MSGC-MSGC_WQ_2-5,,34.2366284,-89.9093076,1989-04-03,Dissolved oxygen,7.84,mg/L,
STEWARDS,ARS-MSGC-MSGC_WQ_2-5,,34.2366284,-89.9093076,1987-09-14,Dissolved oxygen,9.17,mg/L,
STEWARDS,ARS-MSGC-MSGC_WQ_2-5,,34.2366284,-89.9093076,1986-07-28,Dissolved oxygen,9.03,mg/L,
STEWARDS,ARS-MSGC-MSGC_WQ_2-5,,34.2366284,-89.9093076,1989-04-10,Dissolved oxygen,10.96,mg/L,
STEWARDS,ARS-MSGC-MSGC_WQ_2-5,,34.2366284,-89.9093076,1986-08-04,Dissolved oxygen,10.37,mg/L,
STEWARDS,ARS-MSGC-MSGC_WQ_2-5,,34.2366284,-89.9093076,1986-08-11,Dissolved oxygen,8.33,mg/L,
STEWARDS,ARS-MSGC-MSGC_WQ_2-5,,34.2366284,-89.9093076,1989-04-24,Dissolved oxygen,9.7,mg/L,
STEWARDS,ARS-MSGC-MSGC_WQ_2-5,,34.2366284,-89.9093076,1986-08-25,Dissolved oxygen,8.91,mg/L,
STEWARDS,ARS-MSGC-MSGC_WQ_2-5,,34.2366284,-89.9093076,1989-05-15,Dissolved oxygen,8.52,mg/L,
STEWARDS,ARS-MSGC-MSGC_WQ_2-5,,34.2366284,-89.9093076,1986-09-22,Dissolved oxygen,6.89,mg/L,
STEWARDS,ARS-MSGC-MSGC_WQ_2-5,,34.2366284,-89.9093076,1986-09-29,Dissolved oxygen,6.37,mg/L,
STEWARDS,ARS-MSGC-MSGC_WQ_2-5,,34.2366284,-89.9093076,1986-11-17,Dissolved oxygen,10.12,mg/L,
STEWARDS,ARS-MSGC-MSGC_WQ_2-5,,34.2366284,-89.9093076,1989-07-17,Dissolved oxygen,6.06,mg/L,
STEWARDS,ARS-MSGC-MSGC_WQ_2-5,,34.2366284,-89.9093076,1986-12-15,Dissolved oxygen,11.09,mg/L,
STEWARDS,ARS-MSGC-MSGC_WQ_2-5,,34.2366284,-89.9093076,1986-12-22,Dissolved oxygen,16.29,mg/L,
STEWARDS,ARS-MSGC-MSGC_WQ_2-5,,34.2366284,-89.9093076,1987-01-12,Dissolved oxygen,13.8,mg/L,
STEWARDS,ARS-MSGC-MSGC_WQ_2-5,,34.2366284,-89.9093076,1990-10-01,Dissolved oxygen,9.24,mg/L,
STEWARDS,ARS-MSGC-MSGC_WQ_2-5,,34.2366284,-89.9093076,1989-09-05,Dissolved oxygen,5.92,mg/L,
STEWARDS,ARS-MSGC-MSGC_WQ_2-5,,34.2366284,-89.9093076,1987-03-30,Dissolved oxygen,12.68,mg/L,
STEWARDS,ARS-MSGC-MSGC_WQ_2-5,,34.2366284,-89.9093076,1989-11-06,Dissolved oxygen,7.68,mg/L,
STEWARDS,ARS-MSGC-MSGC_WQ_2-5,,34.2366284,-89.9093076,1987-04-20,Dissolved oxygen,11.5,mg/L,
STEWARDS,ARS-MSGC-MSGC_WQ_2-5,,34.2366284,-89.9093076,1987-04-27,Dissolved oxygen,10.08,mg/L,
STEWARDS,ARS-MSGC-MSGC_WQ_2-5,,34.2366284,-89.9093076,1987-05-11,Dissolved oxygen,9.9,mg/L,
STEWARDS,ARS-MSGC-MSGC_WQ_2-5,,34.2366284,-89.9093076,1987-05-26,Dissolved oxygen,8.02,mg/L,
STEWARDS,ARS-MSGC-MSGC_WQ_2-5,,34.2366284,-89.9093076,1990-01-02,Dissolved oxygen,7.99,mg/L,
STEWARDS,ARS-MSGC-MSGC_WQ_2-5,,34.2366284,-89.9093076,1990-03-05,Dissolved oxygen,8.77,mg/L,
STEWARDS,ARS-MSGC-MSGC_WQ_2-5,,34.2366284,-89.9093076,1990-11-26,Dissolved oxygen,8.3,mg/L,
STEWARDS,ARS-MSGC-MSGC_WQ_2-5,,34.2366284,-89.9093076,1987-08-03,Dissolved oxygen,7.65,mg/L,
STEWARDS,ARS-MSGC-MSGC_WQ_2-5,,34.2366284,-89.9093076,1990-03-26,Dissolved oxygen,7.9,mg/L,
STEWARDS,ARS-MSGC-MSGC_WQ_2-5,,34.2366284,-89.9093076,1990-04-02,Dissolved oxygen,11.34,mg/L,
STEWARDS,ARS-MSGC-MSGC_WQ_2-5,,34.2366284,-89.9093076,1991-03-26,Dissolved oxygen,3.97,mg/L,
STEWARDS,ARS-MSGC-MSGC_WQ_2-5,,34.2366284,-89.9093076,1990-04-30,Dissolved oxygen,8.6,mg/L,
STEWARDS,ARS-MSGC-MSGC_WQ_2-5,,34.2366284,-89.9093076,1990-06-04,Dissolved oxygen,10.87,mg/L,
STEWARDS,ARS-MSGC-MSGC_WQ_2-5,,34.2366284,-89.9093076,1990-06-25,Dissolved oxygen,9.02,mg/L,
STEWARDS,ARS-MSGC-MSGC_WQ_2-5,,34.2366284,-89.9093076,1990-07-09,Dissolved oxygen,9.81,mg/L,
STEWARDS,ARS-MSGC-MSGC_WQ_2-5,,34.2366284,-89.9093076,1990-07-23,Dissolved oxygen,8.07,mg/L,
STEWARDS,ARS-MSGC-MSGC_WQ_2-5,,34.2366284,-89.9093076,1990-08-06,Dissolved oxygen,9.73,mg/L,
STEWARDS,ARS-MSGC-MSGC_WQ_2-5,,34.2366284,-89.9093076,1991-04-29,Dissolved oxygen,8.09,mg/L,
STEWARDS,ARS-MSGC-MSGC_WQ_2-5,,34.2366284,-89.9093076,1987-12-28,Dissolved oxygen,10.57,mg/L,
STEWARDS,ARS-MSGC-MSGC_WQ_2-5,,34.2366284,-89.9093076,1990-09-10,Dissolved oxygen,9.26,mg/L,
STEWARDS,ARS-MSGC-MSGC_WQ_2-5,,34.2366284,-89.9093076,1988-01-19,Dissolved oxygen,7.2,mg/L,
STEWARDS,ARS-MSGC-MSGC_WQ_2-5,,34.2366284,-89.9093076,1990-09-24,Dissolved oxygen,7.97,mg/L,
STEWARDS,ARS-MSGC-MSGC_WQ_2-5,,34.2366284,-89.9093076,1988-02-01,Dissolved oxygen,8.56,mg/L,
STEWARDS,ARS-MSGC-MSGC_WQ_2-5,,34.2366284,-89.9093076,1988-02-08,Dissolved oxygen,12.69,mg/L,
STEWARDS,ARS-MSGC-MSGC_WQ_2-5,,34.2366284,-89.9093076,1990-11-19,Dissolved oxygen,8.84,mg/L,
STEWARDS,ARS-MSGC-MSGC_WQ_2-5,,34.2366284,-89.9093076,1988-03-14,Dissolved oxygen,11.09,mg/L,
STEWARDS,ARS-MSGC-MSGC_WQ_2-5,,34.2366284,-89.9093076,1990-12-03,Dissolved oxygen,7.45,mg/L,
STEWARDS,ARS-MSGC-MSGC_WQ_2-5,,34.2366284,-89.9093076,1988-03-28,Dissolved oxygen,12.51,mg/L,
STEWARDS,ARS-MSGC-MSGC_WQ_2-5,,34.2366284,-89.9093076,1988-04-11,Dissolved oxygen,10.48,mg/L,
STEWARDS,ARS-MSGC-MSGC_WQ_2-5,,34.2366284,-89.9093076,1991-01-07,Dissolved oxygen,11.22,mg/L,
STEWARDS,ARS-MSGC-MSGC_WQ_2-5,,34.2366284,-89.9093076,1988-04-18,Dissolved oxygen,7.99,mg/L,
STEWARDS,ARS-MSGC-MSGC_WQ_2-5,,34.2366284,-89.9093076,1991-01-21,Dissolved oxygen,10.72,mg/L,
STEWARDS,ARS-MSGC-MSGC_WQ_2-5,,34.2366284,-89.9093076,1988-04-25,Dissolved oxygen,11.47,mg/L,
STEWARDS,ARS-MSGC-MSGC_WQ_2-5,,34.2366284,-89.9093076,1988-05-09,Dissolved oxygen,8.53,mg/L,
STEWARDS,ARS-MSGC-MSGC_WQ_2-5,,34.2366284,-89.9093076,1988-05-16,Dissolved oxygen,7.5,mg/L,
STEWARDS,ARS-MSGC-MSGC_WQ_2-5,,34.2366284,-89.9093076,1988-05-23,Dissolved oxygen,9.14,mg/L,
STEWARDS,ARS-MSGC-MSGC_WQ_2-5,,34.2366284,-89.9093076,1988-06-20,Dissolved oxygen,8.54,mg/L,
STEWARDS,ARS-MSGC-MSGC_WQ_2-5,,34.2366284,-89.9093076,1991-03-06,Dissolved oxygen,9.6,mg/L,
STEWARDS,ARS-MSGC-MSGC_WQ_2-5,,34.2366284,-89.9093076,1991-03-11,Dissolved oxygen,9.12,mg/L,
STEWARDS,ARS-MSGC-MSGC_WQ_2-5,,34.2366284,-89.9093076,1988-06-27,Dissolved oxygen,9.09,mg/L,
STEWARDS,ARS-MSGC-MSGC_WQ_2-5,,34.2366284,-89.9093076,1988-07-11,Dissolved oxygen,8.33,mg/L,
STEWARDS,ARS-MSGC-MSGC_WQ_2-5,,34.2366284,-89.9093076,1991-05-06,Dissolved oxygen,8.15,mg/L,
STEWARDS,ARS-MSGC-MSGC_WQ_2-5,,34.2366284,-89.9093076,1991-06-03,Dissolved oxygen,7.95,mg/L,
STEWARDS,ARS-MSGC-MSGC_WQ_2-5,,34.2366284,-89.9093076,1988-07-25,Dissolved oxygen,8.38,mg/L,
STEWARDS,ARS-MSGC-MSGC_WQ_2-5,,34.2366284,-89.9093076,1988-08-15,Dissolved oxygen,8.56,mg/L,
STEWARDS,ARS-MSGC-MSGC_WQ_2-5,,34.2366284,-89.9093076,1988-08-29,Dissolved oxygen,7.84,mg/L,
STEWARDS,ARS-MSGC-MSGC_WQ_2-5,,34.2366284,-89.9093076,1988-09-12,Dissolved oxygen,7.16,mg/L,
STEWARDS,ARS-MSGC-MSGC_WQ_2-5,,34.2366284,-89.9093076,1988-12-28,Dissolved oxygen,10.54,mg/L,
STEWARDS,ARS-MSGC-MSGC_WQ_2-5,,34.2366284,-89.9093076,1991-10-21,Dissolved oxygen,9.68,mg/L,
STEWARDS,ARS-MSGC-MSGC_WQ_2-5,,34.2366284,-89.9093076,1989-01-09,Dissolved oxygen,12.55,mg/L,
STEWARDS,ARS-MSGC-MSGC_WQ_2-5,,34.2366284,-89.9093076,1989-02-08,Dissolved oxygen,12.84,mg/L,
STEWARDS,ARS-MSGC-MSGC_WQ_2-5,,34.2366284,-89.9093076,1989-02-13,Dissolved oxygen,8.4,mg/L,
STEWARDS,ARS-MSGC-MSGC_WQ_2-5,,34.2366284,-89.9093076,1989-02-27,Dissolved oxygen,11.43,mg/L,
STEWARDS,ARS-MSGC-MSGC_WQ_2-5,,34.2366284,-89.9093076,1992-02-10,Dissolved oxygen,12.52,mg/L,
STEWARDS,ARS-MSGC-MSGC_WQ_2-5,,34.2366284,-89.9093076,1992-03-23,Dissolved oxygen,13.01,mg/L,
STEWARDS,ARS-MSGC-MSGC_WQ_2-5,,34.2366284,-89.9093076,1990-11-13,Dissolved oxygen,9.8,mg/L,
STEWARDS,ARS-MSGC-MSGC_WQ_2-5,,34.2366284,-89.9093076,1989-03-27,Dissolved oxygen,9.02,mg/L,
STEWARDS,ARS-MSGC-MSGC_WQ_2-5,,34.2366284,-89.9093076,1990-12-27,Dissolved oxygen,9.9,mg/L,
STEWARDS,ARS-MSGC-MSGC_WQ_2-5,,34.2366284,-89.9093076,1989-04-17,Dissolved oxygen,10.32,mg/L,
STEWARDS,ARS-MSGC-MSGC_WQ_2-5,,34.2366284,-89.9093076,1992-06-29,Dissolved oxygen,5.65,mg/L,
STEWARDS,ARS-MSGC-MSGC_WQ_2-5,,34.2366284,-89.9093076,1992-07-27,Dissolved oxygen,10.1,mg/L,
STEWARDS,ARS-MSGC-MSGC_WQ_2-5,,34.2366284,-89.9093076,1991-01-14,Dissolved oxygen,10.47,mg/L,
STEWARDS,ARS-MSGC-MSGC_WQ_2-5,,34.2366284,-89.9093076,1989-05-22,Dissolved oxygen,8.29,mg/L,
STEWARDS,ARS-MSGC-MSGC_WQ_2-5,,34.2366284,-89.9093076,1992-08-25,Dissolved oxygen,8.08,mg/L,
STEWARDS,ARS-MSGC-MSGC_WQ_2-5,,34.2366284,-89.9093076,1989-06-12,Dissolved oxygen,8.23,mg/L,
STEWARDS,ARS-MSGC-MSGC_WQ_2-5,,34.2366284,-89.9093076,1992-09-08,Dissolved oxygen,4.5,mg/L,
STEWARDS,ARS-MSGC-MSGC_WQ_2-5,,34.2366284,-89.9093076,1989-07-24,Dissolved oxygen,6.07,mg/L,
STEWARDS,ARS-MSGC-MSGC_WQ_2-5,,34.2366284,-89.9093076,1989-08-14,Dissolved oxygen,6.86,mg/L,
STEWARDS,ARS-MSGC-MSGC_WQ_2-5,,34.2366284,-89.9093076,1992-12-14,Dissolved oxygen,10.42,mg/L,
STEWARDS,ARS-MSGC-MSGC_WQ_2-5,,34.2366284,-89.9093076,1989-10-02,Dissolved oxygen,5.27,mg/L,
STEWARDS,ARS-MSGC-MSGC_WQ_2-5,,34.2366284,-89.9093076,1989-10-10,Dissolved oxygen,6.96,mg/L,
STEWARDS,ARS-MSGC-MSGC_WQ_2-5,,34.2366284,-89.9093076,1989-10-16,Dissolved oxygen,7.05,mg/L,
STEWARDS,ARS-MSGC-MSGC_WQ_2-5,,34.2366284,-89.9093076,1989-12-27,Dissolved oxygen,9.2,mg/L,
STEWARDS,ARS-MSGC-MSGC_WQ_2-5,,34.2366284,-89.9093076,1990-01-09,Dissolved oxygen,8.8,mg/L,
STEWARDS,ARS-MSGC-MSGC_WQ_2-5,,34.2366284,-89.9093076,1990-02-05,Dissolved oxygen,9.06,mg/L,
STEWARDS,ARS-MSGC-MSGC_WQ_2-5,,34.2366284,-89.9093076,1990-02-12,Dissolved oxygen,8.12,mg/L,
STEWARDS,ARS-MSGC-MSGC_WQ_2-5,,34.2366284,-89.9093076,1990-05-29,Dissolved oxygen,8.71,mg/L,
STEWARDS,ARS-MSGC-MSGC_WQ_2-5,,34.2366284,-89.9093076,1990-07-16,Dissolved oxygen,8.01,mg/L,
STEWARDS,ARS-MSGC-MSGC_WQ_2-5,,34.2366284,-89.9093076,1990-08-27,Dissolved oxygen,7.65,mg/L,
STEWARDS,ARS-MSGC-MSGC_WQ_2-5,,34.2366284,-89.9093076,1990-09-04,Dissolved oxygen,9.33,mg/L,
STEWARDS,ARS-MSGC-MSGC_WQ_2-5,,34.2366284,-89.9093076,1990-10-15,Dissolved oxygen,8.95,mg/L,
STEWARDS,ARS-MSGC-MSGC_WQ_2-5,,34.2366284,-89.9093076,1990-10-29,Dissolved oxygen,9.49,mg/L,
STEWARDS,ARS-MSGC-MSGC_WQ_2-5,,34.2366284,-89.9093076,1990-12-10,Dissolved oxygen,8.2,mg/L,
STEWARDS,ARS-MSGC-MSGC_WQ_2-5,,34.2366284,-89.9093076,1991-02-11,Dissolved oxygen,9.41,mg/L,
STEWARDS,ARS-MSGC-MSGC_WQ_2-5,,34.2366284,-89.9093076,1991-05-13,Dissolved oxygen,7.27,mg/L,
STEWARDS,ARS-MSGC-MSGC_WQ_2-5,,34.2366284,-89.9093076,1991-06-24,Dissolved oxygen,6.46,mg/L,
STEWARDS,ARS-MSGC-MSGC_WQ_2-5,,34.2366284,-89.9093076,1991-09-03,Dissolved oxygen,9.28,mg/L,
STEWARDS,ARS-MSGC-MSGC_WQ_2-5,,34.2366284,-89.9093076,1992-01-13,Dissolved oxygen,10.48,mg/L,
STEWARDS,ARS-MSGC-MSGC_WQ_2-5,,34.2366284,-89.9093076,1992-01-27,Dissolved oxygen,11.88,mg/L,
STEWARDS,ARS-MSGC-MSGC_WQ_2-5,,34.2366284,-89.9093076,1992-04-06,Dissolved oxygen,10.81,mg/L,
STEWARDS,ARS-MSGC-MSGC_WQ_2-5,,34.2366284,-89.9093076,1993-03-22,Dissolved oxygen,9.2,mg/L,
STEWARDS,ARS-MSGC-MSGC_WQ_2-5,,34.2366284,-89.9093076,1992-07-13,Dissolved oxygen,6.88,mg/L,
STEWARDS,ARS-MSGC-MSGC_WQ_2-5,,34.2366284,-89.9093076,1993-04-05,Dissolved oxygen,9.7,mg/L,
STEWARDS,ARS-MSGC-MSGC_WQ_2-5,,34.2366284,-89.9093076,1992-08-10,Dissolved oxygen,7.6,mg/L,
STEWARDS,ARS-MSGC-MSGC_WQ_2-5,,34.2366284,-89.9093076,1992-09-22,Dissolved oxygen,9.4,mg/L,
STEWARDS,ARS-MSGC-MSGC_WQ_2-5,,34.2366284,-89.9093076,1994-10-31,Dissolved oxygen,7.51,mg/L,
STEWARDS,ARS-MSGC-MSGC_WQ_2-5,,34.2366284,-89.9093076,1993-01-11,Dissolved oxygen,13.1,mg/L,
STEWARDS,ARS-MSGC-MSGC_WQ_2-5,,34.2366284,-89.9093076,1993-01-22,Dissolved oxygen,8.2,mg/L,
STEWARDS,ARS-MSGC-MSGC_WQ_2-5,,34.2366284,-89.9093076,1993-04-19,Dissolved oxygen,7.6,mg/L,
STEWARDS,ARS-MSGC-MSGC_WQ_2-5,,34.2366284,-89.9093076,1993-05-03,Dissolved oxygen,8.2,mg/L,
STEWARDS,ARS-MSGC-MSGC_WQ_2-5,,34.2366284,-89.9093076,1993-06-14,Dissolved oxygen,9.7,mg/L,
STEWARDS,ARS-MSGC-MSGC_WQ_2-5,,34.2366284,-89.9093076,1994-10-03,Dissolved oxygen,8.54,mg/L,
STEWARDS,ARS-MSGC-MSGC_WQ_2-5,,34.2366284,-89.9093076,1994-11-14,Dissolved oxygen,7.2,mg/L,
STEWARDS,ARS-MSGC-MSGC_WQ_2-5,,34.2366284,-89.9093076,1994-11-28,Dissolved oxygen,9.03,mg/L,
STEWARDS,ARS-MSGC-MSGC_WQ_2-5,,34.2366284,-89.9093076,1994-12-27,Dissolved oxygen,11.59,mg/L,
STEWARDS,ARS-MSGC-MSGC_WQ_2-5,,34.2366284,-89.9093076,1985-04-02,Dissolved oxygen,9.93,mg/L,
STEWARDS,ARS-MSGC-MSGC_WQ_2-5,,34.2366284,-89.9093076,1985-07-08,Dissolved oxygen,9.9,mg/L,
STEWARDS,ARS-MSGC-MSGC_WQ_2-5,,34.2366284,-89.9093076,1985-08-06,Dissolved oxygen,10.42,mg/L,
STEWARDS,ARS-MSGC-MSGC_WQ_2-5,,34.2366284,-89.9093076,1985-09-17,Dissolved oxygen,11.82,mg/L,
STEWARDS,ARS-MSGC-MSGC_WQ_2-5,,34.2366284,-89.9093076,1985-11-04,Dissolved oxygen,10.72,mg/L,
STEWARDS,ARS-MSGC-MSGC_WQ_2-5,,34.2366284,-89.9093076,1985-11-25,Dissolved oxygen,10.0,mg/L,
STEWARDS,ARS-MSGC-MSGC_WQ_2-5,,34.2366284,-89.9093076,1985-12-23,Dissolved oxygen,10.94,mg/L,
STEWARDS,ARS-MSGC-MSGC_WQ_2-5,,34.2366284,-89.9093076,1986-03-17,Dissolved oxygen,13.04,mg/L,
STEWARDS,ARS-MSGC-MSGC_WQ_2-5,,34.2366284,-89.9093076,1986-04-07,Dissolved oxygen,11.16,mg/L,
STEWARDS,ARS-MSGC-MSGC_WQ_2-5,,34.2366284,-89.9093076,1986-04-14,Dissolved oxygen,10.77,mg/L,
STEWARDS,ARS-MSGC-MSGC_WQ_2-5,,34.2366284,-89.9093076,1986-05-12,Dissolved oxygen,8.65,mg/L,
STEWARDS,ARS-MSGC-MSGC_WQ_2-5,,34.2366284,-89.9093076,1986-06-09,Dissolved oxygen,8.55,mg/L,
STEWARDS,ARS-MSGC-MSGC_WQ_2-5,,34.2366284,-89.9093076,1986-11-10,Dissolved oxygen,12.21,mg/L,
STEWARDS,ARS-MSGC-MSGC_WQ_2-5,,34.2366284,-89.9093076,1986-09-08,Dissolved oxygen,10.7,mg/L,
STEWARDS,ARS-MSGC-MSGC_WQ_2-5,,34.2366284,-89.9093076,1986-12-01,Dissolved oxygen,11.03,mg/L,
STEWARDS,ARS-MSGC-MSGC_WQ_2-5,,34.2366284,-89.9093076,1986-10-14,Dissolved oxygen,12.12,mg/L,
STEWARDS,ARS-MSGC-MSGC_WQ_2-5,,34.2366284,-89.9093076,1986-11-24,Dissolved oxygen,12.53,mg/L,
STEWARDS,ARS-MSGC-MSGC_WQ_2-5,,34.2366284,-89.9093076,1987-02-02,Dissolved oxygen,11.65,mg/L,
STEWARDS,ARS-MSGC-MSGC_WQ_2-5,,34.2366284,-89.9093076,1987-03-16,Dissolved oxygen,11.3,mg/L,
STEWARDS,ARS-MSGC-MSGC_WQ_2-5,,34.2366284,-89.9093076,1987-07-06,Dissolved oxygen,6.85,mg/L,
STEWARDS,ARS-MSGC-MSGC_WQ_2-5,,34.2366284,-89.9093076,1987-08-24,Dissolved oxygen,9.32,mg/L,
STEWARDS,ARS-MSGC-MSGC_WQ_2-5,,34.2366284,-89.9093076,1987-10-13,Dissolved oxygen,7.91,mg/L,
STEWARDS,ARS-MSGC-MSGC_WQ_2-5,,34.2366284,-89.9093076,1987-10-19,Dissolved oxygen,6.4,mg/L,
STEWARDS,ARS-MSGC-MSGC_WQ_2-5,,34.2366284,-89.9093076,1987-10-26,Dissolved oxygen,9.82,mg/L,
STEWARDS,ARS-MSGC-MSGC_WQ_2-5,,34.2366284,-89.9093076,1987-11-17,Dissolved oxygen,7.98,mg/L,
STEWARDS,ARS-MSGC-MSGC_WQ_2-5,,34.2366284,-89.9093076,1987-11-30,Dissolved oxygen,8.32,mg/L,
STEWARDS,ARS-MSGC-MSGC_WQ_2-5,,34.2366284,-89.9093076,1987-12-07,Dissolved oxygen,8.82,mg/L,
STEWARDS,ARS-MSGC-MSGC_WQ_2-5,,34.2366284,-89.9093076,1987-12-14,Dissolved oxygen,9.03,mg/L,
STEWARDS,ARS-MSGC-MSGC_WQ_2-5,,34.2366284,-89.9093076,1988-01-12,Dissolved oxygen,9.26,mg/L,
STEWARDS,ARS-MSGC-MSGC_WQ_2-5,,34.2366284,-89.9093076,1988-02-29,Dissolved oxygen,10.67,mg/L,
STEWARDS,ARS-MSGC-MSGC_WQ_2-5,,34.2366284,-89.9093076,1988-03-07,Dissolved oxygen,9.46,mg/L,
STEWARDS,ARS-MSGC-MSGC_WQ_2-5,,34.2366284,-89.9093076,1988-04-04,Dissolved oxygen,9.76,mg/L,
STEWARDS,ARS-MSGC-MSGC_WQ_2-5,,34.2366284,-89.9093076,1988-05-31,Dissolved oxygen,8.72,mg/L,
STEWARDS,ARS-MSGC-MSGC_WQ_2-5,,34.2366284,-89.9093076,1988-07-05,Dissolved oxygen,8.39,mg/L,
STEWARDS,ARS-MSGC-MSGC_WQ_2-5,,34.2366284,-89.9093076,1988-10-17,Dissolved oxygen,8.57,mg/L,
STEWARDS,ARS-MSGC-MSGC_WQ_2-5,,34.2366284,-89.9093076,1989-03-06,Dissolved oxygen,11.32,mg/L,
STEWARDS,ARS-MSGC-MSGC_WQ_2-5,,34.2366284,-89.9093076,1989-03-20,Dissolved oxygen,9.44,mg/L,
STEWARDS,ARS-MSGC-MSGC_WQ_2-5,,34.2366284,-89.9093076,1989-05-01,Dissolved oxygen,9.55,mg/L,
STEWARDS,ARS-MSGC-MSGC_WQ_2-5,,34.2366284,-89.9093076,1989-05-08,Dissolved oxygen,9.19,mg/L,
STEWARDS,ARS-MSGC-MSGC_WQ_2-5,,34.2366284,-89.9093076,1989-05-30,Dissolved oxygen,10.4,mg/L,
STEWARDS,ARS-MSGC-MSGC_WQ_2-5,,34.2366284,-89.9093076,1989-06-05,Dissolved oxygen,8.29,mg/L,
STEWARDS,ARS-MSGC-MSGC_WQ_2-5,,34.2366284,-89.9093076,1989-07-10,Dissolved oxygen,5.91,mg/L,
STEWARDS,ARS-MSGC-MSGC_WQ_2-5,,34.2366284,-89.9093076,1989-08-21,Dissolved oxygen,7.37,mg/L,
STEWARDS,ARS-MSGC-MSGC_WQ_2-5,,34.2366284,-89.9093076,1990-02-20,Dissolved oxygen,9.84,mg/L,
STEWARDS,ARS-MSGC-MSGC_WQ_2-5,,34.2366284,-89.9093076,1990-10-09,Dissolved oxygen,8.03,mg/L,
STEWARDS,ARS-MSGC-MSGC_WQ_2-5,,34.2366284,-89.9093076,1991-07-08,Dissolved oxygen,8.38,mg/L,
STEWARDS,ARS-MSGC-MSGC_WQ_2-5,,34.2366284,-89.9093076,1989-10-23,Dissolved oxygen,10.15,mg/L,
STEWARDS,ARS-MSGC-MSGC_WQ_2-5,,34.2366284,-89.9093076,1989-11-13,Dissolved oxygen,6.96,mg/L,
STEWARDS,ARS-MSGC-MSGC_WQ_2-5,,34.2366284,-89.9093076,1989-11-20,Dissolved oxygen,7.28,mg/L,
STEWARDS,ARS-MSGC-MSGC_WQ_2-5,,34.2366284,-89.9093076,1989-11-27,Dissolved oxygen,6.06,mg/L,
STEWARDS,ARS-MSGC-MSGC_WQ_2-5,,34.2366284,-89.9093076,1989-12-11,Dissolved oxygen,7.65,mg/L,
STEWARDS,ARS-MSGC-MSGC_WQ_2-5,,34.2366284,-89.9093076,1989-12-18,Dissolved oxygen,8.7,mg/L,
STEWARDS,ARS-MSGC-MSGC_WQ_2-5,,34.2366284,-89.9093076,1990-01-22,Dissolved oxygen,8.53,mg/L,
STEWARDS,ARS-MSGC-MSGC_WQ_2-5,,34.2366284,-89.9093076,1990-01-29,Dissolved oxygen,9.01,mg/L,
STEWARDS,ARS-MSGC-MSGC_WQ_2-5,,34.2366284,-89.9093076,1990-02-26,Dissolved oxygen,8.68,mg/L,
STEWARDS,ARS-MSGC-MSGC_WQ_2-5,,34.2366284,-89.9093076,1990-04-09,Dissolved oxygen,9.7,mg/L,
STEWARDS,ARS-MSGC-MSGC_WQ_2-5,,34.2366284,-89.9093076,1990-04-16,Dissolved oxygen,10.04,mg/L,
STEWARDS,ARS-MSGC-MSGC_WQ_2-5,,34.2366284,-89.9093076,1990-05-07,Dissolved oxygen,11.8,mg/L,
STEWARDS,ARS-MSGC-MSGC_WQ_2-5,,34.2366284,-89.9093076,1990-05-14,Dissolved oxygen,9.35,mg/L,
STEWARDS,ARS-MSGC-MSGC_WQ_2-5,,34.2366284,-89.9093076,1990-08-13,Dissolved oxygen,8.54,mg/L,
STEWARDS,ARS-MSGC-MSGC_WQ_2-5,,34.2366284,-89.9093076,1990-09-17,Dissolved oxygen,6.55,mg/L,
STEWARDS,ARS-MSGC-MSGC_WQ_2-5,,34.2366284,-89.9093076,1990-10-22,Dissolved oxygen,9.8,mg/L,
STEWARDS,ARS-MSGC-MSGC_WQ_2-5,,34.2366284,-89.9093076,1990-11-05,Dissolved oxygen,10.91,mg/L,
STEWARDS,ARS-MSGC-MSGC_WQ_2-5,,34.2366284,-89.9093076,1991-01-02,Dissolved oxygen,10.38,mg/L,
STEWARDS,ARS-MSGC-MSGC_WQ_2-5,,34.2366284,-89.9093076,1991-01-28,Dissolved oxygen,8.8,mg/L,
STEWARDS,ARS-MSGC-MSGC_WQ_2-5,,34.2366284,-89.9093076,1991-02-04,Dissolved oxygen,8.31,mg/L,
STEWARDS,ARS-MSGC-MSGC_WQ_2-5,,34.2366284,-89.9093076,1991-03-18,Dissolved oxygen,9.06,mg/L,
STEWARDS,ARS-MSGC-MSGC_WQ_2-5,,34.2366284,-89.9093076,1991-04-15,Dissolved oxygen,7.41,mg/L,
STEWARDS,ARS-MSGC-MSGC_WQ_2-5,,34.2366284,-89.9093076,1991-05-20,Dissolved oxygen,7.16,mg/L,
STEWARDS,ARS-MSGC-MSGC_WQ_2-5,,34.2366284,-89.9093076,1991-06-10,Dissolved oxygen,7.5,mg/L,
STEWARDS,ARS-MSGC-MSGC_WQ_2-5,,34.2366284,-89.9093076,1991-10-07,Dissolved oxygen,9.94,mg/L,
STEWARDS,ARS-MSGC-MSGC_WQ_2-5,,34.2366284,-89.9093076,1991-11-18,Dissolved oxygen,7.75,mg/L,
STEWARDS,ARS-MSGC-MSGC_WQ_2-5,,34.2366284,-89.9093076,1991-12-16,Dissolved oxygen,10.52,mg/L,
STEWARDS,ARS-MSGC-MSGC_WQ_2-5,,34.2366284,-89.9093076,1992-03-09,Dissolved oxygen,9.53,mg/L,
STEWARDS,ARS-MSGC-MSGC_WQ_2-5,,34.2366284,-89.9093076,1992-10-19,Dissolved oxygen,11.09,mg/L,
STEWARDS,ARS-MSGC-MSGC_WQ_2-5,,34.2366284,-89.9093076,1992-11-02,Dissolved oxygen,9.58,mg/L,
STEWARDS,ARS-MSGC-MSGC_WQ_2-5,,34.2366284,-89.9093076,1992-12-29,Dissolved oxygen,9.33,mg/L,
STEWARDS,ARS-MSGC-MSGC_WQ_2-5,,34.2366284,-89.9093076,1993-02-23,Dissolved oxygen,10.3,mg/L,
STEWARDS,ARS-MSGC-MSGC_WQ_2-5,,34.2366284,-89.9093076,1993-03-10,Dissolved oxygen,9.08,mg/L,
STEWARDS,ARS-MSBL-MSBL101,,33.4029473,-90.670499,1999-09-07,Dissolved oxygen,8.6,mg/L,
STEWARDS,ARS-MSBL-MSBL101,,33.4029473,-90.670499,1999-10-04,Dissolved oxygen,12.6,mg/L,
STEWARDS,ARS-MSBL-MSBL101,,33.4029473,-90.670499,1999-10-18,Dissolved oxygen,11.7,mg/L,
STEWARDS,ARS-MSBL-MSBL101,,33.4029473,-90.670499,1999-11-22,Dissolved oxygen,9.8,mg/L,
STEWARDS,ARS-MSBL-MSBL101,,33.4029473,-90.670499,1999-12-20,Dissolved oxygen,10.7,mg/L,
STEWARDS,ARS-MSBL-MSBL102,,33.3983362,-90.67639,1999-08-30,Dissolved oxygen,9.9,mg/L,
STEWARDS,ARS-MSBL-MSBL102,,33.3983362,-90.67639,1999-09-27,Dissolved oxygen,11.4,mg/L,
STEWARDS,ARS-MSBL-MSBL102,,33.3983362,-90.67639,1999-10-18,Dissolved oxygen,8.9,mg/L,
STEWARDS,ARS-MSBL-MSBL102,,33.3983362,-90.67639,1999-12-06,Dissolved oxygen,9.5,mg/L,
STEWARDS,ARS-MSBL-MSBL102,,33.3983362,-90.67639,1999-12-20,Dissolved oxygen,9.9,mg/L,
STEWARDS,ARS-MSBL-MSBL101,,33.4029473,-90.670499,1999-10-25,Dissolved oxygen,10.1,mg/L,
STEWARDS,ARS-MSBL-MSBL101,,33.4029473,-90.670499,1999-11-01,Dissolved oxygen,10.1,mg/L,
STEWARDS,ARS-MSBL-MSBL101,,33.4029473,-90.670499,1999-08-30,Dissolved oxygen,8.6,mg/L,
STEWARDS,ARS-MSBL-MSBL101,,33.4029473,-90.670499,1999-09-13,Dissolved oxygen,4.7,mg/L,
STEWARDS,ARS-MSBL-MSBL101,,33.4029473,-90.670499,1999-09-20,Dissolved oxygen,9.1,mg/L,
STEWARDS,ARS-MSBL-MSBL101,,33.4029473,-90.670499,1999-11-08,Dissolved oxygen,10.1,mg/L,
STEWARDS,ARS-MSBL-MSBL101,,33.4029473,-90.670499,1999-11-15,Dissolved oxygen,9.1,mg/L,
STEWARDS,ARS-MSBL-MSBL101,,33.4029473,-90.670499,1999-11-29,Dissolved oxygen,9.6,mg/L,
STEWARDS,ARS-MSBL-MSBL101,,33.4029473,-90.670499,1999-12-13,Dissolved oxygen,10.6,mg/L,
STEWARDS,ARS-MSGC-MSGC_WQ_2-5,,34.2366284,-89.9093076,1995-01-24,Dissolved oxygen,12.44,mg/L,
STEWARDS,ARS-MSGC-MSGC_WQ_2-5,,34.2366284,-89.9093076,1998-12-07,Dissolved oxygen,7.84,mg/L,
STEWARDS,ARS-MSBL-MSBL103,,33.3971296,-90.6840254,1999-10-18,Dissolved oxygen,9.2,mg/L,
STEWARDS,ARS-MSBL-MSBL103,,33.3971296,-90.6840254,1999-08-30,Dissolved oxygen,9.9,mg/L,
STEWARDS,ARS-MSBL-MSBL103,,33.3971296,-90.6840254,1999-09-20,Dissolved oxygen,7.8,mg/L,
STEWARDS,ARS-MSBL-MSBL103,,33.3971296,-90.6840254,1999-10-11,Dissolved oxygen,9.1,mg/L,
STEWARDS,ARS-MSBL-MSBL103,,33.3971296,-90.6840254,1999-11-15,Dissolved oxygen,10.5,mg/L,
STEWARDS,ARS-MSBL-MSBL103,,33.3971296,-90.6840254,1999-11-29,Dissolved oxygen,9.0,mg/L,
STEWARDS,ARS-MSBL-MSBL101,,33.4029473,-90.670499,1999-09-27,Dissolved oxygen,12.0,mg/L,
STEWARDS,ARS-MSBL-MSBL101,,33.4029473,-90.670499,1999-10-11,Dissolved oxygen,8.8,mg/L,
STEWARDS,ARS-MSBL-MSBL101,,33.4029473,-90.670499,1999-12-06,Dissolved oxygen,10.1,mg/L,
STEWARDS,ARS-MSGC-MSGC_WQ_2-5,,34.2366284,-89.9093076,1995-01-09,Dissolved oxygen,12.03,mg/L,
STEWARDS,ARS-MSGC-MSGC_WQ_2-5,,34.2366284,-89.9093076,1995-02-06,Dissolved oxygen,12.21,mg/L,
STEWARDS,ARS-MSGC-MSGC_WQ_2-5,,34.2366284,-89.9093076,1995-04-17,Dissolved oxygen,9.77,mg/L,
STEWARDS,ARS-MSGC-MSGC_WQ_2-5,,34.2366284,-89.9093076,1995-05-01,Dissolved oxygen,8.93,mg/L,
STEWARDS,ARS-MSGC-MSGC_WQ_2-5,,34.2366284,-89.9093076,1995-06-12,Dissolved oxygen,7.85,mg/L,
STEWARDS,ARS-MSGC-MSGC_WQ_2-5,,34.2366284,-89.9093076,1995-12-12,Dissolved oxygen,11.21,mg/L,
STEWARDS,ARS-MSGC-MSGC_WQ_2-5,,34.2366284,-89.9093076,1996-05-28,Dissolved oxygen,4.61,mg/L,
STEWARDS,ARS-MSGC-MSGC_WQ_2-5,,34.2366284,-89.9093076,1996-06-24,Dissolved oxygen,8.53,mg/L,
STEWARDS,ARS-MSGC-MSGC_WQ_2-5,,34.2366284,-89.9093076,1996-09-04,Dissolved oxygen,6.53,mg/L,
STEWARDS,ARS-MSGC-MSGC_WQ_2-5,,34.2366284,-89.9093076,1997-01-20,Dissolved oxygen,12.6,mg/L,
STEWARDS,ARS-MSGC-MSGC_WQ_2-5,,34.2366284,-89.9093076,1997-03-03,Dissolved oxygen,9.8,mg/L,
STEWARDS,ARS-MSGC-MSGC_WQ_2-5,,34.2366284,-89.9093076,1997-03-18,Dissolved oxygen,10.2,mg/L,
STEWARDS,ARS-MSGC-MSGC_WQ_2-5,,34.2366284,-89.9093076,1997-04-14,Dissolved oxygen,10.2,mg/L,
STEWARDS,ARS-MSGC-MSGC_WQ_2-5,,34.2366284,-89.9093076,1997-06-09,Dissolved oxygen,7.7,mg/L,
STEWARDS,ARS-MSGC-MSGC_WQ_2-5,,34.2366284,-89.9093076,1997-09-15,Dissolved oxygen,6.6,mg/L,
STEWARDS,ARS-MSGC-MSGC_WQ_2-5,,34.2366284,-89.9093076,1998-04-13,Dissolved oxygen,9.8,mg/L,
STEWARDS,ARS-MSGC-MSGC_WQ_2-5,,34.2366284,-89.9093076,1998-05-26,Dissolved oxygen,7.42,mg/L,
STEWARDS,ARS-MSGC-MSGC_WQ_2-5,,34.2366284,-89.9093076,1998-06-08,Dissolved oxygen,7.68,mg/L,
STEWARDS,ARS-MSGC-MSGC_WQ_2-5,,34.2366284,-89.9093076,1998-08-03,Dissolved oxygen,6.27,mg/L,
STEWARDS,ARS-MSGC-MSGC_WQ_2-5,,34.2366284,-89.9093076,1998-10-26,Dissolved oxygen,8.33,mg/L,
STEWARDS,ARS-MSGC-MSGC_WQ_2-5,,34.2366284,-89.9093076,1999-10-04,Dissolved oxygen,5.66,mg/L,
STEWARDS,ARS-MSGC-MSGC_WQ_2-5,,34.2366284,-89.9093076,1999-10-18,Dissolved oxygen,9.19,mg/L,
STEWARDS,ARS-MSGC-MSGC_WQ_2-5,,34.2366284,-89.9093076,1999-12-13,Dissolved oxygen,8.69,mg/L,
STEWARDS,ARS-MSBL-MSBL102,,33.3983362,-90.67639,1999-11-08,Dissolved oxygen,9.8,mg/L,
STEWARDS,ARS-MSBL-MSBL102,,33.3983362,-90.67639,1999-11-22,Dissolved oxygen,9.3,mg/L,
STEWARDS,ARS-MSBL-MSBL102,,33.3983362,-90.67639,1999-11-29,Dissolved oxygen,8.3,mg/L,
STEWARDS,ARS-MSBL-MSBL102,,33.3983362,-90.67639,1999-09-07,Dissolved oxygen,7.8,mg/L,
STEWARDS,ARS-MSBL-MSBL102,,33.3983362,-90.67639,1999-12-13,Dissolved oxygen,9.3,mg/L,
STEWARDS,ARS-MSBL-MSBL102,,33.3983362,-90.67639,1999-09-13,Dissolved oxygen,4.9,mg/L,
STEWARDS,ARS-MSBL-MSBL102,,33.3983362,-90.67639,1999-10-11,Dissolved oxygen,8.7,mg/L,
STEWARDS,ARS-MSBL-MSBL102,,33.3983362,-90.67639,1999-10-25,Dissolved oxygen,7.9,mg/L,
STEWARDS,ARS-MSBL-MSBL102,,33.3983362,-90.67639,1999-09-20,Dissolved oxygen,7.4,mg/L,
STEWARDS,ARS-MSBL-MSBL102,,33.3983362,-90.67639,1999-10-04,Dissolved oxygen,9.1,mg/L,
STEWARDS,ARS-MSBL-MSBL102,,33.3983362,-90.67639,1999-11-01,Dissolved oxygen,7.7,mg/L,
STEWARDS,ARS-MSBL-MSBL102,,33.3983362,-90.67639,1999-11-15,Dissolved oxygen,9.0,mg/L,
STEWARDS,ARS-MSBL-MSBL103,,33.3971296,-90.6840254,1999-09-13,Dissolved oxygen,5.6,mg/L,
STEWARDS,ARS-MSBL-MSBL103,,33.3971296,-90.6840254,1999-09-07,Dissolved oxygen,6.9,mg/L,
STEWARDS,ARS-MSBL-MSBL103,,33.3971296,-90.6840254,1999-09-27,Dissolved oxygen,9.2,mg/L,
STEWARDS,ARS-MSBL-MSBL103,,33.3971296,-90.6840254,1999-11-08,Dissolved oxygen,10.1,mg/L,
STEWARDS,ARS-MSBL-MSBL103,,33.3971296,-90.6840254,1999-12-20,Dissolved oxygen,9.2,mg/L,
STEWARDS,ARS-MSBL-MSBL103,,33.3971296,-90.6840254,1999-12-13,Dissolved oxygen,9.4,mg/L,
STEWARDS,ARS-MSGC-MSGC_WQ_2-5,,34.2366284,-89.9093076,1997-02-03,Dissolved oxygen,10.2,mg/L,
STEWARDS,ARS-MSGC-MSGC_WQ_2-5,,34.2366284,-89.9093076,1998-07-06,Dissolved oxygen,6.11,mg/L,
STEWARDS,ARS-MSGC-MSGC_WQ_2-5,,34.2366284,-89.9093076,1995-03-06,Dissolved oxygen,11.66,mg/L,
STEWARDS,ARS-MSGC-MSGC_WQ_2-5,,34.2366284,-89.9093076,1995-05-15,Dissolved oxygen,7.44,mg/L,
STEWARDS,ARS-MSGC-MSGC_WQ_2-5,,34.2366284,-89.9093076,1995-08-07,Dissolved oxygen,3.77,mg/L,
STEWARDS,ARS-MSGC-MSGC_WQ_2-5,,34.2366284,-89.9093076,1995-08-23,Dissolved oxygen,6.9,mg/L,
STEWARDS,ARS-MSGC-MSGC_WQ_2-5,,34.2366284,-89.9093076,1995-09-18,Dissolved oxygen,9.63,mg/L,
STEWARDS,ARS-MSGC-MSGC_WQ_2-5,,34.2366284,-89.9093076,1995-10-02,Dissolved oxygen,7.75,mg/L,
STEWARDS,ARS-MSGC-MSGC_WQ_2-5,,34.2366284,-89.9093076,1995-10-30,Dissolved oxygen,8.96,mg/L,
STEWARDS,ARS-MSGC-MSGC_WQ_2-5,,34.2366284,-89.9093076,1996-03-19,Dissolved oxygen,9.78,mg/L,
STEWARDS,ARS-MSGC-MSGC_WQ_2-5,,34.2366284,-89.9093076,1995-05-30,Dissolved oxygen,7.22,mg/L,
STEWARDS,ARS-MSGC-MSGC_WQ_2-5,,34.2366284,-89.9093076,1996-07-08,Dissolved oxygen,7.69,mg/L,
STEWARDS,ARS-MSGC-MSGC_WQ_2-5,,34.2366284,-89.9093076,1995-11-27,Dissolved oxygen,9.45,mg/L,
STEWARDS,ARS-MSGC-MSGC_WQ_2-5,,34.2366284,-89.9093076,1996-01-10,Dissolved oxygen,12.85,mg/L,
STEWARDS,ARS-MSGC-MSGC_WQ_2-5,,34.2366284,-89.9093076,1996-01-22,Dissolved oxygen,13.52,mg/L,
STEWARDS,ARS-MSGC-MSGC_WQ_2-5,,34.2366284,-89.9093076,1996-04-01,Dissolved oxygen,9.26,mg/L,
STEWARDS,ARS-MSGC-MSGC_WQ_2-5,,34.2366284,-89.9093076,1996-04-15,Dissolved oxygen,8.8,mg/L,
STEWARDS,ARS-MSGC-MSGC_WQ_2-5,,34.2366284,-89.9093076,1996-04-29,Dissolved oxygen,9.14,mg/L,
STEWARDS,ARS-MSGC-MSGC_WQ_2-5,,34.2366284,-89.9093076,1996-06-10,Dissolved oxygen,3.11,mg/L,
STEWARDS,ARS-MSGC-MSGC_WQ_2-5,,34.2366284,-89.9093076,1996-08-20,Dissolved oxygen,7.7,mg/L,
STEWARDS,ARS-MSGC-MSGC_WQ_2-5,,34.2366284,-89.9093076,1996-10-16,Dissolved oxygen,7.96,mg/L,
STEWARDS,ARS-MSGC-MSGC_WQ_2-5,,34.2366284,-89.9093076,1997-02-17,Dissolved oxygen,10.9,mg/L,
STEWARDS,ARS-MSGC-MSGC_WQ_2-5,,34.2366284,-89.9093076,1997-05-12,Dissolved oxygen,7.5,mg/L,
STEWARDS,ARS-MSGC-MSGC_WQ_2-5,,34.2366284,-89.9093076,1997-09-01,Dissolved oxygen,6.3,mg/L,
STEWARDS,ARS-MSGC-MSGC_WQ_2-5,,34.2366284,-89.9093076,1997-09-29,Dissolved oxygen,6.9,mg/L,
STEWARDS,ARS-MSGC-MSGC_WQ_2-5,,34.2366284,-89.9093076,1997-10-27,Dissolved oxygen,8.0,mg/L,
STEWARDS,ARS-MSGC-MSGC_WQ_2-5,,34.2366284,-89.9093076,1998-01-19,Dissolved oxygen,21.0,mg/L,
STEWARDS,ARS-MSGC-MSGC_WQ_2-5,,34.2366284,-89.9093076,1998-02-02,Dissolved oxygen,10.6,mg/L,
STEWARDS,ARS-MSGC-MSGC_WQ_2-5,,34.2366284,-89.9093076,1998-03-30,Dissolved oxygen,7.6,mg/L,
STEWARDS,ARS-MSGC-MSGC_WQ_2-5,,34.2366284,-89.9093076,1996-11-12,Dissolved oxygen,8.94,mg/L,
STEWARDS,ARS-MSGC-MSGC_WQ_2-5,,34.2366284,-89.9093076,1997-03-31,Dissolved oxygen,10.0,mg/L,
STEWARDS,ARS-MSGC-MSGC_WQ_2-5,,34.2366284,-89.9093076,1997-05-26,Dissolved oxygen,6.5,mg/L,
STEWARDS,ARS-MSGC-MSGC_WQ_2-5,,34.2366284,-89.9093076,1997-07-21,Dissolved oxygen,6.5,mg/L,
STEWARDS,ARS-MSGC-MSGC_WQ_2-5,,34.2366284,-89.9093076,1997-08-04,Dissolved oxygen,8.0,mg/L,
STEWARDS,ARS-MSGC-MSGC_WQ_2-5,,34.2366284,-89.9093076,1997-08-18,Dissolved oxygen,5.0,mg/L,
STEWARDS,ARS-MSGC-MSGC_WQ_2-5,,34.2366284,-89.9093076,1997-11-10,Dissolved oxygen,8.9,mg/L,
STEWARDS,ARS-MSGC-MSGC_WQ_2-5,,34.2366284,-89.9093076,1997-11-24,Dissolved oxygen,9.5,mg/L,
STEWARDS,ARS-MSGC-MSGC_WQ_2-5,,34.2366284,-89.9093076,1998-01-05,Dissolved oxygen,8.1,mg/L,
STEWARDS,ARS-MSGC-MSGC_WQ_2-5,,34.2366284,-89.9093076,1998-02-16,Dissolved oxygen,10.88,mg/L,
STEWARDS,ARS-MSGC-MSGC_WQ_2-5,,34.2366284,-89.9093076,1998-07-20,Dissolved oxygen,6.08,mg/L,
STEWARDS,ARS-MSGC-MSGC_WQ_2-5,,34.2366284,-89.9093076,1998-08-17,Dissolved oxygen,6.44,mg/L,
STEWARDS,ARS-MSGC-MSGC_WQ_2-5,,34.2366284,-89.9093076,1998-08-31,Dissolved oxygen,6.33,mg/L,
STEWARDS,ARS-MSGC-MSGC_WQ_2-5,,34.2366284,-89.9093076,1998-09-14,Dissolved oxygen,7.01,mg/L,
STEWARDS,ARS-MSGC-MSGC_WQ_2-5,,34.2366284,-89.9093076,1998-10-13,Dissolved oxygen,7.33,mg/L,
STEWARDS,ARS-MSGC-MSGC_WQ_2-5,,34.2366284,-89.9093076,1999-03-08,Dissolved oxygen,10.39,mg/L,
STEWARDS,ARS-MSGC-MSGC_WQ_2-5,,34.2366284,-89.9093076,1999-03-22,Dissolved oxygen,10.07,mg/L,
STEWARDS,ARS-MSGC-MSGC_WQ_2-5,,34.2366284,-89.9093076,1999-05-17,Dissolved oxygen,9.13,mg/L,
STEWARDS,ARS-MSGC-MSGC_WQ_2-5,,34.2366284,-89.9093076,1999-06-14,Dissolved oxygen,8.44,mg/L,
STEWARDS,ARS-MSGC-MSGC_WQ_2-5,,34.2366284,-89.9093076,1999-06-28,Dissolved oxygen,8.65,mg/L,
STEWARDS,ARS-MSGC-MSGC_WQ_2-5,,34.2366284,-89.9093076,1999-07-12,Dissolved oxygen,7.16,mg/L,
STEWARDS,ARS-MSGC-MSGC_WQ_2-5,,34.2366284,-89.9093076,1999-07-26,Dissolved oxygen,6.53,mg/L,
STEWARDS,ARS-MSGC-MSGC_WQ_2-5,,34.2366284,-89.9093076,1999-08-09,Dissolved oxygen,4.61,mg/L,
STEWARDS,ARS-MSGC-MSGC_WQ_2-5,,34.2366284,-89.9093076,1999-09-20,Dissolved oxygen,6.15,mg/L,
STEWARDS,ARS-MSGC-MSGC_WQ_2-5,,34.2366284,-89.9093076,1999-11-01,Dissolved oxygen,6.18,mg/L,
STEWARDS,ARS-MSGC-MSGC_WQ_2-5,,34.2366284,-89.9093076,1999-11-29,Dissolved oxygen,7.32,mg/L,
STEWARDS,ARS-MSGC-MSGC_WQ_2-5,,34.2366284,-89.9093076,1995-02-21,Dissolved oxygen,11.16,mg/L,
STEWARDS,ARS-MSBL-MSBL103,,33.3971296,-90.6840254,1999-10-04,Dissolved oxygen,12.2,mg/L,
STEWARDS,ARS-MSBL-MSBL103,,33.3971296,-90.6840254,1999-10-25,Dissolved oxygen,8.0,mg/L,
STEWARDS,ARS-MSBL-MSBL103,,33.3971296,-90.6840254,1999-11-01,Dissolved oxygen,8.5,mg/L,
STEWARDS,ARS-MSBL-MSBL103,,33.3971296,-90.6840254,1999-11-22,Dissolved oxygen,8.3,mg/L,
STEWARDS,ARS-MSBL-MSBL103,,33.3971296,-90.6840254,1999-12-06,Dissolved oxygen,11.6,mg/L,
STEWARDS,ARS-MSGC-MSGC_WQ_2-5,,34.2366284,-89.9093076,1998-11-09,Dissolved oxygen,7.03,mg/L,
STEWARDS,ARS-MSGC-MSGC_WQ_2-5,,34.2366284,-89.9093076,1998-11-23,Dissolved oxygen,7.41,mg/L,
STEWARDS,ARS-MSGC-MSGC_WQ_2-5,,34.2366284,-89.9093076,1999-01-25,Dissolved oxygen,11.84,mg/L,
STEWARDS,ARS-MSGC-MSGC_WQ_2-5,,34.2366284,-89.9093076,1999-02-08,Dissolved oxygen,11.44,mg/L,
STEWARDS,ARS-MSGC-MSGC_WQ_2-5,,34.2366284,-89.9093076,1999-04-05,Dissolved oxygen,10.16,mg/L,
STEWARDS,ARS-MSGC-MSGC_WQ_2-5,,34.2366284,-89.9093076,1999-05-03,Dissolved oxygen,10.24,mg/L,
STEWARDS,ARS-MSGC-MSGC_WQ_2-5,,34.2366284,-89.9093076,1999-08-23,Dissolved oxygen,7.26,mg/L,
STEWARDS,ARS-MSGC-MSGC_WQ_2-5,,34.2366284,-89.9093076,1999-06-01,Dissolved oxygen,7.79,mg/L,
STEWARDS,ARS-MSGC-MSGC_WQ_2-5,,34.2366284,-89.9093076,1999-11-15,Dissolved oxygen,8.91,mg/L,
STEWARDS,ARS-MSGC-MSGC_WQ_2-5,,34.2366284,-89.9093076,1995-03-20,Dissolved oxygen,9.77,mg/L,
STEWARDS,ARS-MSGC-MSGC_WQ_2-5,,34.2366284,-89.9093076,1995-06-26,Dissolved oxygen,6.97,mg/L,
STEWARDS,ARS-MSGC-MSGC_WQ_2-5,,34.2366284,-89.9093076,1995-09-05,Dissolved oxygen,7.35,mg/L,
STEWARDS,ARS-MSGC-MSGC_WQ_2-5,,34.2366284,-89.9093076,1996-02-21,Dissolved oxygen,10.29,mg/L,
STEWARDS,ARS-MSGC-MSGC_WQ_2-5,,34.2366284,-89.9093076,1996-03-04,Dissolved oxygen,11.29,mg/L,
STEWARDS,ARS-MSGC-MSGC_WQ_2-5,,34.2366284,-89.9093076,1996-07-22,Dissolved oxygen,6.12,mg/L,
STEWARDS,ARS-MSGC-MSGC_WQ_2-5,,34.2366284,-89.9093076,1996-08-05,Dissolved oxygen,7.17,mg/L,
STEWARDS,ARS-MSGC-MSGC_WQ_2-5,,34.2366284,-89.9093076,1996-10-28,Dissolved oxygen,7.93,mg/L,
STEWARDS,ARS-MSGC-MSGC_WQ_2-5,,34.2366284,-89.9093076,1996-11-25,Dissolved oxygen,9.91,mg/L,
STEWARDS,ARS-MSGC-MSGC_WQ_2-5,,34.2366284,-89.9093076,1996-12-09,Dissolved oxygen,8.14,mg/L,
STEWARDS,ARS-MSGC-MSGC_WQ_2-5,,34.2366284,-89.9093076,1996-12-23,Dissolved oxygen,9.86,mg/L,
STEWARDS,ARS-MSGC-MSGC_WQ_2-5,,34.2366284,-89.9093076,1997-01-06,Dissolved oxygen,8.0,mg/L,
STEWARDS,ARS-MSGC-MSGC_WQ_2-5,,34.2366284,-89.9093076,1997-04-28,Dissolved oxygen,9.4,mg/L,
STEWARDS,ARS-MSGC-MSGC_WQ_2-5,,34.2366284,-89.9093076,1997-06-23,Dissolved oxygen,7.2,mg/L,
STEWARDS,ARS-MSGC-MSGC_WQ_2-5,,34.2366284,-89.9093076,1997-07-07,Dissolved oxygen,5.9,mg/L,
STEWARDS,ARS-MSGC-MSGC_WQ_2-5,,34.2366284,-89.9093076,1997-10-13,Dissolved oxygen,7.1,mg/L,
STEWARDS,ARS-MSGC-MSGC_WQ_2-5,,34.2366284,-89.9093076,1997-12-08,Dissolved oxygen,10.6,mg/L,
STEWARDS,ARS-MSGC-MSGC_WQ_2-5,,34.2366284,-89.9093076,1997-12-22,Dissolved oxygen,10.1,mg/L,
STEWARDS,ARS-MSGC-MSGC_WQ_2-5,,34.2366284,-89.9093076,1998-03-02,Dissolved oxygen,10.4,mg/L,
STEWARDS,ARS-MSGC-MSGC_WQ_2-5,,34.2366284,-89.9093076,1998-03-16,Dissolved oxygen,9.5,mg/L,
STEWARDS,ARS-MSGC-MSGC_WQ_2-5,,34.2366284,-89.9093076,1998-06-22,Dissolved oxygen,6.76,mg/L,
STEWARDS,ARS-MSGC-MSGC_WQ_2-5,,34.2366284,-89.9093076,1998-09-28,Dissolved oxygen,4.91,mg/L,
STEWARDS,ARS-MSGC-MSGC_WQ_2-5,,34.2366284,-89.9093076,1998-12-21,Dissolved oxygen,5.32,mg/L,
STEWARDS,ARS-MSGC-MSGC_WQ_2-5,,34.2366284,-89.9093076,1999-04-19,Dissolved oxygen,10.52,mg/L,
STEWARDS,ARS-MSBL-MSBL101,,33.4029473,-90.670499,2000-01-31,Dissolved oxygen,13.3,mg/L,
STEWARDS,ARS-MSBL-MSBL101,,33.4029473,-90.670499,2000-02-28,Dissolved oxygen,9.9,mg/L,
STEWARDS,ARS-MSBL-MSBL101,,33.4029473,-90.670499,2000-03-06,Dissolved oxygen,9.9,mg/L,
STEWARDS,ARS-MSBL-MSBL101,,33.4029473,-90.670499,2000-03-13,Dissolved oxygen,10.0,mg/L,
STEWARDS,ARS-MSBL-MSBL101,,33.4029473,-90.670499,2000-03-20,Dissolved oxygen,10.0,mg/L,
STEWARDS,ARS-MSBL-MSBL101,,33.4029473,-90.670499,2000-04-24,Dissolved oxygen,6.0,mg/L,
STEWARDS,ARS-MSBL-MSBL101,,33.4029473,-90.670499,2000-05-22,Dissolved oxygen,6.0,mg/L,
STEWARDS,ARS-MSBL-MSBL101,,33.4029473,-90.670499,2000-07-17,Dissolved oxygen,9.4,mg/L,
STEWARDS,ARS-MSBL-MSBL101,,33.4029473,-90.670499,2000-07-24,Dissolved oxygen,7.2,mg/L,
STEWARDS,ARS-MSBL-MSBL101,,33.4029473,-90.670499,2000-10-23,Dissolved oxygen,7.4,mg/L,
STEWARDS,ARS-MSBL-MSBL101,,33.4029473,-90.670499,2000-11-13,Dissolved oxygen,8.9,mg/L,
STEWARDS,ARS-MSBL-MSBL101,,33.4029473,-90.670499,2000-11-20,Dissolved oxygen,12.8,mg/L,
STEWARDS,ARS-MSBL-MSBL101,,33.4029473,-90.670499,2001-03-19,Dissolved oxygen,8.3,mg/L,
STEWARDS,ARS-MSBL-MSBL101,,33.4029473,-90.670499,2001-05-29,Dissolved oxygen,8.6,mg/L,
STEWARDS,ARS-MSBL-MSBL101,,33.4029473,-90.670499,2001-06-25,Dissolved oxygen,7.8,mg/L,
STEWARDS,ARS-MSBL-MSBL101,,33.4029473,-90.670499,2001-09-17,Dissolved oxygen,6.0,mg/L,
STEWARDS,ARS-MSBL-MSBL101,,33.4029473,-90.670499,2001-12-10,Dissolved oxygen,5.3,mg/L,
STEWARDS,ARS-MSBL-MSBL101,,33.4029473,-90.670499,2002-01-08,Dissolved oxygen,8.8,mg/L,
STEWARDS,ARS-MSBL-MSBL101,,33.4029473,-90.670499,2002-09-30,Dissolved oxygen,9.3,mg/L,
STEWARDS,ARS-MSBL-MSBL101,,33.4029473,-90.670499,2002-04-15,Dissolved oxygen,6.9,mg/L,
STEWARDS,ARS-MSBL-MSBL101,,33.4029473,-90.670499,2002-05-28,Dissolved oxygen,8.7,mg/L,
STEWARDS,ARS-MSBL-MSBL101,,33.4029473,-90.670499,2002-07-08,Dissolved oxygen,9.0,mg/L,
STEWARDS,ARS-MSBL-MSBL101,,33.4029473,-90.670499,2002-08-19,Dissolved oxygen,7.7,mg/L,
STEWARDS,ARS-MSBL-MSBL101,,33.4029473,-90.670499,2002-09-16,Dissolved oxygen,8.5,mg/L,
STEWARDS,ARS-MSBL-MSBL101,,33.4029473,-90.670499,2003-05-12,Dissolved oxygen,7.98,mg/L,
STEWARDS,ARS-MSBL-MSBL101,,33.4029473,-90.670499,2003-06-09,Dissolved oxygen,8.73,mg/L,
STEWARDS,ARS-MSBL-MSBL101,,33.4029473,-90.670499,2003-06-23,Dissolved oxygen,10.23,mg/L,
STEWARDS,ARS-MSBL-MSBL101,,33.4029473,-90.670499,2003-07-21,Dissolved oxygen,9.24,mg/L,
STEWARDS,ARS-MSBL-MSBL101,,33.4029473,-90.670499,2003-08-18,Dissolved oxygen,8.15,mg/L,
STEWARDS,ARS-MSBL-MSBL101,,33.4029473,-90.670499,2004-03-29,Dissolved oxygen,6.97,mg/L,
STEWARDS,ARS-MSBL-MSBL101,,33.4029473,-90.670499,2003-09-15,Dissolved oxygen,6.25,mg/L,
STEWARDS,ARS-MSBL-MSBL101,,33.4029473,-90.670499,2003-10-14,Dissolved oxygen,6.87,mg/L,
STEWARDS,ARS-MSBL-MSBL101,,33.4029473,-90.670499,2003-12-01,Dissolved oxygen,8.29,mg/L,
STEWARDS,ARS-MSBL-MSBL102,,33.3983362,-90.67639,2000-01-18,Dissolved oxygen,10.8,mg/L,
STEWARDS,ARS-MSBL-MSBL101,,33.4029473,-90.670499,2004-03-15,Dissolved oxygen,6.66,mg/L,
STEWARDS,ARS-MSBL-MSBL101,,33.4029473,-90.670499,2004-07-06,Dissolved oxygen,5.08,mg/L,
STEWARDS,ARS-MSBL-MSBL101,,33.4029473,-90.670499,2004-10-25,Dissolved oxygen,6.41,mg/L,
STEWARDS,ARS-MSBL-MSBL102,,33.3983362,-90.67639,2000-01-03,Dissolved oxygen,10.6,mg/L,
STEWARDS,ARS-MSBL-MSBL102,,33.3983362,-90.67639,2000-01-24,Dissolved oxygen,10.9,mg/L,
STEWARDS,ARS-MSBL-MSBL102,,33.3983362,-90.67639,2000-03-06,Dissolved oxygen,8.9,mg/L,
STEWARDS,ARS-MSBL-MSBL102,,33.3983362,-90.67639,2000-03-20,Dissolved oxygen,9.8,mg/L,
STEWARDS,ARS-MSBL-MSBL102,,33.3983362,-90.67639,2000-04-10,Dissolved oxygen,6.1,mg/L,
STEWARDS,ARS-MSBL-MSBL102,,33.3983362,-90.67639,2000-05-08,Dissolved oxygen,6.1,mg/L,
STEWARDS,ARS-MSBL-MSBL102,,33.3983362,-90.67639,2000-07-24,Dissolved oxygen,7.7,mg/L,
STEWARDS,ARS-MSBL-MSBL102,,33.3983362,-90.67639,2000-10-16,Dissolved oxygen,8.4,mg/L,
STEWARDS,ARS-MSBL-MSBL101,,33.4029473,-90.670499,2000-01-03,Dissolved oxygen,10.5,mg/L,
STEWARDS,ARS-MSBL-MSBL102,,33.3983362,-90.67639,2000-11-20,Dissolved oxygen,12.9,mg/L,
STEWARDS,ARS-MSBL-MSBL101,,33.4029473,-90.670499,2000-02-07,Dissolved oxygen,11.6,mg/L,
STEWARDS,ARS-MSBL-MSBL101,,33.4029473,-90.670499,2000-04-17,Dissolved oxygen,5.2,mg/L,
STEWARDS,ARS-MSBL-MSBL102,,33.3983362,-90.67639,2000-12-11,Dissolved oxygen,9.2,mg/L,
STEWARDS,ARS-MSBL-MSBL102,,33.3983362,-90.67639,2001-04-16,Dissolved oxygen,5.8,mg/L,
STEWARDS,ARS-MSBL-MSBL102,,33.3983362,-90.67639,2001-04-30,Dissolved oxygen,7.2,mg/L,
STEWARDS,ARS-MSBL-MSBL101,,33.4029473,-90.670499,2000-06-12,Dissolved oxygen,6.8,mg/L,
STEWARDS,ARS-MSBL-MSBL101,,33.4029473,-90.670499,2000-06-26,Dissolved oxygen,6.2,mg/L,
STEWARDS,ARS-MSBL-MSBL101,,33.4029473,-90.670499,2000-10-02,Dissolved oxygen,7.9,mg/L,
STEWARDS,ARS-MSBL-MSBL101,,33.4029473,-90.670499,2000-10-10,Dissolved oxygen,9.7,mg/L,
STEWARDS,ARS-MSBL-MSBL101,,33.4029473,-90.670499,2000-10-30,Dissolved oxygen,7.8,mg/L,
STEWARDS,ARS-MSBL-MSBL101,,33.4029473,-90.670499,2000-12-04,Dissolved oxygen,8.6,mg/L,
STEWARDS,ARS-MSBL-MSBL101,,33.4029473,-90.670499,2000-12-18,Dissolved oxygen,10.8,mg/L,
STEWARDS,ARS-MSBL-MSBL101,,33.4029473,-90.670499,2001-01-08,Dissolved oxygen,9.8,mg/L,
STEWARDS,ARS-MSBL-MSBL101,,33.4029473,-90.670499,2000-01-10,Dissolved oxygen,11.1,mg/L,
STEWARDS,ARS-MSBL-MSBL101,,33.4029473,-90.670499,2000-01-18,Dissolved oxygen,11.0,mg/L,
STEWARDS,ARS-MSBL-MSBL102,,33.3983362,-90.67639,2001-09-04,Dissolved oxygen,7.7,mg/L,
STEWARDS,ARS-MSBL-MSBL101,,33.4029473,-90.670499,2001-02-05,Dissolved oxygen,9.7,mg/L,
STEWARDS,ARS-MSBL-MSBL101,,33.4029473,-90.670499,2001-02-20,Dissolved oxygen,8.8,mg/L,
STEWARDS,ARS-MSBL-MSBL102,,33.3983362,-90.67639,2001-10-29,Dissolved oxygen,6.1,mg/L,
STEWARDS,ARS-MSBL-MSBL102,,33.3983362,-90.67639,2001-11-26,Dissolved oxygen,8.0,mg/L,
STEWARDS,ARS-MSBL-MSBL102,,33.3983362,-90.67639,2002-01-22,Dissolved oxygen,9.8,mg/L,
STEWARDS,ARS-MSBL-MSBL102,,33.3983362,-90.67639,2002-03-04,Dissolved oxygen,9.7,mg/L,
STEWARDS,ARS-MSBL-MSBL101,,33.4029473,-90.670499,2001-03-12,Dissolved oxygen,8.6,mg/L,
STEWARDS,ARS-MSBL-MSBL102,,33.3983362,-90.67639,2002-04-29,Dissolved oxygen,6.7,mg/L,
STEWARDS,ARS-MSBL-MSBL102,,33.3983362,-90.67639,2002-05-28,Dissolved oxygen,7.1,mg/L,
STEWARDS,ARS-MSBL-MSBL102,,33.3983362,-90.67639,2002-07-22,Dissolved oxygen,8.2,mg/L,
STEWARDS,ARS-MSBL-MSBL102,,33.3983362,-90.67639,2002-09-03,Dissolved oxygen,15.3,mg/L,
STEWARDS,ARS-MSBL-MSBL102,,33.3983362,-90.67639,2002-09-16,Dissolved oxygen,6.6,mg/L,
STEWARDS,ARS-MSBL-MSBL102,,33.3983362,-90.67639,2003-03-17,Dissolved oxygen,7.73,mg/L,
STEWARDS,ARS-MSBL-MSBL102,,33.3983362,-90.67639,2003-04-28,Dissolved oxygen,7.96,mg/L,
STEWARDS,ARS-MSBL-MSBL102,,33.3983362,-90.67639,2003-11-24,Dissolved oxygen,7.82,mg/L,
STEWARDS,ARS-MSBL-MSBL102,,33.3983362,-90.67639,2004-06-21,Dissolved oxygen,8.08,mg/L,
STEWARDS,ARS-MSBL-MSBL102,,33.3983362,-90.67639,2004-08-30,Dissolved oxygen,4.24,mg/L,
STEWARDS,ARS-MSBL-MSBL102,,33.3983362,-90.67639,2004-09-13,Dissolved oxygen,7.06,mg/L,
STEWARDS,ARS-MSBL-MSBL102,,33.3983362,-90.67639,2004-11-29,Dissolved oxygen,5.97,mg/L,
STEWARDS,ARS-MSBL-MSBL101,,33.4029473,-90.670499,2000-02-14,Dissolved oxygen,10.8,mg/L,
STEWARDS,ARS-MSBL-MSBL101,,33.4029473,-90.670499,2000-02-22,Dissolved oxygen,10.5,mg/L,
STEWARDS,ARS-MSBL-MSBL101,,33.4029473,-90.670499,2001-06-18,Dissolved oxygen,7.6,mg/L,
STEWARDS,ARS-MSBL-MSBL101,,33.4029473,-90.670499,2000-04-03,Dissolved oxygen,9.2,mg/L,
STEWARDS,ARS-MSBL-MSBL101,,33.4029473,-90.670499,2000-05-08,Dissolved oxygen,6.2,mg/L,
STEWARDS,ARS-MSBL-MSBL101,,33.4029473,-90.670499,2000-05-15,Dissolved oxygen,6.1,mg/L,
STEWARDS,ARS-MSBL-MSBL101,,33.4029473,-90.670499,2000-05-30,Dissolved oxygen,6.1,mg/L,
STEWARDS,ARS-MSBL-MSBL101,,33.4029473,-90.670499,2001-07-09,Dissolved oxygen,7.3,mg/L,
STEWARDS,ARS-MSBL-MSBL101,,33.4029473,-90.670499,2000-08-07,Dissolved oxygen,8.4,mg/L,
STEWARDS,ARS-MSBL-MSBL101,,33.4029473,-90.670499,2000-08-21,Dissolved oxygen,5.8,mg/L,
STEWARDS,ARS-MSBL-MSBL101,,33.4029473,-90.670499,2000-09-18,Dissolved oxygen,6.5,mg/L,
STEWARDS,ARS-MSBL-MSBL103,,33.3971296,-90.6840254,2002-03-18,Dissolved oxygen,7.8,mg/L,
STEWARDS,ARS-MSBL-MSBL101,,33.4029473,-90.670499,2000-09-25,Dissolved oxygen,6.2,mg/L,
STEWARDS,ARS-MSBL-MSBL103,,33.3971296,-90.6840254,2003-07-07,Dissolved oxygen,13.64,mg/L,
STEWARDS,ARS-MSBL-MSBL103,,33.3971296,-90.6840254,2003-10-27,Dissolved oxygen,6.47,mg/L,
STEWARDS,ARS-MSBL-MSBL103,,33.3971296,-90.6840254,2000-05-30,Dissolved oxygen,6.1,mg/L,
STEWARDS,ARS-MSBL-MSBL103,,33.3971296,-90.6840254,2000-01-10,Dissolved oxygen,10.6,mg/L,
STEWARDS,ARS-MSBL-MSBL103,,33.3971296,-90.6840254,2000-01-18,Dissolved oxygen,11.2,mg/L,
STEWARDS,ARS-MSBL-MSBL103,,33.3971296,-90.6840254,2000-05-01,Dissolved oxygen,6.1,mg/L,
STEWARDS,ARS-MSBL-MSBL103,,33.3971296,-90.6840254,2000-05-08,Dissolved oxygen,5.9,mg/L,
STEWARDS,ARS-MSBL-MSBL103,,33.3971296,-90.6840254,2000-07-03,Dissolved oxygen,6.5,mg/L,
STEWARDS,ARS-MSBL-MSBL103,,33.3971296,-90.6840254,2000-08-05,Dissolved oxygen,8.8,mg/L,
STEWARDS,ARS-MSBL-MSBL101,,33.4029473,-90.670499,2002-04-01,Dissolved oxygen,8.1,mg/L,
STEWARDS,ARS-MSBL-MSBL103,,33.3971296,-90.6840254,2000-10-02,Dissolved oxygen,7.0,mg/L,
STEWARDS,ARS-MSBL-MSBL103,,33.3971296,-90.6840254,2000-11-06,Dissolved oxygen,7.9,mg/L,
STEWARDS,ARS-MSBL-MSBL103,,33.3971296,-90.6840254,2000-12-11,Dissolved oxygen,9.2,mg/L,
STEWARDS,ARS-MSBL-MSBL103,,33.3971296,-90.6840254,2001-04-02,Dissolved oxygen,8.3,mg/L,
STEWARDS,ARS-MSBL-MSBL103,,33.3971296,-90.6840254,2001-04-16,Dissolved oxygen,6.2,mg/L,
STEWARDS,ARS-MSBL-MSBL103,,33.3971296,-90.6840254,2001-04-30,Dissolved oxygen,6.9,mg/L,
STEWARDS,ARS-MSBL-MSBL103,,33.3971296,-90.6840254,2001-09-04,Dissolved oxygen,4.2,mg/L,
STEWARDS,ARS-MSBL-MSBL101,,33.4029473,-90.670499,2001-08-06,Dissolved oxygen,7.3,mg/L,
STEWARDS,ARS-MSBL-MSBL103,,33.3971296,-90.6840254,2001-10-01,Dissolved oxygen,6.7,mg/L,
STEWARDS,ARS-MSBL-MSBL103,,33.3971296,-90.6840254,2001-11-26,Dissolved oxygen,7.1,mg/L,
STEWARDS,ARS-MSBL-MSBL103,,33.3971296,-90.6840254,2002-01-08,Dissolved oxygen,9.4,mg/L,
STEWARDS,ARS-MSBL-MSBL103,,33.3971296,-90.6840254,2002-04-01,Dissolved oxygen,8.4,mg/L,
STEWARDS,ARS-MSBL-MSBL103,,33.3971296,-90.6840254,2002-04-29,Dissolved oxygen,6.7,mg/L,
STEWARDS,ARS-MSBL-MSBL103,,33.3971296,-90.6840254,2002-05-28,Dissolved oxygen,5.7,mg/L,
STEWARDS,ARS-MSBL-MSBL103,,33.3971296,-90.6840254,2002-06-24,Dissolved oxygen,9.1,mg/L,
STEWARDS,ARS-MSBL-MSBL103,,33.3971296,-90.6840254,2002-07-08,Dissolved oxygen,8.6,mg/L,
STEWARDS,ARS-MSBL-MSBL103,,33.3971296,-90.6840254,2002-07-22,Dissolved oxygen,7.8,mg/L,
STEWARDS,ARS-MSBL-MSBL103,,33.3971296,-90.6840254,2002-10-15,Dissolved oxygen,3.5,mg/L,
STEWARDS,ARS-MSBL-MSBL103,,33.3971296,-90.6840254,2002-11-25,Dissolved oxygen,7.0,mg/L,
STEWARDS,ARS-MSBL-MSBL103,,33.3971296,-90.6840254,2003-04-14,Dissolved oxygen,5.49,mg/L,
STEWARDS,ARS-MSBL-MSBL103,,33.3971296,-90.6840254,2003-08-04,Dissolved oxygen,6.97,mg/L,
STEWARDS,ARS-MSBL-MSBL103,,33.3971296,-90.6840254,2003-11-24,Dissolved oxygen,7.77,mg/L,
STEWARDS,ARS-MSBL-MSBL103,,33.3971296,-90.6840254,2003-12-01,Dissolved oxygen,7.64,mg/L,
STEWARDS,ARS-MSBL-MSBL103,,33.3971296,-90.6840254,2004-03-15,Dissolved oxygen,6.91,mg/L,
STEWARDS,ARS-MSBL-MSBL103,,33.3971296,-90.6840254,2004-04-26,Dissolved oxygen,2.24,mg/L,
STEWARDS,ARS-MSBL-MSBL103,,33.3971296,-90.6840254,2004-06-21,Dissolved oxygen,6.23,mg/L,
STEWARDS,ARS-MSBL-MSBL101,,33.4029473,-90.670499,2001-04-02,Dissolved oxygen,8.6,mg/L,
STEWARDS,ARS-MSBL-MSBL103,,33.3971296,-90.6840254,2004-07-19,Dissolved oxygen,5.46,mg/L,
STEWARDS,ARS-MSBL-MSBL103,,33.3971296,-90.6840254,2004-08-16,Dissolved oxygen,6.83,mg/L,
STEWARDS,ARS-MSBL-MSBL103,,33.3971296,-90.6840254,2004-09-13,Dissolved oxygen,5.88,mg/L,
STEWARDS,ARS-MSBL-MSBL103,,33.3971296,-90.6840254,2004-12-13,Dissolved oxygen,6.0,mg/L,
STEWARDS,ARS-MSBL-MSBL101,,33.4029473,-90.670499,2001-04-30,Dissolved oxygen,7.0,mg/L,
STEWARDS,ARS-MSBL-MSBL101,,33.4029473,-90.670499,2001-10-29,Dissolved oxygen,6.1,mg/L,
STEWARDS,ARS-MSBL-MSBL101,,33.4029473,-90.670499,2003-11-05,Dissolved oxygen,5.48,mg/L,
STEWARDS,ARS-MSBL-MSBL101,,33.4029473,-90.670499,2002-06-10,Dissolved oxygen,9.2,mg/L,
STEWARDS,ARS-MSBL-MSBL101,,33.4029473,-90.670499,2002-06-24,Dissolved oxygen,9.3,mg/L,
STEWARDS,ARS-MSBL-MSBL101,,33.4029473,-90.670499,2002-07-22,Dissolved oxygen,7.7,mg/L,
STEWARDS,ARS-MSBL-MSBL101,,33.4029473,-90.670499,2002-09-03,Dissolved oxygen,15.6,mg/L,
STEWARDS,ARS-MSBL-MSBL101,,33.4029473,-90.670499,2004-06-07,Dissolved oxygen,6.5,mg/L,
STEWARDS,ARS-MSBL-MSBL101,,33.4029473,-90.670499,2002-10-15,Dissolved oxygen,2.4,mg/L,
STEWARDS,ARS-MSBL-MSBL101,,33.4029473,-90.670499,2002-11-12,Dissolved oxygen,7.0,mg/L,
STEWARDS,ARS-MSBL-MSBL101,,33.4029473,-90.670499,2003-01-06,Dissolved oxygen,6.5,mg/L,
STEWARDS,ARS-MSBL-MSBL101,,33.4029473,-90.670499,2003-03-03,Dissolved oxygen,8.19,mg/L,
STEWARDS,ARS-MSBL-MSBL101,,33.4029473,-90.670499,2003-04-14,Dissolved oxygen,6.34,mg/L,
STEWARDS,ARS-MSBL-MSBL101,,33.4029473,-90.670499,2003-05-27,Dissolved oxygen,6.09,mg/L,
STEWARDS,ARS-MSBL-MSBL101,,33.4029473,-90.670499,2004-01-20,Dissolved oxygen,9.56,mg/L,
STEWARDS,ARS-MSBL-MSBL101,,33.4029473,-90.670499,2004-02-03,Dissolved oxygen,9.6,mg/L,
STEWARDS,ARS-MSBL-MSBL101,,33.4029473,-90.670499,2004-03-01,Dissolved oxygen,8.28,mg/L,
STEWARDS,ARS-MSBL-MSBL101,,33.4029473,-90.670499,2004-04-12,Dissolved oxygen,6.72,mg/L,
STEWARDS,ARS-MSBL-MSBL101,,33.4029473,-90.670499,2004-04-26,Dissolved oxygen,4.62,mg/L,
STEWARDS,ARS-MSBL-MSBL101,,33.4029473,-90.670499,2004-06-21,Dissolved oxygen,6.33,mg/L,
STEWARDS,ARS-MSBL-MSBL101,,33.4029473,-90.670499,2004-09-27,Dissolved oxygen,6.33,mg/L,
STEWARDS,ARS-MSBL-MSBL101,,33.4029473,-90.670499,2001-09-04,Dissolved oxygen,6.8,mg/L,
STEWARDS,ARS-MSBL-MSBL101,,33.4029473,-90.670499,2001-10-01,Dissolved oxygen,6.4,mg/L,
STEWARDS,ARS-MSBL-MSBL101,,33.4029473,-90.670499,2001-11-26,Dissolved oxygen,7.8,mg/L,
STEWARDS,ARS-MSBL-MSBL101,,33.4029473,-90.670499,2002-01-22,Dissolved oxygen,9.5,mg/L,
STEWARDS,ARS-MSBL-MSBL101,,33.4029473,-90.670499,2002-02-04,Dissolved oxygen,6.2,mg/L,
STEWARDS,ARS-MSBL-MSBL101,,33.4029473,-90.670499,2002-03-04,Dissolved oxygen,9.7,mg/L,
STEWARDS,ARS-MSBL-MSBL101,,33.4029473,-90.670499,2002-03-18,Dissolved oxygen,7.9,mg/L,
STEWARDS,ARS-MSBL-MSBL101,,33.4029473,-90.670499,2002-11-25,Dissolved oxygen,7.2,mg/L,
STEWARDS,ARS-MSBL-MSBL101,,33.4029473,-90.670499,2002-08-05,Dissolved oxygen,7.7,mg/L,
STEWARDS,ARS-MSBL-MSBL101,,33.4029473,-90.670499,2003-02-03,Dissolved oxygen,11.4,mg/L,
STEWARDS,ARS-MSBL-MSBL101,,33.4029473,-90.670499,2003-03-17,Dissolved oxygen,7.36,mg/L,
STEWARDS,ARS-MSBL-MSBL101,,33.4029473,-90.670499,2003-04-28,Dissolved oxygen,7.51,mg/L,
STEWARDS,ARS-MSBL-MSBL101,,33.4029473,-90.670499,2003-03-31,Dissolved oxygen,7.46,mg/L,
STEWARDS,ARS-MSBL-MSBL101,,33.4029473,-90.670499,2000-01-24,Dissolved oxygen,11.1,mg/L,
STEWARDS,ARS-MSGC-MSGC_WQ_2-5,,34.2366284,-89.9093076,2000-01-18,Dissolved oxygen,7.91,mg/L,
STEWARDS,ARS-MSBL-MSBL101,,33.4029473,-90.670499,2000-03-28,Dissolved oxygen,9.0,mg/L,
STEWARDS,ARS-MSGC-MSGC_WQ_2-5,,34.2366284,-89.9093076,2000-02-28,Dissolved oxygen,7.46,mg/L,
STEWARDS,ARS-MSGC-MSGC_WQ_2-5,,34.2366284,-89.9093076,2000-03-13,Dissolved oxygen,10.24,mg/L,
STEWARDS,ARS-MSGC-MSGC_WQ_2-5,,34.2366284,-89.9093076,2000-10-10,Dissolved oxygen,8.86,mg/L,
STEWARDS,ARS-MSGC-MSGC_WQ_2-5,,34.2366284,-89.9093076,2000-06-05,Dissolved oxygen,7.58,mg/L,
STEWARDS,ARS-MSGC-MSGC_WQ_2-5,,34.2366284,-89.9093076,2000-07-17,Dissolved oxygen,6.09,mg/L,
STEWARDS,ARS-MSGC-MSGC_WQ_2-5,,34.2366284,-89.9093076,2000-11-06,Dissolved oxygen,4.43,mg/L,
STEWARDS,ARS-MSGC-MSGC_WQ_2-5,,34.2366284,-89.9093076,2000-11-20,Dissolved oxygen,9.54,mg/L,
STEWARDS,ARS-MSGC-MSGC_WQ_2-5,,34.2366284,-89.9093076,2000-12-18,Dissolved oxygen,12.21,mg/L,
STEWARDS,ARS-MSGC-MSGC_WQ_2-5,,34.2366284,-89.9093076,2001-01-22,Dissolved oxygen,12.9,mg/L,
STEWARDS,ARS-MSGC-MSGC_WQ_2-5,,34.2366284,-89.9093076,2001-07-09,Dissolved oxygen,5.06,mg/L,
STEWARDS,ARS-MSGC-MSGC_WQ_2-5,,34.2366284,-89.9093076,2003-01-21,Dissolved oxygen,9.7,mg/L,
STEWARDS,ARS-MSGC-MSGC_WQ_2-5,,34.2366284,-89.9093076,2001-11-13,Dissolved oxygen,9.7,mg/L,
STEWARDS,ARS-MSGC-MSGC_WQ_2-5,,34.2366284,-89.9093076,2002-01-08,Dissolved oxygen,11.63,mg/L,
STEWARDS,ARS-MSGC-MSGC_WQ_2-5,,34.2366284,-89.9093076,2002-04-02,Dissolved oxygen,10.05,mg/L,
STEWARDS,ARS-MSGC-MSGC_WQ_2-5,,34.2366284,-89.9093076,2002-04-16,Dissolved oxygen,10.74,mg/L,
STEWARDS,ARS-MSGC-MSGC_WQ_2-5,,34.2366284,-89.9093076,2002-05-28,Dissolved oxygen,8.85,mg/L,
STEWARDS,ARS-MSGC-MSGC_WQ_2-5,,34.2366284,-89.9093076,2002-06-11,Dissolved oxygen,6.47,mg/L,
STEWARDS,ARS-MSGC-MSGC_WQ_2-5,,34.2366284,-89.9093076,2003-01-07,Dissolved oxygen,11.77,mg/L,
STEWARDS,ARS-MSGC-MSGC_WQ_2-5,,34.2366284,-89.9093076,2003-02-04,Dissolved oxygen,12.74,mg/L,
STEWARDS,ARS-MSGC-MSGC_WQ_2-5,,34.2366284,-89.9093076,2003-03-18,Dissolved oxygen,10.03,mg/L,
STEWARDS,ARS-MSGC-MSGC_WQ_2-5,,34.2366284,-89.9093076,2003-04-15,Dissolved oxygen,8.76,mg/L,
STEWARDS,ARS-MSGC-MSGC_WQ_2-5,,34.2366284,-89.9093076,2003-06-10,Dissolved oxygen,12.31,mg/L,
STEWARDS,ARS-MSGC-MSGC_WQ_2-5,,34.2366284,-89.9093076,2003-06-24,Dissolved oxygen,8.89,mg/L,
STEWARDS,ARS-MSGC-MSGC_WQ_2-5,,34.2366284,-89.9093076,2003-08-05,Dissolved oxygen,6.14,mg/L,
STEWARDS,ARS-MSGC-MSGC_WQ_2-5,,34.2366284,-89.9093076,2003-09-16,Dissolved oxygen,6.68,mg/L,
STEWARDS,ARS-MSGC-MSGC_WQ_2-5,,34.2366284,-89.9093076,2003-09-30,Dissolved oxygen,7.97,mg/L,
STEWARDS,ARS-MSBL-MSBL101,,33.4029473,-90.670499,2000-04-10,Dissolved oxygen,6.0,mg/L,
STEWARDS,ARS-MSGC-MSGC_WQ_2-5,,34.2366284,-89.9093076,2003-10-28,Dissolved oxygen,9.2,mg/L,
STEWARDS,ARS-MSGC-MSGC_WQ_2-9,,34.251287,-89.8980738,2004-04-13,Dissolved oxygen,10.68,mg/L,
STEWARDS,ARS-MSGC-MSGC_WQ_2-5,,34.2366284,-89.9093076,2003-12-01,Dissolved oxygen,8.86,mg/L,
STEWARDS,ARS-MSGC-MSGC_WQ_2-5,,34.2366284,-89.9093076,2004-05-11,Dissolved oxygen,7.85,mg/L,
STEWARDS,ARS-MSGC-MSGC_WQ_2-5,,34.2366284,-89.9093076,2004-05-25,Dissolved oxygen,7.3,mg/L,
STEWARDS,ARS-MSGC-MSGC_WQ_2-5,,34.2366284,-89.9093076,2004-08-03,Dissolved oxygen,6.76,mg/L,
STEWARDS,ARS-MSBL-MSBL101,,33.4029473,-90.670499,2003-08-04,Dissolved oxygen,8.51,mg/L,
STEWARDS,ARS-MSGC-MSGC_WQ_2-5,,34.2366284,-89.9093076,2004-12-14,Dissolved oxygen,11.16,mg/L,
STEWARDS,ARS-MSBL-MSBL101,,33.4029473,-90.670499,2000-05-01,Dissolved oxygen,6.3,mg/L,
STEWARDS,ARS-MSGC-MSGC_WQ_2-9,,34.251287,-89.8980738,2004-03-30,Dissolved oxygen,11.09,mg/L,
STEWARDS,ARS-MSGC-MSGC_WQ_2-9,,34.251287,-89.8980738,2004-04-26,Dissolved oxygen,64.1,mg/L,
STEWARDS,ARS-MSGC-MSGC_WQ_2-9,,34.251287,-89.8980738,2004-05-25,Dissolved oxygen,7.64,mg/L,
STEWARDS,ARS-MSGC-MSGC_WQ_2-9,,34.251287,-89.8980738,2004-06-08,Dissolved oxygen,6.3,mg/L,
STEWARDS,ARS-MSGC-MSGC_WQ_2-9,,34.251287,-89.8980738,2004-10-26,Dissolved oxygen,8.47,mg/L,
STEWARDS,ARS-MSBL-MSBL101,,33.4029473,-90.670499,2000-06-05,Dissolved oxygen,4.1,mg/L,
STEWARDS,ARS-MSGC-MSGC_WQ_2-9,,34.251287,-89.8980738,2004-11-30,Dissolved oxygen,10.4,mg/L,
STEWARDS,ARS-MSBL-MSBL101,,33.4029473,-90.670499,2000-06-19,Dissolved oxygen,8.0,mg/L,
STEWARDS,ARS-MSBL-MSBL101,,33.4029473,-90.670499,2003-10-27,Dissolved oxygen,5.76,mg/L,
STEWARDS,ARS-MSBL-MSBL101,,33.4029473,-90.670499,2000-09-11,Dissolved oxygen,8.7,mg/L,
STEWARDS,ARS-MSBL-MSBL101,,33.4029473,-90.670499,2001-01-22,Dissolved oxygen,10.2,mg/L,
STEWARDS,ARS-MSBL-MSBL101,,33.4029473,-90.670499,2001-07-23,Dissolved oxygen,7.4,mg/L,
STEWARDS,ARS-MSBL-MSBL101,,33.4029473,-90.670499,2002-04-29,Dissolved oxygen,6.9,mg/L,
STEWARDS,ARS-MSBL-MSBL101,,33.4029473,-90.670499,2004-11-29,Dissolved oxygen,5.7,mg/L,
STEWARDS,ARS-MSBL-MSBL102,,33.3983362,-90.67639,2000-08-07,Dissolved oxygen,7.5,mg/L,
STEWARDS,ARS-MSBL-MSBL102,,33.3983362,-90.67639,2000-10-02,Dissolved oxygen,8.1,mg/L,
STEWARDS,ARS-MSBL-MSBL102,,33.3983362,-90.67639,2000-11-13,Dissolved oxygen,8.8,mg/L,
STEWARDS,ARS-MSBL-MSBL102,,33.3983362,-90.67639,2001-03-19,Dissolved oxygen,8.5,mg/L,
STEWARDS,ARS-MSBL-MSBL102,,33.3983362,-90.67639,2002-11-25,Dissolved oxygen,7.4,mg/L,
STEWARDS,ARS-MSBL-MSBL102,,33.3983362,-90.67639,2004-01-20,Dissolved oxygen,9.69,mg/L,
STEWARDS,ARS-MSBL-MSBL102,,33.3983362,-90.67639,2004-03-01,Dissolved oxygen,8.34,mg/L,
STEWARDS,ARS-MSBL-MSBL102,,33.3983362,-90.67639,2004-04-26,Dissolved oxygen,3.03,mg/L,
STEWARDS,ARS-MSBL-MSBL102,,33.3983362,-90.67639,2004-05-24,Dissolved oxygen,6.58,mg/L,
STEWARDS,ARS-MSBL-MSBL102,,33.3983362,-90.67639,2000-07-31,Dissolved oxygen,7.6,mg/L,
STEWARDS,ARS-MSBL-MSBL102,,33.3983362,-90.67639,2000-08-28,Dissolved oxygen,6.2,mg/L,
STEWARDS,ARS-MSBL-MSBL102,,33.3983362,-90.67639,2000-10-30,Dissolved oxygen,7.9,mg/L,
STEWARDS,ARS-MSBL-MSBL102,,33.3983362,-90.67639,2002-03-18,Dissolved oxygen,7.8,mg/L,
STEWARDS,ARS-MSBL-MSBL102,,33.3983362,-90.67639,2002-08-19,Dissolved oxygen,7.9,mg/L,
STEWARDS,ARS-MSBL-MSBL102,,33.3983362,-90.67639,2003-09-15,Dissolved oxygen,6.84,mg/L,
STEWARDS,ARS-MSBL-MSBL102,,33.3983362,-90.67639,2000-08-05,Dissolved oxygen,7.5,mg/L,
STEWARDS,ARS-MSBL-MSBL102,,33.3983362,-90.67639,2000-08-21,Dissolved oxygen,7.8,mg/L,
STEWARDS,ARS-MSBL-MSBL102,,33.3983362,-90.67639,2000-10-10,Dissolved oxygen,9.7,mg/L,
STEWARDS,ARS-MSBL-MSBL102,,33.3983362,-90.67639,2001-05-29,Dissolved oxygen,8.1,mg/L,
STEWARDS,ARS-MSBL-MSBL102,,33.3983362,-90.67639,2001-06-18,Dissolved oxygen,7.8,mg/L,
STEWARDS,ARS-MSBL-MSBL102,,33.3983362,-90.67639,2001-12-10,Dissolved oxygen,5.6,mg/L,
STEWARDS,ARS-MSBL-MSBL102,,33.3983362,-90.67639,2002-04-15,Dissolved oxygen,7.0,mg/L,
STEWARDS,ARS-MSBL-MSBL101,,33.4029473,-90.670499,2000-08-05,Dissolved oxygen,6.5,mg/L,
STEWARDS,ARS-MSBL-MSBL101,,33.4029473,-90.670499,2000-07-03,Dissolved oxygen,6.7,mg/L,
STEWARDS,ARS-MSBL-MSBL101,,33.4029473,-90.670499,2000-07-10,Dissolved oxygen,8.0,mg/L,
STEWARDS,ARS-MSBL-MSBL101,,33.4029473,-90.670499,2004-01-05,Dissolved oxygen,9.25,mg/L,
STEWARDS,ARS-MSBL-MSBL101,,33.4029473,-90.670499,2000-07-31,Dissolved oxygen,6.6,mg/L,
STEWARDS,ARS-MSBL-MSBL101,,33.4029473,-90.670499,2004-05-10,Dissolved oxygen,7.97,mg/L,
STEWARDS,ARS-MSBL-MSBL101,,33.4029473,-90.670499,2000-08-14,Dissolved oxygen,11.0,mg/L,
STEWARDS,ARS-MSBL-MSBL101,,33.4029473,-90.670499,2004-08-02,Dissolved oxygen,5.24,mg/L,
STEWARDS,ARS-MSBL-MSBL101,,33.4029473,-90.670499,2004-12-13,Dissolved oxygen,5.86,mg/L,
STEWARDS,ARS-MSBL-MSBL101,,33.4029473,-90.670499,2000-08-28,Dissolved oxygen,6.1,mg/L,
STEWARDS,ARS-MSBL-MSBL101,,33.4029473,-90.670499,2000-10-16,Dissolved oxygen,8.4,mg/L,
STEWARDS,ARS-MSBL-MSBL101,,33.4029473,-90.670499,2000-11-06,Dissolved oxygen,6.9,mg/L,
STEWARDS,ARS-MSBL-MSBL101,,33.4029473,-90.670499,2000-12-11,Dissolved oxygen,8.9,mg/L,
STEWARDS,ARS-MSBL-MSBL101,,33.4029473,-90.670499,2001-04-14,Dissolved oxygen,5.9,mg/L,
STEWARDS,ARS-MSBL-MSBL101,,33.4029473,-90.670499,2001-04-16,Dissolved oxygen,5.5,mg/L,
STEWARDS,ARS-MSBL-MSBL101,,33.4029473,-90.670499,2001-08-20,Dissolved oxygen,6.0,mg/L,
STEWARDS,ARS-MSBL-MSBL101,,33.4029473,-90.670499,2001-10-15,Dissolved oxygen,6.9,mg/L,
STEWARDS,ARS-MSBL-MSBL101,,33.4029473,-90.670499,2002-02-19,Dissolved oxygen,9.3,mg/L,
STEWARDS,ARS-MSBL-MSBL101,,33.4029473,-90.670499,2002-05-13,Dissolved oxygen,6.0,mg/L,
STEWARDS,ARS-MSBL-MSBL101,,33.4029473,-90.670499,2002-12-09,Dissolved oxygen,5.1,mg/L,
STEWARDS,ARS-MSBL-MSBL101,,33.4029473,-90.670499,2003-01-21,Dissolved oxygen,11.4,mg/L,
STEWARDS,ARS-MSBL-MSBL101,,33.4029473,-90.670499,2003-02-18,Dissolved oxygen,10.3,mg/L,
STEWARDS,ARS-MSBL-MSBL101,,33.4029473,-90.670499,2003-07-07,Dissolved oxygen,13.95,mg/L,
STEWARDS,ARS-MSBL-MSBL101,,33.4029473,-90.670499,2003-09-02,Dissolved oxygen,4.88,mg/L,
STEWARDS,ARS-MSBL-MSBL101,,33.4029473,-90.670499,2003-11-24,Dissolved oxygen,7.32,mg/L,
STEWARDS,ARS-MSBL-MSBL101,,33.4029473,-90.670499,2004-02-17,Dissolved oxygen,9.81,mg/L,
STEWARDS,ARS-MSBL-MSBL101,,33.4029473,-90.670499,2004-05-24,Dissolved oxygen,5.25,mg/L,
STEWARDS,ARS-MSBL-MSBL101,,33.4029473,-90.670499,2004-07-19,Dissolved oxygen,2.31,mg/L,
STEWARDS,ARS-MSBL-MSBL101,,33.4029473,-90.670499,2004-08-16,Dissolved oxygen,5.77,mg/L,
STEWARDS,ARS-MSBL-MSBL101,,33.4029473,-90.670499,2004-08-30,Dissolved oxygen,2.88,mg/L,
STEWARDS,ARS-MSBL-MSBL101,,33.4029473,-90.670499,2004-09-13,Dissolved oxygen,7.06,mg/L,
STEWARDS,ARS-MSBL-MSBL101,,33.4029473,-90.670499,2004-10-12,Dissolved oxygen,8.1,mg/L,
STEWARDS,ARS-MSBL-MSBL101,,33.4029473,-90.670499,2004-11-08,Dissolved oxygen,6.51,mg/L,
STEWARDS,ARS-MSBL-MSBL102,,33.3983362,-90.67639,2002-11-12,Dissolved oxygen,7.8,mg/L,
STEWARDS,ARS-MSBL-MSBL102,,33.3983362,-90.67639,2004-04-12,Dissolved oxygen,6.53,mg/L,
STEWARDS,ARS-MSBL-MSBL103,,33.3971296,-90.6840254,2000-05-22,Dissolved oxygen,5.6,mg/L,
STEWARDS,ARS-MSBL-MSBL103,,33.3971296,-90.6840254,2003-06-09,Dissolved oxygen,9.17,mg/L,
STEWARDS,ARS-MSBL-MSBL102,,33.3983362,-90.67639,2000-01-31,Dissolved oxygen,13.8,mg/L,
STEWARDS,ARS-MSBL-MSBL102,,33.3983362,-90.67639,2000-02-14,Dissolved oxygen,10.9,mg/L,
STEWARDS,ARS-MSBL-MSBL102,,33.3983362,-90.67639,2000-02-22,Dissolved oxygen,10.8,mg/L,
STEWARDS,ARS-MSBL-MSBL102,,33.3983362,-90.67639,2000-03-28,Dissolved oxygen,8.5,mg/L,
STEWARDS,ARS-MSBL-MSBL102,,33.3983362,-90.67639,2000-05-01,Dissolved oxygen,6.1,mg/L,
STEWARDS,ARS-MSBL-MSBL102,,33.3983362,-90.67639,2000-06-05,Dissolved oxygen,5.2,mg/L,
STEWARDS,ARS-MSBL-MSBL102,,33.3983362,-90.67639,2000-07-17,Dissolved oxygen,9.7,mg/L,
STEWARDS,ARS-MSBL-MSBL102,,33.3983362,-90.67639,2000-09-11,Dissolved oxygen,10.1,mg/L,
STEWARDS,ARS-MSBL-MSBL102,,33.3983362,-90.67639,2000-09-25,Dissolved oxygen,6.2,mg/L,
STEWARDS,ARS-MSBL-MSBL102,,33.3983362,-90.67639,2000-11-06,Dissolved oxygen,7.3,mg/L,
STEWARDS,ARS-MSBL-MSBL102,,33.3983362,-90.67639,2000-12-04,Dissolved oxygen,8.6,mg/L,
STEWARDS,ARS-MSBL-MSBL102,,33.3983362,-90.67639,2001-03-12,Dissolved oxygen,8.3,mg/L,
STEWARDS,ARS-MSBL-MSBL102,,33.3983362,-90.67639,2001-06-25,Dissolved oxygen,8.1,mg/L,
STEWARDS,ARS-MSBL-MSBL102,,33.3983362,-90.67639,2001-08-06,Dissolved oxygen,7.4,mg/L,
STEWARDS,ARS-MSBL-MSBL102,,33.3983362,-90.67639,2001-08-20,Dissolved oxygen,5.6,mg/L,
STEWARDS,ARS-MSBL-MSBL102,,33.3983362,-90.67639,2001-10-15,Dissolved oxygen,6.5,mg/L,
STEWARDS,ARS-MSBL-MSBL102,,33.3983362,-90.67639,2002-02-19,Dissolved oxygen,9.0,mg/L,
STEWARDS,ARS-MSBL-MSBL102,,33.3983362,-90.67639,2002-04-01,Dissolved oxygen,8.6,mg/L,
STEWARDS,ARS-MSBL-MSBL102,,33.3983362,-90.67639,2002-06-10,Dissolved oxygen,8.7,mg/L,
STEWARDS,ARS-MSBL-MSBL102,,33.3983362,-90.67639,2002-10-15,Dissolved oxygen,2.3,mg/L,
STEWARDS,ARS-MSBL-MSBL102,,33.3983362,-90.67639,2002-12-09,Dissolved oxygen,6.2,mg/L,
STEWARDS,ARS-MSBL-MSBL102,,33.3983362,-90.67639,2003-01-21,Dissolved oxygen,11.4,mg/L,
STEWARDS,ARS-MSBL-MSBL102,,33.3983362,-90.67639,2003-02-18,Dissolved oxygen,10.1,mg/L,
STEWARDS,ARS-MSBL-MSBL102,,33.3983362,-90.67639,2003-03-03,Dissolved oxygen,8.36,mg/L,
STEWARDS,ARS-MSBL-MSBL102,,33.3983362,-90.67639,2003-06-09,Dissolved oxygen,8.87,mg/L,
STEWARDS,ARS-MSBL-MSBL102,,33.3983362,-90.67639,2004-02-03,Dissolved oxygen,9.56,mg/L,
STEWARDS,ARS-MSBL-MSBL102,,33.3983362,-90.67639,2004-02-17,Dissolved oxygen,10.01,mg/L,
STEWARDS,ARS-MSBL-MSBL102,,33.3983362,-90.67639,2004-03-15,Dissolved oxygen,6.92,mg/L,
STEWARDS,ARS-MSBL-MSBL102,,33.3983362,-90.67639,2004-06-07,Dissolved oxygen,6.76,mg/L,
STEWARDS,ARS-MSBL-MSBL102,,33.3983362,-90.67639,2004-07-06,Dissolved oxygen,7.96,mg/L,
STEWARDS,ARS-MSBL-MSBL102,,33.3983362,-90.67639,2004-07-19,Dissolved oxygen,5.22,mg/L,
STEWARDS,ARS-MSBL-MSBL102,,33.3983362,-90.67639,2000-07-10,Dissolved oxygen,7.3,mg/L,
STEWARDS,ARS-MSBL-MSBL102,,33.3983362,-90.67639,2000-07-03,Dissolved oxygen,6.8,mg/L,
STEWARDS,ARS-MSBL-MSBL102,,33.3983362,-90.67639,2000-06-12,Dissolved oxygen,9.4,mg/L,
STEWARDS,ARS-MSBL-MSBL102,,33.3983362,-90.67639,2000-04-03,Dissolved oxygen,9.5,mg/L,
STEWARDS,ARS-MSBL-MSBL102,,33.3983362,-90.67639,2000-01-10,Dissolved oxygen,10.3,mg/L,
STEWARDS,ARS-MSBL-MSBL102,,33.3983362,-90.67639,2000-02-28,Dissolved oxygen,8.6,mg/L,
STEWARDS,ARS-MSBL-MSBL102,,33.3983362,-90.67639,2000-03-13,Dissolved oxygen,8.1,mg/L,
STEWARDS,ARS-MSBL-MSBL102,,33.3983362,-90.67639,2000-05-15,Dissolved oxygen,6.3,mg/L,
STEWARDS,ARS-MSBL-MSBL102,,33.3983362,-90.67639,2000-05-22,Dissolved oxygen,6.7,mg/L,
STEWARDS,ARS-MSBL-MSBL102,,33.3983362,-90.67639,2000-06-19,Dissolved oxygen,7.0,mg/L,
STEWARDS,ARS-MSBL-MSBL102,,33.3983362,-90.67639,2000-06-26,Dissolved oxygen,6.2,mg/L,
STEWARDS,ARS-MSBL-MSBL102,,33.3983362,-90.67639,2000-08-14,Dissolved oxygen,11.8,mg/L,
STEWARDS,ARS-MSBL-MSBL102,,33.3983362,-90.67639,2000-09-18,Dissolved oxygen,7.7,mg/L,
STEWARDS,ARS-MSBL-MSBL102,,33.3983362,-90.67639,2000-12-18,Dissolved oxygen,11.2,mg/L,
STEWARDS,ARS-MSBL-MSBL102,,33.3983362,-90.67639,2001-01-22,Dissolved oxygen,10.9,mg/L,
STEWARDS,ARS-MSBL-MSBL102,,33.3983362,-90.67639,2001-02-05,Dissolved oxygen,9.7,mg/L,
STEWARDS,ARS-MSBL-MSBL102,,33.3983362,-90.67639,2001-02-20,Dissolved oxygen,8.9,mg/L,
STEWARDS,ARS-MSBL-MSBL102,,33.3983362,-90.67639,2001-09-17,Dissolved oxygen,5.2,mg/L,
STEWARDS,ARS-MSBL-MSBL102,,33.3983362,-90.67639,2002-02-04,Dissolved oxygen,6.5,mg/L,
STEWARDS,ARS-MSBL-MSBL102,,33.3983362,-90.67639,2002-05-13,Dissolved oxygen,6.2,mg/L,
STEWARDS,ARS-MSBL-MSBL102,,33.3983362,-90.67639,2002-08-05,Dissolved oxygen,6.6,mg/L,
STEWARDS,ARS-MSBL-MSBL102,,33.3983362,-90.67639,2003-01-06,Dissolved oxygen,6.9,mg/L,
STEWARDS,ARS-MSBL-MSBL102,,33.3983362,-90.67639,2003-03-31,Dissolved oxygen,7.68,mg/L,
STEWARDS,ARS-MSBL-MSBL102,,33.3983362,-90.67639,2003-04-14,Dissolved oxygen,6.08,mg/L,
STEWARDS,ARS-MSBL-MSBL102,,33.3983362,-90.67639,2003-05-27,Dissolved oxygen,7.15,mg/L,
STEWARDS,ARS-MSBL-MSBL102,,33.3983362,-90.67639,2003-06-23,Dissolved oxygen,10.57,mg/L,
STEWARDS,ARS-MSBL-MSBL102,,33.3983362,-90.67639,2003-07-07,Dissolved oxygen,13.06,mg/L,
STEWARDS,ARS-MSBL-MSBL102,,33.3983362,-90.67639,2003-08-04,Dissolved oxygen,7.37,mg/L,
STEWARDS,ARS-MSBL-MSBL102,,33.3983362,-90.67639,2003-10-14,Dissolved oxygen,7.0,mg/L,
STEWARDS,ARS-MSBL-MSBL102,,33.3983362,-90.67639,2004-05-10,Dissolved oxygen,7.99,mg/L,
STEWARDS,ARS-MSBL-MSBL102,,33.3983362,-90.67639,2004-08-02,Dissolved oxygen,5.68,mg/L,
STEWARDS,ARS-MSBL-MSBL102,,33.3983362,-90.67639,2000-04-24,Dissolved oxygen,5.8,mg/L,
STEWARDS,ARS-MSBL-MSBL102,,33.3983362,-90.67639,2004-09-27,Dissolved oxygen,6.82,mg/L,
STEWARDS,ARS-MSBL-MSBL102,,33.3983362,-90.67639,2004-10-12,Dissolved oxygen,7.49,mg/L,
STEWARDS,ARS-MSBL-MSBL102,,33.3983362,-90.67639,2004-10-25,Dissolved oxygen,7.32,mg/L,
STEWARDS,ARS-MSBL-MSBL102,,33.3983362,-90.67639,2004-11-08,Dissolved oxygen,7.05,mg/L,
STEWARDS,ARS-MSBL-MSBL102,,33.3983362,-90.67639,2004-12-13,Dissolved oxygen,5.76,mg/L,
STEWARDS,ARS-MSBL-MSBL102,,33.3983362,-90.67639,2000-02-07,Dissolved oxygen,11.9,mg/L,
STEWARDS,ARS-MSBL-MSBL102,,33.3983362,-90.67639,2000-04-17,Dissolved oxygen,5.2,mg/L,
STEWARDS,ARS-MSBL-MSBL102,,33.3983362,-90.67639,2000-05-30,Dissolved oxygen,6.2,mg/L,
STEWARDS,ARS-MSBL-MSBL102,,33.3983362,-90.67639,2000-10-23,Dissolved oxygen,8.5,mg/L,
STEWARDS,ARS-MSBL-MSBL102,,33.3983362,-90.67639,2001-01-08,Dissolved oxygen,10.4,mg/L,
STEWARDS,ARS-MSBL-MSBL102,,33.3983362,-90.67639,2001-04-02,Dissolved oxygen,8.5,mg/L,
STEWARDS,ARS-MSBL-MSBL102,,33.3983362,-90.67639,2001-04-14,Dissolved oxygen,6.5,mg/L,
STEWARDS,ARS-MSBL-MSBL102,,33.3983362,-90.67639,2001-07-09,Dissolved oxygen,7.7,mg/L,
STEWARDS,ARS-MSBL-MSBL102,,33.3983362,-90.67639,2001-07-23,Dissolved oxygen,7.5,mg/L,
STEWARDS,ARS-MSBL-MSBL102,,33.3983362,-90.67639,2001-10-01,Dissolved oxygen,6.9,mg/L,
STEWARDS,ARS-MSBL-MSBL102,,33.3983362,-90.67639,2002-01-08,Dissolved oxygen,8.8,mg/L,
STEWARDS,ARS-MSBL-MSBL102,,33.3983362,-90.67639,2002-06-24,Dissolved oxygen,9.8,mg/L,
STEWARDS,ARS-MSBL-MSBL102,,33.3983362,-90.67639,2002-07-08,Dissolved oxygen,9.6,mg/L,
STEWARDS,ARS-MSBL-MSBL102,,33.3983362,-90.67639,2002-09-30,Dissolved oxygen,7.8,mg/L,
STEWARDS,ARS-MSBL-MSBL102,,33.3983362,-90.67639,2003-02-03,Dissolved oxygen,11.4,mg/L,
STEWARDS,ARS-MSBL-MSBL102,,33.3983362,-90.67639,2003-05-12,Dissolved oxygen,8.19,mg/L,
STEWARDS,ARS-MSBL-MSBL102,,33.3983362,-90.67639,2003-07-21,Dissolved oxygen,7.1,mg/L,
STEWARDS,ARS-MSBL-MSBL102,,33.3983362,-90.67639,2003-08-18,Dissolved oxygen,6.61,mg/L,
STEWARDS,ARS-MSBL-MSBL102,,33.3983362,-90.67639,2003-09-02,Dissolved oxygen,5.13,mg/L,
STEWARDS,ARS-MSBL-MSBL102,,33.3983362,-90.67639,2003-10-27,Dissolved oxygen,6.02,mg/L,
STEWARDS,ARS-MSBL-MSBL102,,33.3983362,-90.67639,2003-11-05,Dissolved oxygen,6.37,mg/L,
STEWARDS,ARS-MSBL-MSBL102,,33.3983362,-90.67639,2003-12-01,Dissolved oxygen,8.21,mg/L,
STEWARDS,ARS-MSBL-MSBL102,,33.3983362,-90.67639,2004-01-05,Dissolved oxygen,9.1,mg/L,
STEWARDS,ARS-MSBL-MSBL102,,33.3983362,-90.67639,2004-03-29,Dissolved oxygen,7.34,mg/L,
STEWARDS,ARS-MSBL-MSBL102,,33.3983362,-90.67639,2004-08-16,Dissolved oxygen,6.65,mg/L,
STEWARDS,ARS-MSBL-MSBL103,,33.3971296,-90.6840254,2000-01-24,Dissolved oxygen,11.8,mg/L,
STEWARDS,ARS-MSBL-MSBL103,,33.3971296,-90.6840254,2000-03-13,Dissolved oxygen,7.9,mg/L,
STEWARDS,ARS-MSBL-MSBL103,,33.3971296,-90.6840254,2000-05-15,Dissolved oxygen,6.4,mg/L,
STEWARDS,ARS-MSBL-MSBL103,,33.3971296,-90.6840254,2000-06-05,Dissolved oxygen,5.4,mg/L,
STEWARDS,ARS-MSBL-MSBL103,,33.3971296,-90.6840254,2000-06-19,Dissolved oxygen,5.9,mg/L,
STEWARDS,ARS-MSBL-MSBL103,,33.3971296,-90.6840254,2000-06-26,Dissolved oxygen,5.6,mg/L,
STEWARDS,ARS-MSBL-MSBL103,,33.3971296,-90.6840254,2000-07-17,Dissolved oxygen,9.9,mg/L,
STEWARDS,ARS-MSBL-MSBL103,,33.3971296,-90.6840254,2000-08-21,Dissolved oxygen,8.1,mg/L,
STEWARDS,ARS-MSBL-MSBL103,,33.3971296,-90.6840254,2000-09-25,Dissolved oxygen,5.9,mg/L,
STEWARDS,ARS-MSBL-MSBL103,,33.3971296,-90.6840254,2000-10-10,Dissolved oxygen,10.0,mg/L,
STEWARDS,ARS-MSBL-MSBL103,,33.3971296,-90.6840254,2000-10-16,Dissolved oxygen,8.3,mg/L,
STEWARDS,ARS-MSBL-MSBL103,,33.3971296,-90.6840254,2000-10-30,Dissolved oxygen,8.2,mg/L,
STEWARDS,ARS-MSBL-MSBL103,,33.3971296,-90.6840254,2000-11-13,Dissolved oxygen,8.5,mg/L,
STEWARDS,ARS-MSBL-MSBL103,,33.3971296,-90.6840254,2000-12-04,Dissolved oxygen,8.8,mg/L,
STEWARDS,ARS-MSBL-MSBL103,,33.3971296,-90.6840254,2001-01-08,Dissolved oxygen,9.9,mg/L,
STEWARDS,ARS-MSBL-MSBL103,,33.3971296,-90.6840254,2001-01-22,Dissolved oxygen,10.9,mg/L,
STEWARDS,ARS-MSBL-MSBL103,,33.3971296,-90.6840254,2001-06-25,Dissolved oxygen,7.9,mg/L,
STEWARDS,ARS-MSBL-MSBL103,,33.3971296,-90.6840254,2001-10-15,Dissolved oxygen,5.0,mg/L,
STEWARDS,ARS-MSBL-MSBL103,,33.3971296,-90.6840254,2001-10-29,Dissolved oxygen,5.9,mg/L,
STEWARDS,ARS-MSBL-MSBL103,,33.3971296,-90.6840254,2001-12-10,Dissolved oxygen,5.8,mg/L,
STEWARDS,ARS-MSBL-MSBL103,,33.3971296,-90.6840254,2002-03-04,Dissolved oxygen,10.0,mg/L,
STEWARDS,ARS-MSBL-MSBL103,,33.3971296,-90.6840254,2002-08-19,Dissolved oxygen,7.4,mg/L,
STEWARDS,ARS-MSBL-MSBL103,,33.3971296,-90.6840254,2002-12-09,Dissolved oxygen,7.2,mg/L,
STEWARDS,ARS-MSBL-MSBL103,,33.3971296,-90.6840254,2003-01-21,Dissolved oxygen,10.8,mg/L,
STEWARDS,ARS-MSBL-MSBL103,,33.3971296,-90.6840254,2003-02-03,Dissolved oxygen,10.6,mg/L,
STEWARDS,ARS-MSBL-MSBL103,,33.3971296,-90.6840254,2003-03-03,Dissolved oxygen,8.74,mg/L,
STEWARDS,ARS-MSBL-MSBL103,,33.3971296,-90.6840254,2003-04-28,Dissolved oxygen,6.53,mg/L,
STEWARDS,ARS-MSBL-MSBL103,,33.3971296,-90.6840254,2003-05-27,Dissolved oxygen,8.16,mg/L,
STEWARDS,ARS-MSBL-MSBL103,,33.3971296,-90.6840254,2003-09-02,Dissolved oxygen,5.48,mg/L,
STEWARDS,ARS-MSBL-MSBL103,,33.3971296,-90.6840254,2004-05-10,Dissolved oxygen,8.01,mg/L,
STEWARDS,ARS-MSBL-MSBL103,,33.3971296,-90.6840254,2004-10-12,Dissolved oxygen,5.88,mg/L,
STEWARDS,ARS-MSBL-MSBL103,,33.3971296,-90.6840254,2004-11-29,Dissolved oxygen,6.57,mg/L,
STEWARDS,ARS-MSBL-MSBL103,,33.3971296,-90.6840254,2004-01-05,Dissolved oxygen,8.23,mg/L,
STEWARDS,ARS-MSBL-MSBL103,,33.3971296,-90.6840254,2004-08-30,Dissolved oxygen,5.17,mg/L,
STEWARDS,ARS-MSBL-MSBL103,,33.3971296,-90.6840254,2000-04-17,Dissolved oxygen,5.0,mg/L,
STEWARDS,ARS-MSGC-MSGC_WQ_2-5,,34.2366284,-89.9093076,2003-03-04,Dissolved oxygen,10.99,mg/L,
STEWARDS,ARS-MSGC-MSGC_WQ_2-5,,34.2366284,-89.9093076,2000-05-22,Dissolved oxygen,7.01,mg/L,
STEWARDS,ARS-MSBL-MSBL103,,33.3971296,-90.6840254,2001-03-19,Dissolved oxygen,8.8,mg/L,
STEWARDS,ARS-MSBL-MSBL103,,33.3971296,-90.6840254,2001-07-23,Dissolved oxygen,8.2,mg/L,
STEWARDS,ARS-MSBL-MSBL103,,33.3971296,-90.6840254,2001-09-17,Dissolved oxygen,3.6,mg/L,
STEWARDS,ARS-MSBL-MSBL103,,33.3971296,-90.6840254,2000-02-07,Dissolved oxygen,11.7,mg/L,
STEWARDS,ARS-MSBL-MSBL103,,33.3971296,-90.6840254,2000-02-22,Dissolved oxygen,10.7,mg/L,
STEWARDS,ARS-MSBL-MSBL103,,33.3971296,-90.6840254,2000-02-28,Dissolved oxygen,8.8,mg/L,
STEWARDS,ARS-MSBL-MSBL103,,33.3971296,-90.6840254,2000-04-24,Dissolved oxygen,6.7,mg/L,
STEWARDS,ARS-MSBL-MSBL103,,33.3971296,-90.6840254,2000-07-10,Dissolved oxygen,4.4,mg/L,
STEWARDS,ARS-MSBL-MSBL103,,33.3971296,-90.6840254,2000-08-07,Dissolved oxygen,8.0,mg/L,
STEWARDS,ARS-MSBL-MSBL103,,33.3971296,-90.6840254,2000-08-14,Dissolved oxygen,11.7,mg/L,
STEWARDS,ARS-MSBL-MSBL103,,33.3971296,-90.6840254,2000-09-11,Dissolved oxygen,7.1,mg/L,
STEWARDS,ARS-MSBL-MSBL103,,33.3971296,-90.6840254,2000-09-18,Dissolved oxygen,7.2,mg/L,
STEWARDS,ARS-MSBL-MSBL103,,33.3971296,-90.6840254,2000-11-20,Dissolved oxygen,12.6,mg/L,
STEWARDS,ARS-MSBL-MSBL103,,33.3971296,-90.6840254,2000-12-18,Dissolved oxygen,11.2,mg/L,
STEWARDS,ARS-MSBL-MSBL103,,33.3971296,-90.6840254,2001-02-05,Dissolved oxygen,9.6,mg/L,
STEWARDS,ARS-MSBL-MSBL103,,33.3971296,-90.6840254,2001-03-12,Dissolved oxygen,8.5,mg/L,
STEWARDS,ARS-MSBL-MSBL103,,33.3971296,-90.6840254,2001-05-14,Dissolved oxygen,6.5,mg/L,
STEWARDS,ARS-MSBL-MSBL103,,33.3971296,-90.6840254,2001-06-18,Dissolved oxygen,7.6,mg/L,
STEWARDS,ARS-MSBL-MSBL103,,33.3971296,-90.6840254,2001-07-09,Dissolved oxygen,7.9,mg/L,
STEWARDS,ARS-MSBL-MSBL103,,33.3971296,-90.6840254,2001-08-06,Dissolved oxygen,7.7,mg/L,
STEWARDS,ARS-MSBL-MSBL103,,33.3971296,-90.6840254,2002-02-19,Dissolved oxygen,9.1,mg/L,
STEWARDS,ARS-MSBL-MSBL103,,33.3971296,-90.6840254,2002-06-10,Dissolved oxygen,7.1,mg/L,
STEWARDS,ARS-MSBL-MSBL103,,33.3971296,-90.6840254,2002-08-05,Dissolved oxygen,6.9,mg/L,
STEWARDS,ARS-MSBL-MSBL103,,33.3971296,-90.6840254,2002-09-03,Dissolved oxygen,13.5,mg/L,
STEWARDS,ARS-MSBL-MSBL103,,33.3971296,-90.6840254,2002-11-12,Dissolved oxygen,7.4,mg/L,
STEWARDS,ARS-MSBL-MSBL103,,33.3971296,-90.6840254,2003-05-12,Dissolved oxygen,9.49,mg/L,
STEWARDS,ARS-MSBL-MSBL103,,33.3971296,-90.6840254,2004-01-20,Dissolved oxygen,9.69,mg/L,
STEWARDS,ARS-MSBL-MSBL103,,33.3971296,-90.6840254,2004-02-03,Dissolved oxygen,9.5,mg/L,
STEWARDS,ARS-MSBL-MSBL103,,33.3971296,-90.6840254,2004-03-01,Dissolved oxygen,7.81,mg/L,
STEWARDS,ARS-MSBL-MSBL103,,33.3971296,-90.6840254,2004-03-29,Dissolved oxygen,6.97,mg/L,
STEWARDS,ARS-MSBL-MSBL103,,33.3971296,-90.6840254,2004-06-07,Dissolved oxygen,3.6,mg/L,
STEWARDS,ARS-MSBL-MSBL103,,33.3971296,-90.6840254,2004-10-25,Dissolved oxygen,6.13,mg/L,
STEWARDS,ARS-MSGC-MSGC_WQ_2-5,,34.2366284,-89.9093076,2004-03-02,Dissolved oxygen,9.43,mg/L,
STEWARDS,ARS-MSGC-MSGC_WQ_2-5,,34.2366284,-89.9093076,2004-11-09,Dissolved oxygen,9.5,mg/L,
STEWARDS,ARS-MSGC-MSGC_WQ_2-9,,34.251287,-89.8980738,2004-07-06,Dissolved oxygen,8.68,mg/L,
STEWARDS,ARS-MSBL-MSBL103,,33.3971296,-90.6840254,2000-03-06,Dissolved oxygen,8.4,mg/L,
STEWARDS,ARS-MSBL-MSBL103,,33.3971296,-90.6840254,2002-01-22,Dissolved oxygen,9.7,mg/L,
STEWARDS,ARS-MSBL-MSBL103,,33.3971296,-90.6840254,2004-04-12,Dissolved oxygen,7.5,mg/L,
STEWARDS,ARS-MSGC-MSGC_WQ_2-9,,34.251287,-89.8980738,2004-08-03,Dissolved oxygen,7.45,mg/L,
STEWARDS,ARS-MSGC-MSGC_WQ_2-5,,34.2366284,-89.9093076,2001-06-18,Dissolved oxygen,6.88,mg/L,
STEWARDS,ARS-MSGC-MSGC_WQ_2-5,,34.2366284,-89.9093076,2000-02-14,Dissolved oxygen,9.28,mg/L,
STEWARDS,ARS-MSGC-MSGC_WQ_2-5,,34.2366284,-89.9093076,2000-03-27,Dissolved oxygen,7.6,mg/L,
STEWARDS,ARS-MSGC-MSGC_WQ_2-5,,34.2366284,-89.9093076,2000-04-10,Dissolved oxygen,9.44,mg/L,
STEWARDS,ARS-MSGC-MSGC_WQ_2-5,,34.2366284,-89.9093076,2000-04-24,Dissolved oxygen,10.23,mg/L,
STEWARDS,ARS-MSGC-MSGC_WQ_2-5,,34.2366284,-89.9093076,2000-05-08,Dissolved oxygen,7.84,mg/L,
STEWARDS,ARS-MSGC-MSGC_WQ_2-5,,34.2366284,-89.9093076,2000-07-31,Dissolved oxygen,5.19,mg/L,
STEWARDS,ARS-MSGC-MSGC_WQ_2-5,,34.2366284,-89.9093076,2000-08-14,Dissolved oxygen,6.59,mg/L,
STEWARDS,ARS-MSGC-MSGC_WQ_2-5,,34.2366284,-89.9093076,2000-09-25,Dissolved oxygen,4.44,mg/L,
STEWARDS,ARS-MSGC-MSGC_WQ_2-5,,34.2366284,-89.9093076,2000-10-23,Dissolved oxygen,6.28,mg/L,
STEWARDS,ARS-MSGC-MSGC_WQ_2-5,,34.2366284,-89.9093076,2000-12-04,Dissolved oxygen,10.57,mg/L,
STEWARDS,ARS-MSGC-MSGC_WQ_2-5,,34.2366284,-89.9093076,2001-01-08,Dissolved oxygen,14.38,mg/L,
STEWARDS,ARS-MSGC-MSGC_WQ_2-5,,34.2366284,-89.9093076,2001-02-05,Dissolved oxygen,13.13,mg/L,
STEWARDS,ARS-MSGC-MSGC_WQ_2-5,,34.2366284,-89.9093076,2001-04-02,Dissolved oxygen,9.81,mg/L,
STEWARDS,ARS-MSGC-MSGC_WQ_2-5,,34.2366284,-89.9093076,2001-05-14,Dissolved oxygen,6.68,mg/L,
STEWARDS,ARS-MSGC-MSGC_WQ_2-5,,34.2366284,-89.9093076,2001-05-29,Dissolved oxygen,7.39,mg/L,
STEWARDS,ARS-MSGC-MSGC_WQ_2-5,,34.2366284,-89.9093076,2001-06-25,Dissolved oxygen,8.48,mg/L,
STEWARDS,ARS-MSGC-MSGC_WQ_2-5,,34.2366284,-89.9093076,2002-07-23,Dissolved oxygen,6.88,mg/L,
STEWARDS,ARS-MSGC-MSGC_WQ_2-5,,34.2366284,-89.9093076,2001-08-20,Dissolved oxygen,7.1,mg/L,
STEWARDS,ARS-MSGC-MSGC_WQ_2-5,,34.2366284,-89.9093076,2001-10-02,Dissolved oxygen,8.24,mg/L,
STEWARDS,ARS-MSGC-MSGC_WQ_2-5,,34.2366284,-89.9093076,2001-10-16,Dissolved oxygen,8.05,mg/L,
STEWARDS,ARS-MSGC-MSGC_WQ_2-5,,34.2366284,-89.9093076,2002-02-19,Dissolved oxygen,13.11,mg/L,
STEWARDS,ARS-MSGC-MSGC_WQ_2-5,,34.2366284,-89.9093076,2002-05-14,Dissolved oxygen,9.93,mg/L,
STEWARDS,ARS-MSGC-MSGC_WQ_2-5,,34.2366284,-89.9093076,2002-06-25,Dissolved oxygen,112.6,mg/L,
STEWARDS,ARS-MSGC-MSGC_WQ_2-5,,34.2366284,-89.9093076,2002-08-20,Dissolved oxygen,6.72,mg/L,
STEWARDS,ARS-MSGC-MSGC_WQ_2-5,,34.2366284,-89.9093076,2002-09-03,Dissolved oxygen,7.11,mg/L,
STEWARDS,ARS-MSGC-MSGC_WQ_2-5,,34.2366284,-89.9093076,2002-11-12,Dissolved oxygen,8.82,mg/L,
STEWARDS,ARS-MSGC-MSGC_WQ_2-5,,34.2366284,-89.9093076,2002-12-10,Dissolved oxygen,10.24,mg/L,
STEWARDS,ARS-MSGC-MSGC_WQ_2-5,,34.2366284,-89.9093076,2003-07-08,Dissolved oxygen,9.0,mg/L,
STEWARDS,ARS-MSGC-MSGC_WQ_2-5,,34.2366284,-89.9093076,2003-07-22,Dissolved oxygen,7.27,mg/L,
STEWARDS,ARS-MSGC-MSGC_WQ_2-5,,34.2366284,-89.9093076,2003-09-02,Dissolved oxygen,6.13,mg/L,
STEWARDS,ARS-MSGC-MSGC_WQ_2-5,,34.2366284,-89.9093076,2003-11-10,Dissolved oxygen,7.53,mg/L,
STEWARDS,ARS-MSGC-MSGC_WQ_2-5,,34.2366284,-89.9093076,2004-02-17,Dissolved oxygen,15.84,mg/L,
STEWARDS,ARS-MSGC-MSGC_WQ_2-5,,34.2366284,-89.9093076,2001-10-30,Dissolved oxygen,14.47,mg/L,
STEWARDS,ARS-MSGC-MSGC_WQ_2-5,,34.2366284,-89.9093076,2004-04-26,Dissolved oxygen,69.3,mg/L,
STEWARDS,ARS-MSGC-MSGC_WQ_2-5,,34.2366284,-89.9093076,2004-08-17,Dissolved oxygen,7.72,mg/L,
STEWARDS,ARS-MSGC-MSGC_WQ_2-5,,34.2366284,-89.9093076,2004-09-14,Dissolved oxygen,7.23,mg/L,
STEWARDS,ARS-MSGC-MSGC_WQ_2-5,,34.2366284,-89.9093076,2004-10-12,Dissolved oxygen,7.43,mg/L,
STEWARDS,ARS-MSGC-MSGC_WQ_2-5,,34.2366284,-89.9093076,2004-10-26,Dissolved oxygen,8.46,mg/L,
STEWARDS,ARS-MSGC-MSGC_WQ_2-5,,34.2366284,-89.9093076,2004-11-30,Dissolved oxygen,10.4,mg/L,
STEWARDS,ARS-MSGC-MSGC_WQ_2-9,,34.251287,-89.8980738,2004-02-03,Dissolved oxygen,14.31,mg/L,
STEWARDS,ARS-MSGC-MSGC_WQ_2-9,,34.251287,-89.8980738,2004-03-16,Dissolved oxygen,12.15,mg/L,
STEWARDS,ARS-MSGC-MSGC_WQ_2-9,,34.251287,-89.8980738,2004-05-11,Dissolved oxygen,8.68,mg/L,
STEWARDS,ARS-MSGC-MSGC_WQ_2-9,,34.251287,-89.8980738,2004-09-14,Dissolved oxygen,7.81,mg/L,
STEWARDS,ARS-MSGC-MSGC_WQ_2-9,,34.251287,-89.8980738,2004-11-09,Dissolved oxygen,10.59,mg/L,
STEWARDS,ARS-MSBL-MSBL103,,33.3971296,-90.6840254,2000-01-03,Dissolved oxygen,7.7,mg/L,
STEWARDS,ARS-MSBL-MSBL103,,33.3971296,-90.6840254,2000-01-31,Dissolved oxygen,13.7,mg/L,
STEWARDS,ARS-MSBL-MSBL103,,33.3971296,-90.6840254,2000-02-14,Dissolved oxygen,10.3,mg/L,
STEWARDS,ARS-MSBL-MSBL103,,33.3971296,-90.6840254,2000-03-20,Dissolved oxygen,9.4,mg/L,
STEWARDS,ARS-MSBL-MSBL103,,33.3971296,-90.6840254,2000-03-28,Dissolved oxygen,8.3,mg/L,
STEWARDS,ARS-MSBL-MSBL103,,33.3971296,-90.6840254,2000-04-03,Dissolved oxygen,9.8,mg/L,
STEWARDS,ARS-MSBL-MSBL103,,33.3971296,-90.6840254,2000-04-10,Dissolved oxygen,6.2,mg/L,
STEWARDS,ARS-MSBL-MSBL103,,33.3971296,-90.6840254,2000-06-12,Dissolved oxygen,8.7,mg/L,
STEWARDS,ARS-MSGC-MSGC_WQ_2-5,,34.2366284,-89.9093076,2002-03-05,Dissolved oxygen,12.91,mg/L,
STEWARDS,ARS-MSBL-MSBL103,,33.3971296,-90.6840254,2000-07-24,Dissolved oxygen,8.4,mg/L,
STEWARDS,ARS-MSBL-MSBL103,,33.3971296,-90.6840254,2000-07-31,Dissolved oxygen,7.7,mg/L,
STEWARDS,ARS-MSBL-MSBL103,,33.3971296,-90.6840254,2000-08-28,Dissolved oxygen,5.7,mg/L,
STEWARDS,ARS-MSBL-MSBL103,,33.3971296,-90.6840254,2000-10-23,Dissolved oxygen,7.9,mg/L,
STEWARDS,ARS-MSBL-MSBL103,,33.3971296,-90.6840254,2001-02-20,Dissolved oxygen,9.0,mg/L,
STEWARDS,ARS-MSBL-MSBL103,,33.3971296,-90.6840254,2001-05-29,Dissolved oxygen,7.9,mg/L,
STEWARDS,ARS-MSBL-MSBL103,,33.3971296,-90.6840254,2001-08-20,Dissolved oxygen,4.9,mg/L,
STEWARDS,ARS-MSBL-MSBL103,,33.3971296,-90.6840254,2002-02-04,Dissolved oxygen,7.2,mg/L,
STEWARDS,ARS-MSBL-MSBL103,,33.3971296,-90.6840254,2002-04-15,Dissolved oxygen,5.6,mg/L,
STEWARDS,ARS-MSBL-MSBL103,,33.3971296,-90.6840254,2002-05-13,Dissolved oxygen,4.9,mg/L,
STEWARDS,ARS-MSBL-MSBL103,,33.3971296,-90.6840254,2002-09-16,Dissolved oxygen,3.7,mg/L,
STEWARDS,ARS-MSBL-MSBL103,,33.3971296,-90.6840254,2002-09-30,Dissolved oxygen,6.7,mg/L,
STEWARDS,ARS-MSBL-MSBL103,,33.3971296,-90.6840254,2003-01-06,Dissolved oxygen,7.2,mg/L,
STEWARDS,ARS-MSBL-MSBL103,,33.3971296,-90.6840254,2003-02-18,Dissolved oxygen,9.5,mg/L,
STEWARDS,ARS-MSGC-MSGC_WQ_2-5,,34.2366284,-89.9093076,2004-02-03,Dissolved oxygen,14.15,mg/L,
STEWARDS,ARS-MSBL-MSBL103,,33.3971296,-90.6840254,2003-03-17,Dissolved oxygen,7.67,mg/L,
STEWARDS,ARS-MSBL-MSBL103,,33.3971296,-90.6840254,2003-03-31,Dissolved oxygen,7.85,mg/L,
STEWARDS,ARS-MSBL-MSBL103,,33.3971296,-90.6840254,2003-06-23,Dissolved oxygen,9.58,mg/L,
STEWARDS,ARS-MSBL-MSBL103,,33.3971296,-90.6840254,2003-07-21,Dissolved oxygen,5.84,mg/L,
STEWARDS,ARS-MSBL-MSBL103,,33.3971296,-90.6840254,2003-08-18,Dissolved oxygen,6.9,mg/L,
STEWARDS,ARS-MSBL-MSBL103,,33.3971296,-90.6840254,2003-09-15,Dissolved oxygen,8.19,mg/L,
STEWARDS,ARS-MSBL-MSBL103,,33.3971296,-90.6840254,2003-10-14,Dissolved oxygen,5.95,mg/L,
STEWARDS,ARS-MSBL-MSBL103,,33.3971296,-90.6840254,2003-11-05,Dissolved oxygen,5.76,mg/L,
STEWARDS,ARS-MSBL-MSBL103,,33.3971296,-90.6840254,2004-02-17,Dissolved oxygen,10.44,mg/L,
STEWARDS,ARS-MSBL-MSBL103,,33.3971296,-90.6840254,2004-05-24,Dissolved oxygen,5.26,mg/L,
STEWARDS,ARS-MSBL-MSBL103,,33.3971296,-90.6840254,2004-07-06,Dissolved oxygen,7.52,mg/L,
STEWARDS,ARS-MSBL-MSBL103,,33.3971296,-90.6840254,2004-08-02,Dissolved oxygen,5.98,mg/L,
STEWARDS,ARS-MSBL-MSBL103,,33.3971296,-90.6840254,2004-09-27,Dissolved oxygen,6.82,mg/L,
STEWARDS,ARS-MSBL-MSBL103,,33.3971296,-90.6840254,2004-11-08,Dissolved oxygen,6.25,mg/L,
STEWARDS,ARS-MSGC-MSGC_WQ_2-5,,34.2366284,-89.9093076,2000-01-31,Dissolved oxygen,12.5,mg/L,
STEWARDS,ARS-MSGC-MSGC_WQ_2-5,,34.2366284,-89.9093076,2000-01-03,Dissolved oxygen,9.66,mg/L,
STEWARDS,ARS-MSGC-MSGC_WQ_2-5,,34.2366284,-89.9093076,2001-04-30,Dissolved oxygen,7.51,mg/L,
STEWARDS,ARS-MSGC-MSGC_WQ_2-5,,34.2366284,-89.9093076,2000-06-19,Dissolved oxygen,7.47,mg/L,
STEWARDS,ARS-MSGC-MSGC_WQ_2-5,,34.2366284,-89.9093076,2000-07-03,Dissolved oxygen,6.2,mg/L,
STEWARDS,ARS-MSGC-MSGC_WQ_2-5,,34.2366284,-89.9093076,2001-08-06,Dissolved oxygen,5.15,mg/L,
STEWARDS,ARS-MSGC-MSGC_WQ_2-5,,34.2366284,-89.9093076,2001-09-04,Dissolved oxygen,5.91,mg/L,
STEWARDS,ARS-MSGC-MSGC_WQ_2-5,,34.2366284,-89.9093076,2001-09-18,Dissolved oxygen,10.44,mg/L,
STEWARDS,ARS-MSGC-MSGC_WQ_2-5,,34.2366284,-89.9093076,2001-12-11,Dissolved oxygen,9.95,mg/L,
STEWARDS,ARS-MSGC-MSGC_WQ_2-5,,34.2366284,-89.9093076,2002-08-06,Dissolved oxygen,6.52,mg/L,
STEWARDS,ARS-MSGC-MSGC_WQ_2-5,,34.2366284,-89.9093076,2002-10-01,Dissolved oxygen,7.63,mg/L,
STEWARDS,ARS-MSGC-MSGC_WQ_2-5,,34.2366284,-89.9093076,2002-10-15,Dissolved oxygen,8.82,mg/L,
STEWARDS,ARS-MSGC-MSGC_WQ_2-5,,34.2366284,-89.9093076,2002-10-29,Dissolved oxygen,8.45,mg/L,
STEWARDS,ARS-MSGC-MSGC_WQ_2-5,,34.2366284,-89.9093076,2003-02-18,Dissolved oxygen,11.7,mg/L,
STEWARDS,ARS-MSGC-MSGC_WQ_2-5,,34.2366284,-89.9093076,2003-04-01,Dissolved oxygen,10.77,mg/L,
STEWARDS,ARS-MSGC-MSGC_WQ_2-5,,34.2366284,-89.9093076,2003-04-29,Dissolved oxygen,9.49,mg/L,
STEWARDS,ARS-MSGC-MSGC_WQ_2-5,,34.2366284,-89.9093076,2003-05-27,Dissolved oxygen,12.57,mg/L,
STEWARDS,ARS-MSGC-MSGC_WQ_2-5,,34.2366284,-89.9093076,2003-10-14,Dissolved oxygen,6.43,mg/L,
STEWARDS,ARS-MSGC-MSGC_WQ_2-5,,34.2366284,-89.9093076,2004-01-06,Dissolved oxygen,10.05,mg/L,
STEWARDS,ARS-MSGC-MSGC_WQ_2-5,,34.2366284,-89.9093076,2004-03-16,Dissolved oxygen,10.46,mg/L,
STEWARDS,ARS-MSGC-MSGC_WQ_2-5,,34.2366284,-89.9093076,2004-06-22,Dissolved oxygen,7.31,mg/L,
STEWARDS,ARS-MSGC-MSGC_WQ_2-5,,34.2366284,-89.9093076,2004-07-06,Dissolved oxygen,8.28,mg/L,
STEWARDS,ARS-MSGC-MSGC_WQ_2-5,,34.2366284,-89.9093076,2004-07-20,Dissolved oxygen,5.54,mg/L,
STEWARDS,ARS-MSGC-MSGC_WQ_2-5,,34.2366284,-89.9093076,2004-09-07,Dissolved oxygen,7.11,mg/L,
STEWARDS,ARS-MSGC-MSGC_WQ_2-9,,34.251287,-89.8980738,2004-03-02,Dissolved oxygen,11.77,mg/L,
STEWARDS,ARS-MSGC-MSGC_WQ_2-9,,34.251287,-89.8980738,2004-07-20,Dissolved oxygen,6.42,mg/L,
STEWARDS,ARS-MSGC-MSGC_WQ_2-9,,34.251287,-89.8980738,2004-09-07,Dissolved oxygen,7.72,mg/L,
STEWARDS,ARS-MSGC-MSGC_WQ_2-9,,34.251287,-89.8980738,2004-09-28,Dissolved oxygen,9.3,mg/L,
STEWARDS,ARS-MSGC-MSGC_WQ_2-5,,34.2366284,-89.9093076,2000-08-28,Dissolved oxygen,4.52,mg/L,
STEWARDS,ARS-MSGC-MSGC_WQ_2-5,,34.2366284,-89.9093076,2000-09-11,Dissolved oxygen,9.29,mg/L,
STEWARDS,ARS-MSGC-MSGC_WQ_2-5,,34.2366284,-89.9093076,2001-02-20,Dissolved oxygen,9.94,mg/L,
STEWARDS,ARS-MSGC-MSGC_WQ_2-5,,34.2366284,-89.9093076,2001-03-12,Dissolved oxygen,9.83,mg/L,
STEWARDS,ARS-MSGC-MSGC_WQ_2-5,,34.2366284,-89.9093076,2001-03-19,Dissolved oxygen,10.19,mg/L,
STEWARDS,ARS-MSGC-MSGC_WQ_2-5,,34.2366284,-89.9093076,2001-04-16,Dissolved oxygen,8.81,mg/L,
STEWARDS,ARS-MSGC-MSGC_WQ_2-5,,34.2366284,-89.9093076,2001-07-23,Dissolved oxygen,6.54,mg/L,
STEWARDS,ARS-MSGC-MSGC_WQ_2-5,,34.2366284,-89.9093076,2001-11-27,Dissolved oxygen,8.67,mg/L,
STEWARDS,ARS-MSGC-MSGC_WQ_2-5,,34.2366284,-89.9093076,2002-01-22,Dissolved oxygen,11.46,mg/L,
STEWARDS,ARS-MSGC-MSGC_WQ_2-5,,34.2366284,-89.9093076,2002-02-05,Dissolved oxygen,10.9,mg/L,
STEWARDS,ARS-MSGC-MSGC_WQ_2-5,,34.2366284,-89.9093076,2002-03-18,Dissolved oxygen,9.23,mg/L,
STEWARDS,ARS-MSGC-MSGC_WQ_2-5,,34.2366284,-89.9093076,2002-04-30,Dissolved oxygen,6.93,mg/L,
STEWARDS,ARS-MSGC-MSGC_WQ_2-5,,34.2366284,-89.9093076,2002-07-09,Dissolved oxygen,6.93,mg/L,
STEWARDS,ARS-MSGC-MSGC_WQ_2-5,,34.2366284,-89.9093076,2002-09-17,Dissolved oxygen,6.73,mg/L,
STEWARDS,ARS-MSGC-MSGC_WQ_2-5,,34.2366284,-89.9093076,2002-11-25,Dissolved oxygen,10.07,mg/L,
STEWARDS,ARS-MSGC-MSGC_WQ_2-5,,34.2366284,-89.9093076,2003-05-13,Dissolved oxygen,7.73,mg/L,
STEWARDS,ARS-MSGC-MSGC_WQ_2-5,,34.2366284,-89.9093076,2003-08-19,Dissolved oxygen,6.5,mg/L,
STEWARDS,ARS-MSGC-MSGC_WQ_2-5,,34.2366284,-89.9093076,2003-11-24,Dissolved oxygen,8.61,mg/L,
STEWARDS,ARS-MSGC-MSGC_WQ_2-5,,34.2366284,-89.9093076,2004-01-20,Dissolved oxygen,11.72,mg/L,
STEWARDS,ARS-MSGC-MSGC_WQ_2-5,,34.2366284,-89.9093076,2004-03-30,Dissolved oxygen,9.38,mg/L,
STEWARDS,ARS-MSGC-MSGC_WQ_2-5,,34.2366284,-89.9093076,2004-04-13,Dissolved oxygen,10.9,mg/L,
STEWARDS,ARS-MSGC-MSGC_WQ_2-5,,34.2366284,-89.9093076,2004-06-08,Dissolved oxygen,6.64,mg/L,
STEWARDS,ARS-MSGC-MSGC_WQ_2-5,,34.2366284,-89.9093076,2004-09-28,Dissolved oxygen,8.29,mg/L,
STEWARDS,ARS-MSGC-MSGC_WQ_2-9,,34.251287,-89.8980738,2004-02-17,Dissolved oxygen,16.09,mg/L,
STEWARDS,ARS-MSGC-MSGC_WQ_2-9,,34.251287,-89.8980738,2004-06-22,Dissolved oxygen,7.57,mg/L,
STEWARDS,ARS-MSGC-MSGC_WQ_2-9,,34.251287,-89.8980738,2004-08-17,Dissolved oxygen,9.14,mg/L,
STEWARDS,ARS-MSGC-MSGC_WQ_2-9,,34.251287,-89.8980738,2004-10-12,Dissolved oxygen,8.26,mg/L,
STEWARDS,ARS-MSGC-MSGC_WQ_2-9,,34.251287,-89.8980738,2004-12-14,Dissolved oxygen,11.52,mg/L,
STEWARDS,ARS-MDCR-MDCR_3001LTC,,38.6026729,-76.1189339,2005-09-26,Dissolved oxygen,8.1,mg/L,
STEWARDS,ARS-MDCR-MDCR_3001LTC,,38.6026729,-76.1189339,2006-06-08,Dissolved oxygen,7.1,mg/L,
STEWARDS,ARS-MDCR-MDCR_3001LTC,,38.6026729,-76.1189339,2006-07-11,Dissolved oxygen,7.1,mg/L,
STEWARDS,ARS-MDCR-MDCR_3001LTC,,38.6026729,-76.1189339,2005-03-30,Dissolved oxygen,9.3,mg/L,
STEWARDS,ARS-MDCR-MDCR_3001LTC,,38.6026729,-76.1189339,2005-06-29,Dissolved oxygen,5.4,mg/L,
STEWARDS,ARS-MDCR-MDCR_3003WC,,38.7561829,-75.9988039,2005-09-26,Dissolved oxygen,7.5,mg/L,
STEWARDS,ARS-MDCR-MDCR_3003WC,,38.7561829,-75.9988039,2006-04-06,Dissolved oxygen,10.5,mg/L,
STEWARDS,ARS-MDCR-MDCR_3004WR,,38.6338229,-75.9828539,2005-06-29,Dissolved oxygen,4.5,mg/L,
STEWARDS,ARS-MDCR-MDCR_3004WR,,38.6338229,-75.9828539,2006-06-08,Dissolved oxygen,5.9,mg/L,
STEWARDS,ARS-MDCR-MDCR_3004WR,,38.6338229,-75.9828539,2008-04-16,Dissolved oxygen,4.7,mg/L,
STEWARDS,ARS-MDCR-MDCR_3001LTC,,38.6026729,-76.1189339,2008-04-16,Dissolved oxygen,9.9,mg/L,
STEWARDS,ARS-MDCR-MDCR_3002LTC,,38.5779129,-76.0664239,2005-03-30,Dissolved oxygen,10.1,mg/L,
STEWARDS,ARS-MDCR-MDCR_3002LTC,,38.5779129,-76.0664239,2006-04-06,Dissolved oxygen,10.3,mg/L,
STEWARDS,ARS-MDCR-MDCR_3005FC,,38.8195829,-75.881434,2006-04-06,Dissolved oxygen,10.7,mg/L,
STEWARDS,ARS-MDCR-MDCR_3005FC,,38.8195829,-75.881434,2006-06-08,Dissolved oxygen,5.7,mg/L,
STEWARDS,ARS-MDCR-MDCR_3002LTC,,38.5779129,-76.0664239,2007-05-30,Dissolved oxygen,6.1,mg/L,
STEWARDS,ARS-MDCR-MDCR_3003WC,,38.7561829,-75.9988039,2005-03-30,Dissolved oxygen,10.1,mg/L,
STEWARDS,ARS-MDCR-MDCR_3005FC,,38.8195829,-75.881434,2007-04-11,Dissolved oxygen,10.7,mg/L,
STEWARDS,ARS-MDCR-MDCR_3006JC,,38.8253929,-75.903494,2005-06-29,Dissolved oxygen,4.5,mg/L,
STEWARDS,ARS-MDCR-MDCR_3006JC,,38.8253929,-75.903494,2007-04-11,Dissolved oxygen,10.7,mg/L,
STEWARDS,ARS-MDCR-MDCR_3006JC,,38.8253929,-75.903494,2007-05-30,Dissolved oxygen,9.8,mg/L,
STEWARDS,ARS-MDCR-MDCR_3007JC,,38.8567029,-75.922164,2005-06-29,Dissolved oxygen,5.1,mg/L,
STEWARDS,ARS-MDCR-MDCR_3007JC,,38.8567029,-75.922164,2007-04-11,Dissolved oxygen,11.1,mg/L,
STEWARDS,ARS-MDCR-MDCR_3007JC,,38.8567029,-75.922164,2007-08-28,Dissolved oxygen,6.3,mg/L,
STEWARDS,ARS-MDCR-MDCR_3001LTC,,38.6026729,-76.1189339,2006-04-06,Dissolved oxygen,10.3,mg/L,
STEWARDS,ARS-MDCR-MDCR_3003WC,,38.7561829,-75.9988039,2007-05-30,Dissolved oxygen,5.6,mg/L,
STEWARDS,ARS-MDCR-MDCR_3001LTC,,38.6026729,-76.1189339,2006-08-24,Dissolved oxygen,4.9,mg/L,
STEWARDS,ARS-MDCR-MDCR_3004WR,,38.6338229,-75.9828539,2006-09-25,Dissolved oxygen,7.0,mg/L,
STEWARDS,ARS-MDCR-MDCR_3005FC,,38.8195829,-75.881434,2007-05-30,Dissolved oxygen,7.8,mg/L,
STEWARDS,ARS-MDCR-MDCR_3006JC,,38.8253929,-75.903494,2006-09-25,Dissolved oxygen,6.3,mg/L,
STEWARDS,ARS-MDCR-MDCR_3007JC,,38.8567029,-75.922164,2006-04-06,Dissolved oxygen,10.9,mg/L,
STEWARDS,ARS-MDCR-MDCR_3002LTC,,38.5779129,-76.0664239,2005-06-29,Dissolved oxygen,4.6,mg/L,
STEWARDS,ARS-MDCR-MDCR_3002LTC,,38.5779129,-76.0664239,2005-09-26,Dissolved oxygen,7.2,mg/L,
STEWARDS,ARS-MDCR-MDCR_3007JC,,38.8567029,-75.922164,2007-05-30,Dissolved oxygen,11.2,mg/L,
STEWARDS,ARS-MDCR-MDCR_3002LTC,,38.5779129,-76.0664239,2006-07-11,Dissolved oxygen,6.1,mg/L,
STEWARDS,ARS-MDCR-MDCR_3002LTC,,38.5779129,-76.0664239,2006-08-24,Dissolved oxygen,4.9,mg/L,
STEWARDS,ARS-MDCR-MDCR_3002LTC,,38.5779129,-76.0664239,2007-08-28,Dissolved oxygen,7.7,mg/L,
STEWARDS,ARS-MDCR-MDCR_3003WC,,38.7561829,-75.9988039,2005-06-29,Dissolved oxygen,5.5,mg/L,
STEWARDS,ARS-MDCR-MDCR_3003WC,,38.7561829,-75.9988039,2006-06-08,Dissolved oxygen,5.8,mg/L,
STEWARDS,ARS-MDCR-MDCR_3003WC,,38.7561829,-75.9988039,2006-07-11,Dissolved oxygen,7.2,mg/L,
STEWARDS,ARS-MDCR-MDCR_3003WC,,38.7561829,-75.9988039,2006-08-24,Dissolved oxygen,4.5,mg/L,
STEWARDS,ARS-MDCR-MDCR_3003WC,,38.7561829,-75.9988039,2006-09-25,Dissolved oxygen,7.4,mg/L,
STEWARDS,ARS-MDCR-MDCR_3004WR,,38.6338229,-75.9828539,2005-09-26,Dissolved oxygen,7.1,mg/L,
STEWARDS,ARS-MDCR-MDCR_3004WR,,38.6338229,-75.9828539,2006-04-06,Dissolved oxygen,9.4,mg/L,
STEWARDS,ARS-MDCR-MDCR_3004WR,,38.6338229,-75.9828539,2006-08-24,Dissolved oxygen,5.6,mg/L,
STEWARDS,ARS-MDCR-MDCR_3004WR,,38.6338229,-75.9828539,2007-04-11,Dissolved oxygen,8.8,mg/L,
STEWARDS,ARS-MDCR-MDCR_3004WR,,38.6338229,-75.9828539,2007-05-30,Dissolved oxygen,7.2,mg/L,
STEWARDS,ARS-MDCR-MDCR_3005FC,,38.8195829,-75.881434,2005-09-26,Dissolved oxygen,6.2,mg/L,
STEWARDS,ARS-MDCR-MDCR_3005FC,,38.8195829,-75.881434,2005-03-30,Dissolved oxygen,9.9,mg/L,
STEWARDS,ARS-MDCR-MDCR_3005FC,,38.8195829,-75.881434,2005-06-29,Dissolved oxygen,5.5,mg/L,
STEWARDS,ARS-MDCR-MDCR_3005FC,,38.8195829,-75.881434,2006-09-25,Dissolved oxygen,6.2,mg/L,
STEWARDS,ARS-MDCR-MDCR_3001LTC,,38.6026729,-76.1189339,2007-08-28,Dissolved oxygen,6.2,mg/L,
STEWARDS,ARS-MDCR-MDCR_3005FC,,38.8195829,-75.881434,2008-04-16,Dissolved oxygen,6.8,mg/L,
STEWARDS,ARS-MDCR-MDCR_3001LTC,,38.6026729,-76.1189339,2006-09-25,Dissolved oxygen,8.2,mg/L,
STEWARDS,ARS-MDCR-MDCR_3001LTC,,38.6026729,-76.1189339,2007-04-11,Dissolved oxygen,14.4,mg/L,
STEWARDS,ARS-MDCR-MDCR_3001LTC,,38.6026729,-76.1189339,2007-05-30,Dissolved oxygen,6.7,mg/L,
STEWARDS,ARS-MDCR-MDCR_3002LTC,,38.5779129,-76.0664239,2006-06-08,Dissolved oxygen,7.3,mg/L,
STEWARDS,ARS-MDCR-MDCR_3002LTC,,38.5779129,-76.0664239,2006-09-25,Dissolved oxygen,7.2,mg/L,
STEWARDS,ARS-MDCR-MDCR_3002LTC,,38.5779129,-76.0664239,2007-04-11,Dissolved oxygen,14.9,mg/L,
STEWARDS,ARS-MDCR-MDCR_3006JC,,38.8253929,-75.903494,2006-04-06,Dissolved oxygen,10.6,mg/L,
STEWARDS,ARS-MDCR-MDCR_3006JC,,38.8253929,-75.903494,2006-06-08,Dissolved oxygen,6.2,mg/L,
STEWARDS,ARS-MDCR-MDCR_3002LTC,,38.5779129,-76.0664239,2008-04-16,Dissolved oxygen,9.6,mg/L,
STEWARDS,ARS-MDCR-MDCR_3006JC,,38.8253929,-75.903494,2006-07-11,Dissolved oxygen,4.5,mg/L,
STEWARDS,ARS-MDCR-MDCR_3006JC,,38.8253929,-75.903494,2007-08-28,Dissolved oxygen,5.7,mg/L,
STEWARDS,ARS-MDCR-MDCR_3007JC,,38.8567029,-75.922164,2006-08-24,Dissolved oxygen,4.6,mg/L,
STEWARDS,ARS-MDCR-MDCR_3007JC,,38.8567029,-75.922164,2008-04-16,Dissolved oxygen,7.6,mg/L,
STEWARDS,ARS-MDCR-MDCR_3003WC,,38.7561829,-75.9988039,2007-04-11,Dissolved oxygen,11.2,mg/L,
STEWARDS,ARS-MDCR-MDCR_3003WC,,38.7561829,-75.9988039,2007-08-28,Dissolved oxygen,7.2,mg/L,
STEWARDS,ARS-MDCR-MDCR_3003WC,,38.7561829,-75.9988039,2008-04-16,Dissolved oxygen,8.7,mg/L,
STEWARDS,ARS-MDCR-MDCR_3004WR,,38.6338229,-75.9828539,2005-03-30,Dissolved oxygen,10.0,mg/L,
STEWARDS,ARS-MDCR-MDCR_3004WR,,38.6338229,-75.9828539,2006-07-11,Dissolved oxygen,4.3,mg/L,
STEWARDS,ARS-MDCR-MDCR_3004WR,,38.6338229,-75.9828539,2007-08-28,Dissolved oxygen,6.4,mg/L,
STEWARDS,ARS-MDCR-MDCR_3005FC,,38.8195829,-75.881434,2006-07-11,Dissolved oxygen,4.3,mg/L,
STEWARDS,ARS-MDCR-MDCR_3005FC,,38.8195829,-75.881434,2006-08-24,Dissolved oxygen,3.8,mg/L,
STEWARDS,ARS-MDCR-MDCR_3005FC,,38.8195829,-75.881434,2007-08-28,Dissolved oxygen,5.4,mg/L,
STEWARDS,ARS-MDCR-MDCR_3006JC,,38.8253929,-75.903494,2005-09-26,Dissolved oxygen,6.3,mg/L,
STEWARDS,ARS-MDCR-MDCR_3006JC,,38.8253929,-75.903494,2006-08-24,Dissolved oxygen,3.9,mg/L,
STEWARDS,ARS-MDCR-MDCR_3006JC,,38.8253929,-75.903494,2008-04-16,Dissolved oxygen,7.2,mg/L,
STEWARDS,ARS-MDCR-MDCR_3007JC,,38.8567029,-75.922164,2005-09-26,Dissolved oxygen,6.8,mg/L,
STEWARDS,ARS-MDCR-MDCR_3007JC,,38.8567029,-75.922164,2006-06-08,Dissolved oxygen,7.0,mg/L,
STEWARDS,ARS-MDCR-MDCR_3007JC,,38.8567029,-75.922164,2006-07-11,Dissolved oxygen,5.4,mg/L,
STEWARDS,ARS-MDCR-MDCR_3007JC,,38.8567029,-75.922164,2006-09-25,Dissolved oxygen,6.6,mg/L,
STEWARDS,ARS-MSBL-MSBL102,,33.3983362,-90.67639,2005-05-02,Dissolved oxygen,6.58,mg/L,
STEWARDS,ARS-MSBL-MSBL102,,33.3983362,-90.67639,2005-06-27,Dissolved oxygen,9.25,mg/L,
STEWARDS,ARS-MSBL-MSBL102,,33.3983362,-90.67639,2005-09-01,Dissolved oxygen,8.23,mg/L,
STEWARDS,ARS-MSBL-MSBL102,,33.3983362,-90.67639,2006-04-03,Dissolved oxygen,7.63,mg/L,
STEWARDS,ARS-MSBL-MSBL102,,33.3983362,-90.67639,2006-07-24,Dissolved oxygen,8.14,mg/L,
STEWARDS,ARS-MSBL-MSBL102,,33.3983362,-90.67639,2009-08-31,Dissolved oxygen,6.37,mg/L,
STEWARDS,ARS-MSBL-MSBL101,,33.4029473,-90.670499,2005-05-02,Dissolved oxygen,6.16,mg/L,
STEWARDS,ARS-MSBL-MSBL101,,33.4029473,-90.670499,2005-07-11,Dissolved oxygen,3.55,mg/L,
STEWARDS,ARS-MSBL-MSBL101,,33.4029473,-90.670499,2005-07-25,Dissolved oxygen,6.47,mg/L,
STEWARDS,ARS-MSBL-MSBL101,,33.4029473,-90.670499,2005-11-14,Dissolved oxygen,6.57,mg/L,
STEWARDS,ARS-MSBL-MSBL101,,33.4029473,-90.670499,2005-11-28,Dissolved oxygen,9.3,mg/L,
STEWARDS,ARS-MSBL-MSBL101,,33.4029473,-90.670499,2006-06-26,Dissolved oxygen,6.02,mg/L,
STEWARDS,ARS-MSBL-MSBL101,,33.4029473,-90.670499,2006-09-05,Dissolved oxygen,4.47,mg/L,
STEWARDS,ARS-MSBL-MSBL101,,33.4029473,-90.670499,2006-11-13,Dissolved oxygen,7.69,mg/L,
STEWARDS,ARS-MSBL-MSBL101,,33.4029473,-90.670499,2007-10-29,Dissolved oxygen,6.06,mg/L,
STEWARDS,ARS-MSBL-MSBL101,,33.4029473,-90.670499,2007-01-22,Dissolved oxygen,8.95,mg/L,
STEWARDS,ARS-MSBL-MSBL101,,33.4029473,-90.670499,2009-02-02,Dissolved oxygen,9.76,mg/L,
STEWARDS,ARS-MSBL-MSBL101,,33.4029473,-90.670499,2007-02-20,Dissolved oxygen,11.38,mg/L,
STEWARDS,ARS-MSBL-MSBL101,,33.4029473,-90.670499,2005-01-10,Dissolved oxygen,7.91,mg/L,
STEWARDS,ARS-MSBL-MSBL101,,33.4029473,-90.670499,2007-04-02,Dissolved oxygen,6.07,mg/L,
STEWARDS,ARS-MSBL-MSBL101,,33.4029473,-90.670499,2007-05-29,Dissolved oxygen,10.69,mg/L,
STEWARDS,ARS-MSBL-MSBL101,,33.4029473,-90.670499,2007-07-09,Dissolved oxygen,8.1,mg/L,
STEWARDS,ARS-MSBL-MSBL101,,33.4029473,-90.670499,2007-10-01,Dissolved oxygen,6.69,mg/L,
STEWARDS,ARS-MSBL-MSBL101,,33.4029473,-90.670499,2007-12-10,Dissolved oxygen,8.91,mg/L,
STEWARDS,ARS-MSBL-MSBL101,,33.4029473,-90.670499,2008-01-28,Dissolved oxygen,11.36,mg/L,
STEWARDS,ARS-MSBL-MSBL101,,33.4029473,-90.670499,2008-02-27,Dissolved oxygen,9.18,mg/L,
STEWARDS,ARS-MSBL-MSBL101,,33.4029473,-90.670499,2008-03-25,Dissolved oxygen,8.41,mg/L,
STEWARDS,ARS-MSBL-MSBL101,,33.4029473,-90.670499,2008-06-16,Dissolved oxygen,8.33,mg/L,
STEWARDS,ARS-MSBL-MSBL101,,33.4029473,-90.670499,2008-06-30,Dissolved oxygen,10.14,mg/L,
STEWARDS,ARS-MSBL-MSBL101,,33.4029473,-90.670499,2008-08-25,Dissolved oxygen,3.54,mg/L,
STEWARDS,ARS-MSBL-MSBL101,,33.4029473,-90.670499,2008-10-06,Dissolved oxygen,6.26,mg/L,
STEWARDS,ARS-MSBL-MSBL101,,33.4029473,-90.670499,2009-02-17,Dissolved oxygen,8.13,mg/L,
STEWARDS,ARS-MSBL-MSBL101,,33.4029473,-90.670499,2009-05-11,Dissolved oxygen,3.16,mg/L,
STEWARDS,ARS-MSBL-MSBL101,,33.4029473,-90.670499,2009-06-08,Dissolved oxygen,8.47,mg/L,
STEWARDS,ARS-MSBL-MSBL101,,33.4029473,-90.670499,2009-07-06,Dissolved oxygen,9.67,mg/L,
STEWARDS,ARS-MSBL-MSBL101,,33.4029473,-90.670499,2009-07-20,Dissolved oxygen,6.63,mg/L,
STEWARDS,ARS-MSBL-MSBL101,,33.4029473,-90.670499,2009-10-06,Dissolved oxygen,4.78,mg/L,
STEWARDS,ARS-MSBL-MSBL101,,33.4029473,-90.670499,2009-11-23,Dissolved oxygen,5.71,mg/L,
STEWARDS,ARS-MSBL-MSBL102,,33.3983362,-90.67639,2005-10-17,Dissolved oxygen,5.47,mg/L,
STEWARDS,ARS-MSBL-MSBL102,,33.3983362,-90.67639,2005-10-31,Dissolved oxygen,7.76,mg/L,
STEWARDS,ARS-MSBL-MSBL102,,33.3983362,-90.67639,2006-03-20,Dissolved oxygen,7.7,mg/L,
STEWARDS,ARS-MSBL-MSBL102,,33.3983362,-90.67639,2006-05-30,Dissolved oxygen,5.31,mg/L,
STEWARDS,ARS-MSBL-MSBL102,,33.3983362,-90.67639,2006-07-10,Dissolved oxygen,11.18,mg/L,
STEWARDS,ARS-MSBL-MSBL102,,33.3983362,-90.67639,2006-09-18,Dissolved oxygen,5.07,mg/L,
STEWARDS,ARS-MSBL-MSBL102,,33.3983362,-90.67639,2006-10-02,Dissolved oxygen,7.96,mg/L,
STEWARDS,ARS-MSBL-MSBL102,,33.3983362,-90.67639,2006-10-16,Dissolved oxygen,7.57,mg/L,
STEWARDS,ARS-MSBL-MSBL102,,33.3983362,-90.67639,2006-11-13,Dissolved oxygen,8.2,mg/L,
STEWARDS,ARS-MSBL-MSBL102,,33.3983362,-90.67639,2006-11-27,Dissolved oxygen,9.22,mg/L,
STEWARDS,ARS-MSBL-MSBL102,,33.3983362,-90.67639,2007-02-05,Dissolved oxygen,11.53,mg/L,
STEWARDS,ARS-MSBL-MSBL102,,33.3983362,-90.67639,2007-03-05,Dissolved oxygen,9.26,mg/L,
STEWARDS,ARS-MSBL-MSBL102,,33.3983362,-90.67639,2007-03-19,Dissolved oxygen,7.59,mg/L,
STEWARDS,ARS-MSBL-MSBL102,,33.3983362,-90.67639,2007-06-11,Dissolved oxygen,6.84,mg/L,
STEWARDS,ARS-MSBL-MSBL102,,33.3983362,-90.67639,2007-09-17,Dissolved oxygen,7.69,mg/L,
STEWARDS,ARS-MSBL-MSBL102,,33.3983362,-90.67639,2007-10-16,Dissolved oxygen,6.4,mg/L,
STEWARDS,ARS-MSBL-MSBL102,,33.3983362,-90.67639,2008-02-11,Dissolved oxygen,9.03,mg/L,
STEWARDS,ARS-MSBL-MSBL102,,33.3983362,-90.67639,2008-08-25,Dissolved oxygen,4.96,mg/L,
STEWARDS,ARS-MSBL-MSBL102,,33.3983362,-90.67639,2008-12-01,Dissolved oxygen,9.34,mg/L,
STEWARDS,ARS-MSBL-MSBL102,,33.3983362,-90.67639,2009-03-04,Dissolved oxygen,9.34,mg/L,
STEWARDS,ARS-MSBL-MSBL102,,33.3983362,-90.67639,2009-04-13,Dissolved oxygen,7.38,mg/L,
STEWARDS,ARS-MSBL-MSBL102,,33.3983362,-90.67639,2009-09-28,Dissolved oxygen,5.89,mg/L,
STEWARDS,ARS-MSBL-MSBL102,,33.3983362,-90.67639,2009-10-26,Dissolved oxygen,4.45,mg/L,
STEWARDS,ARS-MSBL-MSBL102,,33.3983362,-90.67639,2009-12-07,Dissolved oxygen,10.03,mg/L,
STEWARDS,ARS-MSBL-MSBL103,,33.3971296,-90.6840254,2006-09-18,Dissolved oxygen,5.24,mg/L,
STEWARDS,ARS-MSBL-MSBL103,,33.3971296,-90.6840254,2007-06-11,Dissolved oxygen,5.58,mg/L,
STEWARDS,ARS-MSBL-MSBL103,,33.3971296,-90.6840254,2007-11-13,Dissolved oxygen,6.81,mg/L,
STEWARDS,ARS-MSBL-MSBL103,,33.3971296,-90.6840254,2006-06-26,Dissolved oxygen,7.18,mg/L,
STEWARDS,ARS-MSBL-MSBL103,,33.3971296,-90.6840254,2009-12-07,Dissolved oxygen,9.43,mg/L,
STEWARDS,ARS-MSBL-MSBL101,,33.4029473,-90.670499,2008-09-08,Dissolved oxygen,7.85,mg/L,
STEWARDS,ARS-MSBL-MSBL101,,33.4029473,-90.670499,2009-06-22,Dissolved oxygen,6.04,mg/L,
STEWARDS,ARS-MSGC-MSGC_WQ_2-5,,34.2366284,-89.9093076,2005-03-22,Dissolved oxygen,7.82,mg/L,
STEWARDS,ARS-MSGC-MSGC_WQ_2-5,,34.2366284,-89.9093076,2006-06-13,Dissolved oxygen,6.88,mg/L,
STEWARDS,ARS-MSGC-MSGC_WQ_2-9,,34.251287,-89.8980738,2005-02-22,Dissolved oxygen,10.23,mg/L,
STEWARDS,ARS-MSBL-MSBL101,,33.4029473,-90.670499,2006-08-07,Dissolved oxygen,7.09,mg/L,
STEWARDS,ARS-MSBL-MSBL101,,33.4029473,-90.670499,2007-02-05,Dissolved oxygen,10.13,mg/L,
STEWARDS,ARS-MSBL-MSBL101,,33.4029473,-90.670499,2007-06-11,Dissolved oxygen,6.96,mg/L,
STEWARDS,ARS-MSBL-MSBL103,,33.3971296,-90.6840254,2006-08-07,Dissolved oxygen,4.91,mg/L,
STEWARDS,ARS-MSBL-MSBL103,,33.3971296,-90.6840254,2006-09-05,Dissolved oxygen,6.44,mg/L,
STEWARDS,ARS-MSBL-MSBL103,,33.3971296,-90.6840254,2009-06-08,Dissolved oxygen,4.23,mg/L,
STEWARDS,ARS-MSBL-MSBL103,,33.3971296,-90.6840254,2009-06-22,Dissolved oxygen,5.64,mg/L,
STEWARDS,ARS-MSBL-MSBL102,,33.3983362,-90.67639,2009-03-16,Dissolved oxygen,8.16,mg/L,
STEWARDS,ARS-MSBL-MSBL103,,33.3971296,-90.6840254,2005-03-21,Dissolved oxygen,8.98,mg/L,
STEWARDS,ARS-MSBL-MSBL103,,33.3971296,-90.6840254,2005-04-04,Dissolved oxygen,7.69,mg/L,
STEWARDS,ARS-MSBL-MSBL103,,33.3971296,-90.6840254,2005-02-22,Dissolved oxygen,8.59,mg/L,
STEWARDS,ARS-MSBL-MSBL103,,33.3971296,-90.6840254,2005-03-07,Dissolved oxygen,8.18,mg/L,
STEWARDS,ARS-MSBL-MSBL103,,33.3971296,-90.6840254,2005-01-10,Dissolved oxygen,7.88,mg/L,
STEWARDS,ARS-MSBL-MSBL103,,33.3971296,-90.6840254,2005-09-01,Dissolved oxygen,5.63,mg/L,
STEWARDS,ARS-MSBL-MSBL103,,33.3971296,-90.6840254,2005-10-17,Dissolved oxygen,5.19,mg/L,
STEWARDS,ARS-MSBL-MSBL103,,33.3971296,-90.6840254,2006-01-23,Dissolved oxygen,8.91,mg/L,
STEWARDS,ARS-MSBL-MSBL103,,33.3971296,-90.6840254,2006-02-06,Dissolved oxygen,8.24,mg/L,
STEWARDS,ARS-MSBL-MSBL103,,33.3971296,-90.6840254,2006-03-06,Dissolved oxygen,7.84,mg/L,
STEWARDS,ARS-MSBL-MSBL103,,33.3971296,-90.6840254,2006-04-03,Dissolved oxygen,6.46,mg/L,
STEWARDS,ARS-MSBL-MSBL103,,33.3971296,-90.6840254,2006-05-30,Dissolved oxygen,4.86,mg/L,
STEWARDS,ARS-MSBL-MSBL103,,33.3971296,-90.6840254,2006-07-10,Dissolved oxygen,9.07,mg/L,
STEWARDS,ARS-MSBL-MSBL103,,33.3971296,-90.6840254,2006-07-24,Dissolved oxygen,7.93,mg/L,
STEWARDS,ARS-MSBL-MSBL103,,33.3971296,-90.6840254,2006-11-27,Dissolved oxygen,8.93,mg/L,
STEWARDS,ARS-MSBL-MSBL103,,33.3971296,-90.6840254,2007-01-08,Dissolved oxygen,7.42,mg/L,
STEWARDS,ARS-MSBL-MSBL103,,33.3971296,-90.6840254,2007-02-05,Dissolved oxygen,12.04,mg/L,
STEWARDS,ARS-MSBL-MSBL103,,33.3971296,-90.6840254,2007-05-29,Dissolved oxygen,8.0,mg/L,
STEWARDS,ARS-MSBL-MSBL103,,33.3971296,-90.6840254,2007-07-09,Dissolved oxygen,6.34,mg/L,
STEWARDS,ARS-MSBL-MSBL103,,33.3971296,-90.6840254,2007-08-06,Dissolved oxygen,7.28,mg/L,
STEWARDS,ARS-MSBL-MSBL103,,33.3971296,-90.6840254,2007-10-01,Dissolved oxygen,5.06,mg/L,
STEWARDS,ARS-MSBL-MSBL103,,33.3971296,-90.6840254,2007-12-10,Dissolved oxygen,9.02,mg/L,
STEWARDS,ARS-MSBL-MSBL103,,33.3971296,-90.6840254,2008-01-14,Dissolved oxygen,8.25,mg/L,
STEWARDS,ARS-MSBL-MSBL103,,33.3971296,-90.6840254,2008-01-28,Dissolved oxygen,11.05,mg/L,
STEWARDS,ARS-MSBL-MSBL103,,33.3971296,-90.6840254,2008-04-07,Dissolved oxygen,6.33,mg/L,
STEWARDS,ARS-MSBL-MSBL103,,33.3971296,-90.6840254,2008-06-02,Dissolved oxygen,5.06,mg/L,
STEWARDS,ARS-MSBL-MSBL103,,33.3971296,-90.6840254,2008-06-16,Dissolved oxygen,7.88,mg/L,
STEWARDS,ARS-MSBL-MSBL103,,33.3971296,-90.6840254,2008-06-30,Dissolved oxygen,6.9,mg/L,
STEWARDS,ARS-MSBL-MSBL103,,33.3971296,-90.6840254,2008-10-21,Dissolved oxygen,5.59,mg/L,
STEWARDS,ARS-MSBL-MSBL103,,33.3971296,-90.6840254,2009-01-20,Dissolved oxygen,9.6,mg/L,
STEWARDS,ARS-MSBL-MSBL103,,33.3971296,-90.6840254,2009-04-13,Dissolved oxygen,7.07,mg/L,
STEWARDS,ARS-MSBL-MSBL103,,33.3971296,-90.6840254,2009-10-13,Dissolved oxygen,6.07,mg/L,
STEWARDS,ARS-MSBL-MSBL103,,33.3971296,-90.6840254,2009-10-20,Dissolved oxygen,2.9,mg/L,
STEWARDS,ARS-MSBL-MSBL103,,33.3971296,-90.6840254,2009-11-30,Dissolved oxygen,7.05,mg/L,
STEWARDS,ARS-MSBL-MSBL101,,33.4029473,-90.670499,2005-01-24,Dissolved oxygen,9.36,mg/L,
STEWARDS,ARS-MSBL-MSBL101,,33.4029473,-90.670499,2005-02-07,Dissolved oxygen,9.72,mg/L,
STEWARDS,ARS-MSBL-MSBL101,,33.4029473,-90.670499,2005-02-22,Dissolved oxygen,8.75,mg/L,
STEWARDS,ARS-MSBL-MSBL101,,33.4029473,-90.670499,2005-04-18,Dissolved oxygen,6.66,mg/L,
STEWARDS,ARS-MSBL-MSBL101,,33.4029473,-90.670499,2005-09-06,Dissolved oxygen,2.34,mg/L,
STEWARDS,ARS-MSBL-MSBL101,,33.4029473,-90.670499,2006-03-20,Dissolved oxygen,7.52,mg/L,
STEWARDS,ARS-MSBL-MSBL101,,33.4029473,-90.670499,2006-04-17,Dissolved oxygen,6.98,mg/L,
STEWARDS,ARS-MSBL-MSBL101,,33.4029473,-90.670499,2006-05-30,Dissolved oxygen,4.16,mg/L,
STEWARDS,ARS-MSBL-MSBL101,,33.4029473,-90.670499,2006-08-21,Dissolved oxygen,7.62,mg/L,
STEWARDS,ARS-MSBL-MSBL101,,33.4029473,-90.670499,2006-10-02,Dissolved oxygen,7.25,mg/L,
STEWARDS,ARS-MSBL-MSBL101,,33.4029473,-90.670499,2006-10-16,Dissolved oxygen,7.4,mg/L,
STEWARDS,ARS-MSBL-MSBL101,,33.4029473,-90.670499,2006-11-27,Dissolved oxygen,8.28,mg/L,
STEWARDS,ARS-MSBL-MSBL101,,33.4029473,-90.670499,2006-12-11,Dissolved oxygen,11.01,mg/L,
STEWARDS,ARS-MSBL-MSBL101,,33.4029473,-90.670499,2007-03-05,Dissolved oxygen,8.76,mg/L,
STEWARDS,ARS-MSBL-MSBL101,,33.4029473,-90.670499,2007-04-30,Dissolved oxygen,9.08,mg/L,
STEWARDS,ARS-MSBL-MSBL101,,33.4029473,-90.670499,2007-08-20,Dissolved oxygen,6.87,mg/L,
STEWARDS,ARS-MSBL-MSBL101,,33.4029473,-90.670499,2007-09-17,Dissolved oxygen,7.35,mg/L,
STEWARDS,ARS-MSBL-MSBL101,,33.4029473,-90.670499,2007-11-13,Dissolved oxygen,7.2,mg/L,
STEWARDS,ARS-MSBL-MSBL101,,33.4029473,-90.670499,2008-03-11,Dissolved oxygen,8.28,mg/L,
STEWARDS,ARS-MSBL-MSBL101,,33.4029473,-90.670499,2008-07-14,Dissolved oxygen,4.21,mg/L,
STEWARDS,ARS-MSBL-MSBL101,,33.4029473,-90.670499,2008-11-03,Dissolved oxygen,7.98,mg/L,
STEWARDS,ARS-MSBL-MSBL101,,33.4029473,-90.670499,2009-01-20,Dissolved oxygen,9.82,mg/L,
STEWARDS,ARS-MSBL-MSBL101,,33.4029473,-90.670499,2009-03-16,Dissolved oxygen,7.77,mg/L,
STEWARDS,ARS-MSBL-MSBL101,,33.4029473,-90.670499,2009-04-13,Dissolved oxygen,7.1,mg/L,
STEWARDS,ARS-MSBL-MSBL101,,33.4029473,-90.670499,2009-04-27,Dissolved oxygen,8.24,mg/L,
STEWARDS,ARS-MSBL-MSBL101,,33.4029473,-90.670499,2009-08-04,Dissolved oxygen,7.37,mg/L,
STEWARDS,ARS-MSBL-MSBL101,,33.4029473,-90.670499,2009-08-31,Dissolved oxygen,5.24,mg/L,
STEWARDS,ARS-MSBL-MSBL101,,33.4029473,-90.670499,2009-10-20,Dissolved oxygen,4.65,mg/L,
STEWARDS,ARS-MSGC-MSGC_WQ_2-5,,34.2366284,-89.9093076,2005-10-04,Dissolved oxygen,9.59,mg/L,
STEWARDS,ARS-MSGC-MSGC_WQ_2-5,,34.2366284,-89.9093076,2005-10-18,Dissolved oxygen,8.77,mg/L,
STEWARDS,ARS-MSGC-MSGC_WQ_2-5,,34.2366284,-89.9093076,2006-03-07,Dissolved oxygen,9.11,mg/L,
STEWARDS,ARS-MSGC-MSGC_WQ_2-5,,34.2366284,-89.9093076,2006-04-04,Dissolved oxygen,7.31,mg/L,
STEWARDS,ARS-MSGC-MSGC_WQ_2-5,,34.2366284,-89.9093076,2006-05-02,Dissolved oxygen,7.94,mg/L,
STEWARDS,ARS-MSGC-MSGC_WQ_2-5,,34.2366284,-89.9093076,2006-10-16,Dissolved oxygen,6.8,mg/L,
STEWARDS,ARS-MSGC-MSGC_WQ_2-5,,34.2366284,-89.9093076,2006-11-13,Dissolved oxygen,7.06,mg/L,
STEWARDS,ARS-MSGC-MSGC_WQ_2-5,,34.2366284,-89.9093076,2007-05-29,Dissolved oxygen,6.3,mg/L,
STEWARDS,ARS-MSGC-MSGC_WQ_2-5,,34.2366284,-89.9093076,2007-06-25,Dissolved oxygen,5.65,mg/L,
STEWARDS,ARS-MSGC-MSGC_WQ_2-5,,34.2366284,-89.9093076,2007-09-17,Dissolved oxygen,6.61,mg/L,
STEWARDS,ARS-MSGC-MSGC_WQ_2-9,,34.251287,-89.8980738,2005-04-19,Dissolved oxygen,12.47,mg/L,
STEWARDS,ARS-MSGC-MSGC_WQ_2-9,,34.251287,-89.8980738,2005-05-31,Dissolved oxygen,9.07,mg/L,
STEWARDS,ARS-MSGC-MSGC_WQ_2-9,,34.251287,-89.8980738,2005-06-28,Dissolved oxygen,4.54,mg/L,
STEWARDS,ARS-MSGC-MSGC_WQ_2-9,,34.251287,-89.8980738,2005-08-23,Dissolved oxygen,4.68,mg/L,
STEWARDS,ARS-MSGC-MSGC_WQ_2-9,,34.251287,-89.8980738,2005-11-29,Dissolved oxygen,8.61,mg/L,
STEWARDS,ARS-MSGC-MSGC_WQ_2-9,,34.251287,-89.8980738,2006-01-23,Dissolved oxygen,10.45,mg/L,
STEWARDS,ARS-MSGC-MSGC_WQ_2-9,,34.251287,-89.8980738,2007-03-05,Dissolved oxygen,10.79,mg/L,
STEWARDS,ARS-MSBL-MSBL101,,33.4029473,-90.670499,2005-05-16,Dissolved oxygen,4.4,mg/L,
STEWARDS,ARS-MSGC-MSGC_WQ_2-9,,34.251287,-89.8980738,2005-09-06,Dissolved oxygen,7.37,mg/L,
STEWARDS,ARS-MSGC-MSGC_WQ_2-9,,34.251287,-89.8980738,2005-09-20,Dissolved oxygen,8.39,mg/L,
STEWARDS,ARS-MSGC-MSGC_WQ_2-9,,34.251287,-89.8980738,2006-04-04,Dissolved oxygen,7.82,mg/L,
STEWARDS,ARS-MSGC-MSGC_WQ_2-9,,34.251287,-89.8980738,2006-04-18,Dissolved oxygen,11.44,mg/L,
STEWARDS,ARS-MSGC-MSGC_WQ_2-9,,34.251287,-89.8980738,2006-05-02,Dissolved oxygen,8.61,mg/L,
STEWARDS,ARS-MSGC-MSGC_WQ_2-9,,34.251287,-89.8980738,2006-10-02,Dissolved oxygen,7.21,mg/L,
STEWARDS,ARS-MSGC-MSGC_WQ_2-9,,34.251287,-89.8980738,2006-11-27,Dissolved oxygen,9.12,mg/L,
STEWARDS,ARS-MSGC-MSGC_WQ_2-9,,34.251287,-89.8980738,2007-01-08,Dissolved oxygen,4.89,mg/L,
STEWARDS,ARS-MSGC-MSGC_WQ_2-9,,34.251287,-89.8980738,2007-02-21,Dissolved oxygen,9.78,mg/L,
STEWARDS,ARS-MSGC-MSGC_WQ_2-9,,34.251287,-89.8980738,2007-08-06,Dissolved oxygen,2.94,mg/L,
STEWARDS,ARS-MSGC-MSGC_WQ_2-9,,34.251287,-89.8980738,2007-08-20,Dissolved oxygen,3.85,mg/L,
STEWARDS,ARS-MSGC-MSGC_WQ_2-9,,34.251287,-89.8980738,2007-09-04,Dissolved oxygen,2.91,mg/L,
STEWARDS,ARS-MSGC-MSGC_WQ_2-9,,34.251287,-89.8980738,2007-09-17,Dissolved oxygen,5.64,mg/L,
STEWARDS,ARS-MSGC-MSGC_WQ_2-9,,34.251287,-89.8980738,2007-11-26,Dissolved oxygen,7.37,mg/L,
STEWARDS,ARS-MSBL-MSBL101,,33.4029473,-90.670499,2005-05-31,Dissolved oxygen,3.15,mg/L,
STEWARDS,ARS-MSBL-MSBL101,,33.4029473,-90.670499,2005-06-13,Dissolved oxygen,6.88,mg/L,
STEWARDS,ARS-MSBL-MSBL101,,33.4029473,-90.670499,2005-10-03,Dissolved oxygen,5.67,mg/L,
STEWARDS,ARS-MSBL-MSBL101,,33.4029473,-90.670499,2005-10-31,Dissolved oxygen,8.08,mg/L,
STEWARDS,ARS-MSBL-MSBL101,,33.4029473,-90.670499,2006-01-09,Dissolved oxygen,9.25,mg/L,
STEWARDS,ARS-MSBL-MSBL101,,33.4029473,-90.670499,2006-02-21,Dissolved oxygen,10.62,mg/L,
STEWARDS,ARS-MSBL-MSBL101,,33.4029473,-90.670499,2006-05-01,Dissolved oxygen,6.33,mg/L,
STEWARDS,ARS-MSBL-MSBL101,,33.4029473,-90.670499,2006-06-12,Dissolved oxygen,8.47,mg/L,
STEWARDS,ARS-MSBL-MSBL101,,33.4029473,-90.670499,2006-07-10,Dissolved oxygen,10.03,mg/L,
STEWARDS,ARS-MSBL-MSBL101,,33.4029473,-90.670499,2007-01-08,Dissolved oxygen,6.62,mg/L,
STEWARDS,ARS-MSBL-MSBL101,,33.4029473,-90.670499,2007-03-19,Dissolved oxygen,7.64,mg/L,
STEWARDS,ARS-MSBL-MSBL101,,33.4029473,-90.670499,2007-05-14,Dissolved oxygen,9.6,mg/L,
STEWARDS,ARS-MSBL-MSBL101,,33.4029473,-90.670499,2007-06-25,Dissolved oxygen,5.44,mg/L,
STEWARDS,ARS-MSBL-MSBL101,,33.4029473,-90.670499,2007-07-23,Dissolved oxygen,5.55,mg/L,
STEWARDS,ARS-MSBL-MSBL101,,33.4029473,-90.670499,2007-08-06,Dissolved oxygen,6.27,mg/L,
STEWARDS,ARS-MSBL-MSBL101,,33.4029473,-90.670499,2007-11-26,Dissolved oxygen,7.65,mg/L,
STEWARDS,ARS-MSBL-MSBL101,,33.4029473,-90.670499,2008-01-14,Dissolved oxygen,9.14,mg/L,
STEWARDS,ARS-MSBL-MSBL101,,33.4029473,-90.670499,2008-02-11,Dissolved oxygen,9.11,mg/L,
STEWARDS,ARS-MSBL-MSBL102,,33.3983362,-90.67639,2005-08-09,Dissolved oxygen,7.64,mg/L,
STEWARDS,ARS-MSBL-MSBL102,,33.3983362,-90.67639,2005-10-03,Dissolved oxygen,5.75,mg/L,
STEWARDS,ARS-MSBL-MSBL102,,33.3983362,-90.67639,2005-12-12,Dissolved oxygen,9.4,mg/L,
STEWARDS,ARS-MSBL-MSBL102,,33.3983362,-90.67639,2006-01-09,Dissolved oxygen,9.17,mg/L,
STEWARDS,ARS-MSBL-MSBL102,,33.3983362,-90.67639,2006-02-06,Dissolved oxygen,7.51,mg/L,
STEWARDS,ARS-MSBL-MSBL102,,33.3983362,-90.67639,2006-03-06,Dissolved oxygen,8.84,mg/L,
STEWARDS,ARS-MSBL-MSBL101,,33.4029473,-90.670499,2009-03-30,Dissolved oxygen,7.82,mg/L,
STEWARDS,ARS-MSBL-MSBL101,,33.4029473,-90.670499,2005-08-09,Dissolved oxygen,6.54,mg/L,
STEWARDS,ARS-MSBL-MSBL101,,33.4029473,-90.670499,2006-01-23,Dissolved oxygen,9.07,mg/L,
STEWARDS,ARS-MSBL-MSBL101,,33.4029473,-90.670499,2009-11-09,Dissolved oxygen,4.42,mg/L,
STEWARDS,ARS-MSBL-MSBL102,,33.3983362,-90.67639,2007-04-16,Dissolved oxygen,9.6,mg/L,
STEWARDS,ARS-MSBL-MSBL102,,33.3983362,-90.67639,2008-11-03,Dissolved oxygen,8.63,mg/L,
STEWARDS,ARS-MSBL-MSBL102,,33.3983362,-90.67639,2009-07-20,Dissolved oxygen,5.96,mg/L,
STEWARDS,ARS-MSBL-MSBL102,,33.3983362,-90.67639,2009-11-23,Dissolved oxygen,6.35,mg/L,
STEWARDS,ARS-MSBL-MSBL102,,33.3983362,-90.67639,2007-11-26,Dissolved oxygen,7.88,mg/L,
STEWARDS,ARS-MSBL-MSBL102,,33.3983362,-90.67639,2008-02-27,Dissolved oxygen,9.26,mg/L,
STEWARDS,ARS-MSBL-MSBL102,,33.3983362,-90.67639,2006-09-05,Dissolved oxygen,7.29,mg/L,
STEWARDS,ARS-MSBL-MSBL102,,33.3983362,-90.67639,2007-06-25,Dissolved oxygen,4.51,mg/L,
STEWARDS,ARS-MSBL-MSBL102,,33.3983362,-90.67639,2007-08-06,Dissolved oxygen,7.32,mg/L,
STEWARDS,ARS-MSBL-MSBL102,,33.3983362,-90.67639,2008-09-22,Dissolved oxygen,5.28,mg/L,
STEWARDS,ARS-MSBL-MSBL103,,33.3971296,-90.6840254,2005-08-09,Dissolved oxygen,4.63,mg/L,
STEWARDS,ARS-MSBL-MSBL101,,33.4029473,-90.670499,2008-04-21,Dissolved oxygen,8.16,mg/L,
STEWARDS,ARS-MSBL-MSBL101,,33.4029473,-90.670499,2008-05-05,Dissolved oxygen,7.43,mg/L,
STEWARDS,ARS-MSBL-MSBL101,,33.4029473,-90.670499,2008-05-19,Dissolved oxygen,5.86,mg/L,
STEWARDS,ARS-MSBL-MSBL101,,33.4029473,-90.670499,2008-07-28,Dissolved oxygen,6.4,mg/L,
STEWARDS,ARS-MSBL-MSBL101,,33.4029473,-90.670499,2008-06-02,Dissolved oxygen,5.38,mg/L,
STEWARDS,ARS-MSBL-MSBL101,,33.4029473,-90.670499,2008-08-11,Dissolved oxygen,3.31,mg/L,
STEWARDS,ARS-MSBL-MSBL101,,33.4029473,-90.670499,2008-09-22,Dissolved oxygen,5.19,mg/L,
STEWARDS,ARS-MSBL-MSBL101,,33.4029473,-90.670499,2008-12-01,Dissolved oxygen,9.42,mg/L,
STEWARDS,ARS-MSBL-MSBL101,,33.4029473,-90.670499,2009-03-04,Dissolved oxygen,9.11,mg/L,
STEWARDS,ARS-MSBL-MSBL101,,33.4029473,-90.670499,2005-03-07,Dissolved oxygen,8.77,mg/L,
STEWARDS,ARS-MSBL-MSBL101,,33.4029473,-90.670499,2005-03-21,Dissolved oxygen,8.96,mg/L,
STEWARDS,ARS-MSBL-MSBL101,,33.4029473,-90.670499,2005-04-04,Dissolved oxygen,7.99,mg/L,
STEWARDS,ARS-MSBL-MSBL101,,33.4029473,-90.670499,2005-06-27,Dissolved oxygen,8.81,mg/L,
STEWARDS,ARS-MSBL-MSBL101,,33.4029473,-90.670499,2005-08-23,Dissolved oxygen,7.16,mg/L,
STEWARDS,ARS-MSBL-MSBL101,,33.4029473,-90.670499,2005-09-01,Dissolved oxygen,7.65,mg/L,
STEWARDS,ARS-MSBL-MSBL101,,33.4029473,-90.670499,2005-09-19,Dissolved oxygen,7.14,mg/L,
STEWARDS,ARS-MSBL-MSBL101,,33.4029473,-90.670499,2005-10-17,Dissolved oxygen,5.41,mg/L,
STEWARDS,ARS-MSBL-MSBL101,,33.4029473,-90.670499,2005-12-12,Dissolved oxygen,9.89,mg/L,
STEWARDS,ARS-MSBL-MSBL101,,33.4029473,-90.670499,2006-02-06,Dissolved oxygen,7.17,mg/L,
STEWARDS,ARS-MSBL-MSBL101,,33.4029473,-90.670499,2006-03-06,Dissolved oxygen,8.75,mg/L,
STEWARDS,ARS-MSBL-MSBL101,,33.4029473,-90.670499,2006-04-03,Dissolved oxygen,7.5,mg/L,
STEWARDS,ARS-MSBL-MSBL101,,33.4029473,-90.670499,2006-05-15,Dissolved oxygen,7.65,mg/L,
STEWARDS,ARS-MSBL-MSBL101,,33.4029473,-90.670499,2006-07-24,Dissolved oxygen,6.59,mg/L,
STEWARDS,ARS-MSBL-MSBL101,,33.4029473,-90.670499,2006-09-18,Dissolved oxygen,5.58,mg/L,
STEWARDS,ARS-MSBL-MSBL101,,33.4029473,-90.670499,2006-10-30,Dissolved oxygen,8.55,mg/L,
STEWARDS,ARS-MSBL-MSBL101,,33.4029473,-90.670499,2007-04-16,Dissolved oxygen,9.55,mg/L,
STEWARDS,ARS-MSBL-MSBL101,,33.4029473,-90.670499,2007-09-04,Dissolved oxygen,7.07,mg/L,
STEWARDS,ARS-MSBL-MSBL101,,33.4029473,-90.670499,2007-10-16,Dissolved oxygen,6.84,mg/L,
STEWARDS,ARS-MSBL-MSBL101,,33.4029473,-90.670499,2008-04-07,Dissolved oxygen,5.85,mg/L,
STEWARDS,ARS-MSBL-MSBL101,,33.4029473,-90.670499,2008-10-21,Dissolved oxygen,7.04,mg/L,
STEWARDS,ARS-MSBL-MSBL101,,33.4029473,-90.670499,2008-11-17,Dissolved oxygen,9.67,mg/L,
STEWARDS,ARS-MSBL-MSBL101,,33.4029473,-90.670499,2009-05-26,Dissolved oxygen,5.36,mg/L,
STEWARDS,ARS-MSBL-MSBL101,,33.4029473,-90.670499,2009-08-17,Dissolved oxygen,8.55,mg/L,
STEWARDS,ARS-MSBL-MSBL101,,33.4029473,-90.670499,2009-09-28,Dissolved oxygen,5.5,mg/L,
STEWARDS,ARS-MSBL-MSBL101,,33.4029473,-90.670499,2009-11-17,Dissolved oxygen,5.53,mg/L,
STEWARDS,ARS-MSBL-MSBL101,,33.4029473,-90.670499,2009-10-13,Dissolved oxygen,5.31,mg/L,
STEWARDS,ARS-MSBL-MSBL101,,33.4029473,-90.670499,2009-12-07,Dissolved oxygen,9.9,mg/L,
STEWARDS,ARS-MSBL-MSBL101,,33.4029473,-90.670499,2009-12-14,Dissolved oxygen,9.1,mg/L,
STEWARDS,ARS-MSBL-MSBL101,,33.4029473,-90.670499,2009-10-26,Dissolved oxygen,3.95,mg/L,
STEWARDS,ARS-MSBL-MSBL101,,33.4029473,-90.670499,2009-11-02,Dissolved oxygen,5.77,mg/L,
STEWARDS,ARS-MSBL-MSBL101,,33.4029473,-90.670499,2009-11-30,Dissolved oxygen,8.27,mg/L,
STEWARDS,ARS-MSBL-MSBL102,,33.3983362,-90.67639,2005-01-24,Dissolved oxygen,9.48,mg/L,
STEWARDS,ARS-MSBL-MSBL102,,33.3983362,-90.67639,2005-02-07,Dissolved oxygen,9.71,mg/L,
STEWARDS,ARS-MSBL-MSBL102,,33.3983362,-90.67639,2005-07-25,Dissolved oxygen,7.9,mg/L,
STEWARDS,ARS-MSBL-MSBL102,,33.3983362,-90.67639,2006-08-07,Dissolved oxygen,7.5,mg/L,
STEWARDS,ARS-MSBL-MSBL102,,33.3983362,-90.67639,2006-05-15,Dissolved oxygen,7.63,mg/L,
STEWARDS,ARS-MSBL-MSBL102,,33.3983362,-90.67639,2006-06-26,Dissolved oxygen,6.58,mg/L,
STEWARDS,ARS-MSBL-MSBL102,,33.3983362,-90.67639,2006-12-11,Dissolved oxygen,11.8,mg/L,
STEWARDS,ARS-MSBL-MSBL102,,33.3983362,-90.67639,2007-02-20,Dissolved oxygen,11.38,mg/L,
STEWARDS,ARS-MSBL-MSBL102,,33.3983362,-90.67639,2007-04-30,Dissolved oxygen,8.99,mg/L,
STEWARDS,ARS-MSBL-MSBL102,,33.3983362,-90.67639,2007-05-14,Dissolved oxygen,10.33,mg/L,
STEWARDS,ARS-MSBL-MSBL102,,33.3983362,-90.67639,2007-09-04,Dissolved oxygen,6.18,mg/L,
STEWARDS,ARS-MSBL-MSBL102,,33.3983362,-90.67639,2008-01-28,Dissolved oxygen,11.29,mg/L,
STEWARDS,ARS-MSBL-MSBL102,,33.3983362,-90.67639,2008-03-11,Dissolved oxygen,8.9,mg/L,
STEWARDS,ARS-MSBL-MSBL102,,33.3983362,-90.67639,2008-03-25,Dissolved oxygen,8.47,mg/L,
STEWARDS,ARS-MSBL-MSBL102,,33.3983362,-90.67639,2008-06-16,Dissolved oxygen,8.46,mg/L,
STEWARDS,ARS-MSBL-MSBL102,,33.3983362,-90.67639,2008-08-11,Dissolved oxygen,2.25,mg/L,
STEWARDS,ARS-MSBL-MSBL102,,33.3983362,-90.67639,2008-09-08,Dissolved oxygen,7.84,mg/L,
STEWARDS,ARS-MSBL-MSBL102,,33.3983362,-90.67639,2008-11-17,Dissolved oxygen,8.33,mg/L,
STEWARDS,ARS-MSBL-MSBL102,,33.3983362,-90.67639,2009-01-20,Dissolved oxygen,10.25,mg/L,
STEWARDS,ARS-MSBL-MSBL102,,33.3983362,-90.67639,2009-07-06,Dissolved oxygen,10.71,mg/L,
STEWARDS,ARS-MSBL-MSBL102,,33.3983362,-90.67639,2009-10-13,Dissolved oxygen,6.4,mg/L,
STEWARDS,ARS-MSBL-MSBL102,,33.3983362,-90.67639,2009-11-02,Dissolved oxygen,6.3,mg/L,
STEWARDS,ARS-MSBL-MSBL102,,33.3983362,-90.67639,2009-11-17,Dissolved oxygen,5.7,mg/L,
STEWARDS,ARS-MSBL-MSBL102,,33.3983362,-90.67639,2005-05-16,Dissolved oxygen,5.38,mg/L,
STEWARDS,ARS-MSBL-MSBL102,,33.3983362,-90.67639,2005-05-31,Dissolved oxygen,5.24,mg/L,
STEWARDS,ARS-MSBL-MSBL102,,33.3983362,-90.67639,2005-07-11,Dissolved oxygen,4.97,mg/L,
STEWARDS,ARS-MSBL-MSBL102,,33.3983362,-90.67639,2005-09-19,Dissolved oxygen,7.31,mg/L,
STEWARDS,ARS-MSBL-MSBL102,,33.3983362,-90.67639,2005-11-14,Dissolved oxygen,8.27,mg/L,
STEWARDS,ARS-MSBL-MSBL102,,33.3983362,-90.67639,2005-11-28,Dissolved oxygen,8.72,mg/L,
STEWARDS,ARS-MSBL-MSBL102,,33.3983362,-90.67639,2006-08-21,Dissolved oxygen,8.02,mg/L,
STEWARDS,ARS-MSBL-MSBL102,,33.3983362,-90.67639,2007-01-08,Dissolved oxygen,6.64,mg/L,
STEWARDS,ARS-MSBL-MSBL102,,33.3983362,-90.67639,2007-01-22,Dissolved oxygen,9.83,mg/L,
STEWARDS,ARS-MSBL-MSBL102,,33.3983362,-90.67639,2007-04-02,Dissolved oxygen,6.71,mg/L,
STEWARDS,ARS-MSBL-MSBL102,,33.3983362,-90.67639,2007-05-29,Dissolved oxygen,11.14,mg/L,
STEWARDS,ARS-MSBL-MSBL102,,33.3983362,-90.67639,2007-07-23,Dissolved oxygen,5.1,mg/L,
STEWARDS,ARS-MSBL-MSBL102,,33.3983362,-90.67639,2007-08-20,Dissolved oxygen,5.77,mg/L,
STEWARDS,ARS-MSBL-MSBL102,,33.3983362,-90.67639,2007-10-01,Dissolved oxygen,6.43,mg/L,
STEWARDS,ARS-MSBL-MSBL102,,33.3983362,-90.67639,2007-11-13,Dissolved oxygen,7.2,mg/L,
STEWARDS,ARS-MSBL-MSBL102,,33.3983362,-90.67639,2007-12-10,Dissolved oxygen,9.1,mg/L,
STEWARDS,ARS-MSBL-MSBL102,,33.3983362,-90.67639,2008-01-14,Dissolved oxygen,9.39,mg/L,
STEWARDS,ARS-MSBL-MSBL102,,33.3983362,-90.67639,2008-04-21,Dissolved oxygen,7.51,mg/L,
STEWARDS,ARS-MSBL-MSBL102,,33.3983362,-90.67639,2008-05-05,Dissolved oxygen,7.48,mg/L,
STEWARDS,ARS-MSBL-MSBL102,,33.3983362,-90.67639,2008-06-02,Dissolved oxygen,6.4,mg/L,
STEWARDS,ARS-MSBL-MSBL102,,33.3983362,-90.67639,2008-06-30,Dissolved oxygen,9.65,mg/L,
STEWARDS,ARS-MSBL-MSBL102,,33.3983362,-90.67639,2008-07-14,Dissolved oxygen,7.55,mg/L,
STEWARDS,ARS-MSBL-MSBL102,,33.3983362,-90.67639,2008-10-21,Dissolved oxygen,7.25,mg/L,
STEWARDS,ARS-MSBL-MSBL102,,33.3983362,-90.67639,2005-01-10,Dissolved oxygen,7.84,mg/L,
STEWARDS,ARS-MSBL-MSBL102,,33.3983362,-90.67639,2005-02-22,Dissolved oxygen,8.82,mg/L,
STEWARDS,ARS-MSBL-MSBL102,,33.3983362,-90.67639,2005-03-07,Dissolved oxygen,8.63,mg/L,
STEWARDS,ARS-MSBL-MSBL102,,33.3983362,-90.67639,2005-03-21,Dissolved oxygen,9.0,mg/L,
STEWARDS,ARS-MSBL-MSBL102,,33.3983362,-90.67639,2005-04-04,Dissolved oxygen,7.92,mg/L,
STEWARDS,ARS-MSBL-MSBL102,,33.3983362,-90.67639,2005-04-18,Dissolved oxygen,6.55,mg/L,
STEWARDS,ARS-MSBL-MSBL102,,33.3983362,-90.67639,2005-06-13,Dissolved oxygen,8.0,mg/L,
STEWARDS,ARS-MSBL-MSBL102,,33.3983362,-90.67639,2005-08-23,Dissolved oxygen,7.66,mg/L,
STEWARDS,ARS-MSBL-MSBL102,,33.3983362,-90.67639,2005-09-06,Dissolved oxygen,2.83,mg/L,
STEWARDS,ARS-MSBL-MSBL102,,33.3983362,-90.67639,2006-01-23,Dissolved oxygen,8.87,mg/L,
STEWARDS,ARS-MSBL-MSBL102,,33.3983362,-90.67639,2006-02-21,Dissolved oxygen,10.45,mg/L,
STEWARDS,ARS-MSBL-MSBL102,,33.3983362,-90.67639,2006-04-17,Dissolved oxygen,7.15,mg/L,
STEWARDS,ARS-MSBL-MSBL102,,33.3983362,-90.67639,2006-05-01,Dissolved oxygen,6.73,mg/L,
STEWARDS,ARS-MSBL-MSBL102,,33.3983362,-90.67639,2006-06-12,Dissolved oxygen,9.42,mg/L,
STEWARDS,ARS-MSBL-MSBL102,,33.3983362,-90.67639,2006-10-30,Dissolved oxygen,8.8,mg/L,
STEWARDS,ARS-MSBL-MSBL102,,33.3983362,-90.67639,2007-07-09,Dissolved oxygen,8.4,mg/L,
STEWARDS,ARS-MSBL-MSBL102,,33.3983362,-90.67639,2007-10-29,Dissolved oxygen,5.77,mg/L,
STEWARDS,ARS-MSBL-MSBL102,,33.3983362,-90.67639,2008-04-07,Dissolved oxygen,6.36,mg/L,
STEWARDS,ARS-MSBL-MSBL102,,33.3983362,-90.67639,2008-05-19,Dissolved oxygen,6.44,mg/L,
STEWARDS,ARS-MSBL-MSBL102,,33.3983362,-90.67639,2008-07-28,Dissolved oxygen,8.3,mg/L,
STEWARDS,ARS-MSBL-MSBL102,,33.3983362,-90.67639,2008-10-06,Dissolved oxygen,5.95,mg/L,
STEWARDS,ARS-MSBL-MSBL102,,33.3983362,-90.67639,2009-02-17,Dissolved oxygen,8.13,mg/L,
STEWARDS,ARS-MSBL-MSBL102,,33.3983362,-90.67639,2009-06-08,Dissolved oxygen,5.52,mg/L,
STEWARDS,ARS-MSBL-MSBL102,,33.3983362,-90.67639,2009-06-22,Dissolved oxygen,6.48,mg/L,
STEWARDS,ARS-MSBL-MSBL102,,33.3983362,-90.67639,2009-08-04,Dissolved oxygen,8.05,mg/L,
STEWARDS,ARS-MSBL-MSBL102,,33.3983362,-90.67639,2009-08-17,Dissolved oxygen,8.56,mg/L,
STEWARDS,ARS-MSBL-MSBL102,,33.3983362,-90.67639,2009-09-14,Dissolved oxygen,7.34,mg/L,
STEWARDS,ARS-MSBL-MSBL102,,33.3983362,-90.67639,2009-10-20,Dissolved oxygen,4.31,mg/L,
STEWARDS,ARS-MSBL-MSBL102,,33.3983362,-90.67639,2009-11-09,Dissolved oxygen,6.53,mg/L,
STEWARDS,ARS-MSBL-MSBL103,,33.3971296,-90.6840254,2005-05-16,Dissolved oxygen,4.97,mg/L,
STEWARDS,ARS-MSBL-MSBL103,,33.3971296,-90.6840254,2005-07-25,Dissolved oxygen,7.21,mg/L,
STEWARDS,ARS-MSBL-MSBL103,,33.3971296,-90.6840254,2005-11-14,Dissolved oxygen,7.92,mg/L,
STEWARDS,ARS-MSBL-MSBL103,,33.3971296,-90.6840254,2005-11-28,Dissolved oxygen,8.49,mg/L,
STEWARDS,ARS-MSBL-MSBL103,,33.3971296,-90.6840254,2006-03-20,Dissolved oxygen,8.39,mg/L,
STEWARDS,ARS-MSBL-MSBL103,,33.3971296,-90.6840254,2006-08-21,Dissolved oxygen,6.12,mg/L,
STEWARDS,ARS-MSBL-MSBL103,,33.3971296,-90.6840254,2006-10-16,Dissolved oxygen,7.97,mg/L,
STEWARDS,ARS-MSBL-MSBL103,,33.3971296,-90.6840254,2006-11-13,Dissolved oxygen,7.66,mg/L,
STEWARDS,ARS-MSBL-MSBL103,,33.3971296,-90.6840254,2006-12-11,Dissolved oxygen,11.49,mg/L,
STEWARDS,ARS-MSBL-MSBL103,,33.3971296,-90.6840254,2007-04-02,Dissolved oxygen,6.99,mg/L,
STEWARDS,ARS-MSBL-MSBL103,,33.3971296,-90.6840254,2007-07-23,Dissolved oxygen,4.12,mg/L,
STEWARDS,ARS-MSBL-MSBL103,,33.3971296,-90.6840254,2007-09-04,Dissolved oxygen,5.26,mg/L,
STEWARDS,ARS-MSBL-MSBL103,,33.3971296,-90.6840254,2007-10-16,Dissolved oxygen,5.02,mg/L,
STEWARDS,ARS-MSBL-MSBL103,,33.3971296,-90.6840254,2007-10-29,Dissolved oxygen,6.07,mg/L,
STEWARDS,ARS-MSBL-MSBL103,,33.3971296,-90.6840254,2008-08-25,Dissolved oxygen,3.57,mg/L,
STEWARDS,ARS-MSBL-MSBL103,,33.3971296,-90.6840254,2008-09-22,Dissolved oxygen,4.14,mg/L,
STEWARDS,ARS-MSBL-MSBL103,,33.3971296,-90.6840254,2008-10-06,Dissolved oxygen,4.06,mg/L,
STEWARDS,ARS-MSBL-MSBL103,,33.3971296,-90.6840254,2008-11-17,Dissolved oxygen,6.62,mg/L,
STEWARDS,ARS-MSBL-MSBL103,,33.3971296,-90.6840254,2009-03-30,Dissolved oxygen,6.83,mg/L,
STEWARDS,ARS-MSBL-MSBL103,,33.3971296,-90.6840254,2009-04-27,Dissolved oxygen,5.93,mg/L,
STEWARDS,ARS-MSBL-MSBL103,,33.3971296,-90.6840254,2009-05-26,Dissolved oxygen,5.1,mg/L,
STEWARDS,ARS-MSBL-MSBL103,,33.3971296,-90.6840254,2009-07-06,Dissolved oxygen,8.6,mg/L,
STEWARDS,ARS-MSBL-MSBL103,,33.3971296,-90.6840254,2009-12-14,Dissolved oxygen,9.23,mg/L,
STEWARDS,ARS-MSBL-MSBL102,,33.3983362,-90.67639,2009-02-02,Dissolved oxygen,9.91,mg/L,
STEWARDS,ARS-MSBL-MSBL102,,33.3983362,-90.67639,2009-03-30,Dissolved oxygen,7.94,mg/L,
STEWARDS,ARS-MSBL-MSBL102,,33.3983362,-90.67639,2009-04-27,Dissolved oxygen,7.83,mg/L,
STEWARDS,ARS-MSBL-MSBL102,,33.3983362,-90.67639,2009-05-11,Dissolved oxygen,4.49,mg/L,
STEWARDS,ARS-MSBL-MSBL102,,33.3983362,-90.67639,2009-05-26,Dissolved oxygen,5.54,mg/L,
STEWARDS,ARS-MSBL-MSBL102,,33.3983362,-90.67639,2009-10-06,Dissolved oxygen,6.14,mg/L,
STEWARDS,ARS-MSBL-MSBL102,,33.3983362,-90.67639,2009-11-30,Dissolved oxygen,8.12,mg/L,
STEWARDS,ARS-MSBL-MSBL102,,33.3983362,-90.67639,2009-12-14,Dissolved oxygen,9.3,mg/L,
STEWARDS,ARS-MSBL-MSBL103,,33.3971296,-90.6840254,2005-10-03,Dissolved oxygen,4.48,mg/L,
STEWARDS,ARS-MSBL-MSBL103,,33.3971296,-90.6840254,2007-11-26,Dissolved oxygen,7.57,mg/L,
STEWARDS,ARS-MSBL-MSBL103,,33.3971296,-90.6840254,2008-03-11,Dissolved oxygen,9.22,mg/L,
STEWARDS,ARS-MSBL-MSBL103,,33.3971296,-90.6840254,2008-04-21,Dissolved oxygen,8.26,mg/L,
STEWARDS,ARS-MSBL-MSBL103,,33.3971296,-90.6840254,2008-05-19,Dissolved oxygen,5.02,mg/L,
STEWARDS,ARS-MSBL-MSBL103,,33.3971296,-90.6840254,2009-10-26,Dissolved oxygen,5.16,mg/L,
STEWARDS,ARS-MSBL-MSBL103,,33.3971296,-90.6840254,2009-08-17,Dissolved oxygen,6.29,mg/L,
STEWARDS,ARS-MSBL-MSBL103,,33.3971296,-90.6840254,2005-05-02,Dissolved oxygen,6.2,mg/L,
STEWARDS,ARS-MSBL-MSBL103,,33.3971296,-90.6840254,2005-05-31,Dissolved oxygen,6.11,mg/L,
STEWARDS,ARS-MSBL-MSBL103,,33.3971296,-90.6840254,2005-06-27,Dissolved oxygen,8.12,mg/L,
STEWARDS,ARS-MSBL-MSBL103,,33.3971296,-90.6840254,2005-08-23,Dissolved oxygen,6.64,mg/L,
STEWARDS,ARS-MSBL-MSBL103,,33.3971296,-90.6840254,2005-09-06,Dissolved oxygen,2.84,mg/L,
STEWARDS,ARS-MSBL-MSBL103,,33.3971296,-90.6840254,2005-01-24,Dissolved oxygen,9.76,mg/L,
STEWARDS,ARS-MSBL-MSBL103,,33.3971296,-90.6840254,2005-02-07,Dissolved oxygen,9.63,mg/L,
STEWARDS,ARS-MSBL-MSBL103,,33.3971296,-90.6840254,2005-10-31,Dissolved oxygen,6.21,mg/L,
STEWARDS,ARS-MSBL-MSBL103,,33.3971296,-90.6840254,2006-01-09,Dissolved oxygen,9.03,mg/L,
STEWARDS,ARS-MSBL-MSBL103,,33.3971296,-90.6840254,2006-04-17,Dissolved oxygen,5.73,mg/L,
STEWARDS,ARS-MSBL-MSBL103,,33.3971296,-90.6840254,2007-03-05,Dissolved oxygen,8.03,mg/L,
STEWARDS,ARS-MSBL-MSBL103,,33.3971296,-90.6840254,2007-04-30,Dissolved oxygen,8.45,mg/L,
STEWARDS,ARS-MSBL-MSBL103,,33.3971296,-90.6840254,2007-05-14,Dissolved oxygen,9.38,mg/L,
STEWARDS,ARS-MSBL-MSBL103,,33.3971296,-90.6840254,2007-06-25,Dissolved oxygen,4.83,mg/L,
STEWARDS,ARS-MSBL-MSBL103,,33.3971296,-90.6840254,2007-08-20,Dissolved oxygen,5.9,mg/L,
STEWARDS,ARS-MSBL-MSBL103,,33.3971296,-90.6840254,2008-02-11,Dissolved oxygen,9.52,mg/L,
STEWARDS,ARS-MSBL-MSBL103,,33.3971296,-90.6840254,2008-05-05,Dissolved oxygen,7.78,mg/L,
STEWARDS,ARS-MSBL-MSBL103,,33.3971296,-90.6840254,2008-07-14,Dissolved oxygen,10.06,mg/L,
STEWARDS,ARS-MSBL-MSBL103,,33.3971296,-90.6840254,2008-07-28,Dissolved oxygen,9.53,mg/L,
STEWARDS,ARS-MSBL-MSBL103,,33.3971296,-90.6840254,2008-09-08,Dissolved oxygen,7.58,mg/L,
STEWARDS,ARS-MSBL-MSBL103,,33.3971296,-90.6840254,2008-11-03,Dissolved oxygen,6.99,mg/L,
STEWARDS,ARS-MSBL-MSBL103,,33.3971296,-90.6840254,2009-03-04,Dissolved oxygen,9.55,mg/L,
STEWARDS,ARS-MSBL-MSBL103,,33.3971296,-90.6840254,2009-05-11,Dissolved oxygen,4.41,mg/L,
STEWARDS,ARS-MSBL-MSBL103,,33.3971296,-90.6840254,2009-08-04,Dissolved oxygen,8.18,mg/L,
STEWARDS,ARS-MSBL-MSBL103,,33.3971296,-90.6840254,2009-10-06,Dissolved oxygen,6.36,mg/L,
STEWARDS,ARS-MSBL-MSBL103,,33.3971296,-90.6840254,2009-11-09,Dissolved oxygen,6.25,mg/L,
STEWARDS,ARS-MSBL-MSBL103,,33.3971296,-90.6840254,2009-11-17,Dissolved oxygen,5.02,mg/L,
STEWARDS,ARS-MSBL-MSBL103,,33.3971296,-90.6840254,2009-11-23,Dissolved oxygen,5.83,mg/L,
STEWARDS,ARS-MSGC-MSGC_WQ_2-5,,34.2366284,-89.9093076,2005-08-23,Dissolved oxygen,5.25,mg/L,
STEWARDS,ARS-MSGC-MSGC_WQ_2-5,,34.2366284,-89.9093076,2005-11-29,Dissolved oxygen,8.75,mg/L,
STEWARDS,ARS-MSGC-MSGC_WQ_2-5,,34.2366284,-89.9093076,2005-12-13,Dissolved oxygen,11.37,mg/L,
STEWARDS,ARS-MSGC-MSGC_WQ_2-5,,34.2366284,-89.9093076,2006-02-21,Dissolved oxygen,9.28,mg/L,
STEWARDS,ARS-MSGC-MSGC_WQ_2-5,,34.2366284,-89.9093076,2006-05-30,Dissolved oxygen,4.62,mg/L,
STEWARDS,ARS-MSGC-MSGC_WQ_2-5,,34.2366284,-89.9093076,2007-04-16,Dissolved oxygen,7.09,mg/L,
STEWARDS,ARS-MSGC-MSGC_WQ_2-5,,34.2366284,-89.9093076,2007-07-23,Dissolved oxygen,4.69,mg/L,
STEWARDS,ARS-MSGC-MSGC_WQ_2-5,,34.2366284,-89.9093076,2005-02-08,Dissolved oxygen,8.88,mg/L,
STEWARDS,ARS-MSGC-MSGC_WQ_2-5,,34.2366284,-89.9093076,2005-04-19,Dissolved oxygen,12.3,mg/L,
STEWARDS,ARS-MSGC-MSGC_WQ_2-5,,34.2366284,-89.9093076,2005-05-03,Dissolved oxygen,11.59,mg/L,
STEWARDS,ARS-MSGC-MSGC_WQ_2-5,,34.2366284,-89.9093076,2005-05-17,Dissolved oxygen,9.22,mg/L,
STEWARDS,ARS-MSGC-MSGC_WQ_2-5,,34.2366284,-89.9093076,2005-06-14,Dissolved oxygen,8.07,mg/L,
STEWARDS,ARS-MSGC-MSGC_WQ_2-5,,34.2366284,-89.9093076,2005-11-01,Dissolved oxygen,7.52,mg/L,
STEWARDS,ARS-MSGC-MSGC_WQ_2-5,,34.2366284,-89.9093076,2006-01-23,Dissolved oxygen,10.26,mg/L,
STEWARDS,ARS-MSGC-MSGC_WQ_2-5,,34.2366284,-89.9093076,2006-04-18,Dissolved oxygen,10.02,mg/L,
STEWARDS,ARS-MSGC-MSGC_WQ_2-5,,34.2366284,-89.9093076,2006-05-15,Dissolved oxygen,9.15,mg/L,
STEWARDS,ARS-MSGC-MSGC_WQ_2-5,,34.2366284,-89.9093076,2006-08-08,Dissolved oxygen,3.36,mg/L,
STEWARDS,ARS-MSGC-MSGC_WQ_2-5,,34.2366284,-89.9093076,2006-10-02,Dissolved oxygen,7.0,mg/L,
STEWARDS,ARS-MSGC-MSGC_WQ_2-9,,34.251287,-89.8980738,2005-06-14,Dissolved oxygen,7.21,mg/L,
STEWARDS,ARS-MSGC-MSGC_WQ_2-5,,34.2366284,-89.9093076,2006-11-27,Dissolved oxygen,8.49,mg/L,
STEWARDS,ARS-MSGC-MSGC_WQ_2-5,,34.2366284,-89.9093076,2007-02-05,Dissolved oxygen,6.4,mg/L,
STEWARDS,ARS-MSGC-MSGC_WQ_2-5,,34.2366284,-89.9093076,2007-06-11,Dissolved oxygen,6.83,mg/L,
STEWARDS,ARS-MSGC-MSGC_WQ_2-5,,34.2366284,-89.9093076,2007-10-01,Dissolved oxygen,6.31,mg/L,
STEWARDS,ARS-MSGC-MSGC_WQ_2-9,,34.251287,-89.8980738,2005-01-25,Dissolved oxygen,12.6,mg/L,
STEWARDS,ARS-MSGC-MSGC_WQ_2-9,,34.251287,-89.8980738,2005-05-03,Dissolved oxygen,11.17,mg/L,
STEWARDS,ARS-MSGC-MSGC_WQ_2-9,,34.251287,-89.8980738,2005-05-17,Dissolved oxygen,7.88,mg/L,
STEWARDS,ARS-MSGC-MSGC_WQ_2-9,,34.251287,-89.8980738,2006-02-07,Dissolved oxygen,12.24,mg/L,
STEWARDS,ARS-MSGC-MSGC_WQ_2-9,,34.251287,-89.8980738,2007-01-22,Dissolved oxygen,6.57,mg/L,
STEWARDS,ARS-MSGC-MSGC_WQ_2-9,,34.251287,-89.8980738,2007-06-11,Dissolved oxygen,4.9,mg/L,
STEWARDS,ARS-MSGC-MSGC_WQ_2-9,,34.251287,-89.8980738,2007-06-25,Dissolved oxygen,4.47,mg/L,
STEWARDS,ARS-MSGC-MSGC_WQ_2-9,,34.251287,-89.8980738,2007-07-09,Dissolved oxygen,3.03,mg/L,
STEWARDS,ARS-MSBL-MSBL103,,33.3971296,-90.6840254,2005-04-18,Dissolved oxygen,6.0,mg/L,
STEWARDS,ARS-MSBL-MSBL103,,33.3971296,-90.6840254,2005-06-13,Dissolved oxygen,7.58,mg/L,
STEWARDS,ARS-MSBL-MSBL103,,33.3971296,-90.6840254,2005-07-11,Dissolved oxygen,4.48,mg/L,
STEWARDS,ARS-MSBL-MSBL103,,33.3971296,-90.6840254,2005-09-19,Dissolved oxygen,6.72,mg/L,
STEWARDS,ARS-MSBL-MSBL103,,33.3971296,-90.6840254,2005-12-12,Dissolved oxygen,9.13,mg/L,
STEWARDS,ARS-MSBL-MSBL103,,33.3971296,-90.6840254,2006-02-21,Dissolved oxygen,10.78,mg/L,
STEWARDS,ARS-MSBL-MSBL103,,33.3971296,-90.6840254,2006-05-01,Dissolved oxygen,6.47,mg/L,
STEWARDS,ARS-MSBL-MSBL103,,33.3971296,-90.6840254,2006-05-15,Dissolved oxygen,6.78,mg/L,
STEWARDS,ARS-MSBL-MSBL103,,33.3971296,-90.6840254,2006-06-12,Dissolved oxygen,8.63,mg/L,
STEWARDS,ARS-MSBL-MSBL103,,33.3971296,-90.6840254,2006-10-02,Dissolved oxygen,7.53,mg/L,
STEWARDS,ARS-MSBL-MSBL103,,33.3971296,-90.6840254,2006-10-30,Dissolved oxygen,7.99,mg/L,
STEWARDS,ARS-MSBL-MSBL103,,33.3971296,-90.6840254,2007-01-22,Dissolved oxygen,10.48,mg/L,
STEWARDS,ARS-MSBL-MSBL103,,33.3971296,-90.6840254,2007-02-20,Dissolved oxygen,11.37,mg/L,
STEWARDS,ARS-MSBL-MSBL103,,33.3971296,-90.6840254,2007-03-19,Dissolved oxygen,7.56,mg/L,
STEWARDS,ARS-MSBL-MSBL103,,33.3971296,-90.6840254,2007-04-16,Dissolved oxygen,9.35,mg/L,
STEWARDS,ARS-MSBL-MSBL103,,33.3971296,-90.6840254,2007-09-17,Dissolved oxygen,6.25,mg/L,
STEWARDS,ARS-MSBL-MSBL103,,33.3971296,-90.6840254,2008-02-27,Dissolved oxygen,9.0,mg/L,
STEWARDS,ARS-MSBL-MSBL103,,33.3971296,-90.6840254,2008-03-25,Dissolved oxygen,8.19,mg/L,
STEWARDS,ARS-MSBL-MSBL103,,33.3971296,-90.6840254,2008-08-11,Dissolved oxygen,1.41,mg/L,
STEWARDS,ARS-MSBL-MSBL103,,33.3971296,-90.6840254,2008-12-01,Dissolved oxygen,8.04,mg/L,
STEWARDS,ARS-MSBL-MSBL103,,33.3971296,-90.6840254,2009-02-02,Dissolved oxygen,9.46,mg/L,
STEWARDS,ARS-MSBL-MSBL103,,33.3971296,-90.6840254,2009-02-17,Dissolved oxygen,8.22,mg/L,
STEWARDS,ARS-MSBL-MSBL103,,33.3971296,-90.6840254,2009-03-16,Dissolved oxygen,7.4,mg/L,
STEWARDS,ARS-MSBL-MSBL103,,33.3971296,-90.6840254,2009-07-20,Dissolved oxygen,6.33,mg/L,
STEWARDS,ARS-MSBL-MSBL103,,33.3971296,-90.6840254,2009-08-31,Dissolved oxygen,2.32,mg/L,
STEWARDS,ARS-MSBL-MSBL103,,33.3971296,-90.6840254,2009-09-28,Dissolved oxygen,3.77,mg/L,
STEWARDS,ARS-MSBL-MSBL103,,33.3971296,-90.6840254,2009-11-02,Dissolved oxygen,6.97,mg/L,
STEWARDS,ARS-MSGC-MSGC_WQ_2-9,,34.251287,-89.8980738,2005-12-13,Dissolved oxygen,11.76,mg/L,
STEWARDS,ARS-MSGC-MSGC_WQ_2-9,,34.251287,-89.8980738,2006-01-09,Dissolved oxygen,7.3,mg/L,
STEWARDS,ARS-MSGC-MSGC_WQ_2-9,,34.251287,-89.8980738,2006-02-21,Dissolved oxygen,8.75,mg/L,
STEWARDS,ARS-MSGC-MSGC_WQ_2-9,,34.251287,-89.8980738,2006-05-15,Dissolved oxygen,9.43,mg/L,
STEWARDS,ARS-MSGC-MSGC_WQ_2-9,,34.251287,-89.8980738,2006-09-18,Dissolved oxygen,6.16,mg/L,
STEWARDS,ARS-MSGC-MSGC_WQ_2-5,,34.2366284,-89.9093076,2006-12-11,Dissolved oxygen,6.08,mg/L,
STEWARDS,ARS-MSGC-MSGC_WQ_2-5,,34.2366284,-89.9093076,2005-02-22,Dissolved oxygen,9.96,mg/L,
STEWARDS,ARS-MSGC-MSGC_WQ_2-5,,34.2366284,-89.9093076,2005-03-08,Dissolved oxygen,10.9,mg/L,
STEWARDS,ARS-MSGC-MSGC_WQ_2-5,,34.2366284,-89.9093076,2005-04-05,Dissolved oxygen,8.32,mg/L,
STEWARDS,ARS-MSGC-MSGC_WQ_2-5,,34.2366284,-89.9093076,2005-05-31,Dissolved oxygen,10.55,mg/L,
STEWARDS,ARS-MSGC-MSGC_WQ_2-5,,34.2366284,-89.9093076,2005-07-26,Dissolved oxygen,6.29,mg/L,
STEWARDS,ARS-MSGC-MSGC_WQ_2-5,,34.2366284,-89.9093076,2005-08-09,Dissolved oxygen,6.64,mg/L,
STEWARDS,ARS-MSGC-MSGC_WQ_2-5,,34.2366284,-89.9093076,2005-09-06,Dissolved oxygen,7.06,mg/L,
STEWARDS,ARS-MSGC-MSGC_WQ_2-5,,34.2366284,-89.9093076,2006-01-09,Dissolved oxygen,7.45,mg/L,
STEWARDS,ARS-MSGC-MSGC_WQ_2-5,,34.2366284,-89.9093076,2006-02-07,Dissolved oxygen,12.34,mg/L,
STEWARDS,ARS-MSGC-MSGC_WQ_2-5,,34.2366284,-89.9093076,2006-03-21,Dissolved oxygen,8.81,mg/L,
STEWARDS,ARS-MSGC-MSGC_WQ_2-5,,34.2366284,-89.9093076,2006-06-26,Dissolved oxygen,6.2,mg/L,
STEWARDS,ARS-MSGC-MSGC_WQ_2-5,,34.2366284,-89.9093076,2007-01-08,Dissolved oxygen,4.8,mg/L,
STEWARDS,ARS-MSGC-MSGC_WQ_2-5,,34.2366284,-89.9093076,2007-03-05,Dissolved oxygen,11.04,mg/L,
STEWARDS,ARS-MSGC-MSGC_WQ_2-5,,34.2366284,-89.9093076,2007-03-19,Dissolved oxygen,8.96,mg/L,
STEWARDS,ARS-MSGC-MSGC_WQ_2-5,,34.2366284,-89.9093076,2007-04-30,Dissolved oxygen,4.77,mg/L,
STEWARDS,ARS-MSGC-MSGC_WQ_2-5,,34.2366284,-89.9093076,2007-08-20,Dissolved oxygen,4.75,mg/L,
STEWARDS,ARS-MSGC-MSGC_WQ_2-5,,34.2366284,-89.9093076,2007-11-13,Dissolved oxygen,7.1,mg/L,
STEWARDS,ARS-MSGC-MSGC_WQ_2-5,,34.2366284,-89.9093076,2007-12-10,Dissolved oxygen,6.99,mg/L,
STEWARDS,ARS-MSGC-MSGC_WQ_2-9,,34.251287,-89.8980738,2005-01-11,Dissolved oxygen,8.43,mg/L,
STEWARDS,ARS-MSGC-MSGC_WQ_2-9,,34.251287,-89.8980738,2005-07-12,Dissolved oxygen,4.26,mg/L,
STEWARDS,ARS-MSGC-MSGC_WQ_2-9,,34.251287,-89.8980738,2005-10-04,Dissolved oxygen,9.63,mg/L,
STEWARDS,ARS-MSGC-MSGC_WQ_2-9,,34.251287,-89.8980738,2005-11-01,Dissolved oxygen,7.69,mg/L,
STEWARDS,ARS-MSGC-MSGC_WQ_2-9,,34.251287,-89.8980738,2006-06-13,Dissolved oxygen,7.27,mg/L,
STEWARDS,ARS-MSGC-MSGC_WQ_2-9,,34.251287,-89.8980738,2006-07-24,Dissolved oxygen,6.72,mg/L,
STEWARDS,ARS-MSGC-MSGC_WQ_2-9,,34.251287,-89.8980738,2006-09-06,Dissolved oxygen,6.47,mg/L,
STEWARDS,ARS-MSGC-MSGC_WQ_2-9,,34.251287,-89.8980738,2006-10-16,Dissolved oxygen,8.32,mg/L,
STEWARDS,ARS-MSGC-MSGC_WQ_2-9,,34.251287,-89.8980738,2006-10-30,Dissolved oxygen,7.1,mg/L,
STEWARDS,ARS-MSGC-MSGC_WQ_2-9,,34.251287,-89.8980738,2006-12-11,Dissolved oxygen,6.27,mg/L,
STEWARDS,ARS-MSGC-MSGC_WQ_2-9,,34.251287,-89.8980738,2007-04-16,Dissolved oxygen,7.43,mg/L,
STEWARDS,ARS-MSGC-MSGC_WQ_2-9,,34.251287,-89.8980738,2007-04-30,Dissolved oxygen,5.76,mg/L,
STEWARDS,ARS-MSGC-MSGC_WQ_2-9,,34.251287,-89.8980738,2007-05-29,Dissolved oxygen,4.93,mg/L,
STEWARDS,ARS-MSGC-MSGC_WQ_2-9,,34.251287,-89.8980738,2007-07-23,Dissolved oxygen,3.77,mg/L,
STEWARDS,ARS-MSGC-MSGC_WQ_2-9,,34.251287,-89.8980738,2007-10-01,Dissolved oxygen,6.3,mg/L,
STEWARDS,ARS-MSGC-MSGC_WQ_2-9,,34.251287,-89.8980738,2007-10-15,Dissolved oxygen,8.25,mg/L,
STEWARDS,ARS-MSGC-MSGC_WQ_2-9,,34.251287,-89.8980738,2007-10-29,Dissolved oxygen,6.65,mg/L,
STEWARDS,ARS-MSGC-MSGC_WQ_2-9,,34.251287,-89.8980738,2007-11-13,Dissolved oxygen,6.61,mg/L,
STEWARDS,ARS-MSGC-MSGC_WQ_2-5,,34.2366284,-89.9093076,2005-01-11,Dissolved oxygen,8.36,mg/L,
STEWARDS,ARS-MSGC-MSGC_WQ_2-5,,34.2366284,-89.9093076,2005-01-25,Dissolved oxygen,12.0,mg/L,
STEWARDS,ARS-MSGC-MSGC_WQ_2-5,,34.2366284,-89.9093076,2006-08-21,Dissolved oxygen,3.78,mg/L,
STEWARDS,ARS-MSGC-MSGC_WQ_2-5,,34.2366284,-89.9093076,2005-06-28,Dissolved oxygen,5.16,mg/L,
STEWARDS,ARS-MSGC-MSGC_WQ_2-5,,34.2366284,-89.9093076,2005-07-12,Dissolved oxygen,4.39,mg/L,
STEWARDS,ARS-MSGC-MSGC_WQ_2-5,,34.2366284,-89.9093076,2005-09-20,Dissolved oxygen,7.65,mg/L,
STEWARDS,ARS-MSGC-MSGC_WQ_2-9,,34.251287,-89.8980738,2005-03-22,Dissolved oxygen,7.35,mg/L,
STEWARDS,ARS-MSGC-MSGC_WQ_2-5,,34.2366284,-89.9093076,2005-11-15,Dissolved oxygen,7.35,mg/L,
STEWARDS,ARS-MSGC-MSGC_WQ_2-5,,34.2366284,-89.9093076,2006-07-10,Dissolved oxygen,7.54,mg/L,
STEWARDS,ARS-MSGC-MSGC_WQ_2-5,,34.2366284,-89.9093076,2006-07-24,Dissolved oxygen,3.97,mg/L,
STEWARDS,ARS-MSGC-MSGC_WQ_2-5,,34.2366284,-89.9093076,2006-09-06,Dissolved oxygen,6.23,mg/L,
STEWARDS,ARS-MSGC-MSGC_WQ_2-5,,34.2366284,-89.9093076,2006-09-18,Dissolved oxygen,5.94,mg/L,
STEWARDS,ARS-MSGC-MSGC_WQ_2-5,,34.2366284,-89.9093076,2006-10-30,Dissolved oxygen,5.24,mg/L,
STEWARDS,ARS-MSGC-MSGC_WQ_2-5,,34.2366284,-89.9093076,2007-01-22,Dissolved oxygen,6.51,mg/L,
STEWARDS,ARS-MSGC-MSGC_WQ_2-5,,34.2366284,-89.9093076,2007-02-21,Dissolved oxygen,8.43,mg/L,
STEWARDS,ARS-MSGC-MSGC_WQ_2-5,,34.2366284,-89.9093076,2007-04-02,Dissolved oxygen,5.25,mg/L,
STEWARDS,ARS-MSGC-MSGC_WQ_2-5,,34.2366284,-89.9093076,2007-05-14,Dissolved oxygen,6.54,mg/L,
STEWARDS,ARS-MSGC-MSGC_WQ_2-5,,34.2366284,-89.9093076,2007-07-09,Dissolved oxygen,4.76,mg/L,
STEWARDS,ARS-MSGC-MSGC_WQ_2-5,,34.2366284,-89.9093076,2007-08-06,Dissolved oxygen,4.5,mg/L,
STEWARDS,ARS-MSGC-MSGC_WQ_2-5,,34.2366284,-89.9093076,2007-09-04,Dissolved oxygen,4.28,mg/L,
STEWARDS,ARS-MSGC-MSGC_WQ_2-5,,34.2366284,-89.9093076,2007-10-15,Dissolved oxygen,7.02,mg/L,
STEWARDS,ARS-MSGC-MSGC_WQ_2-5,,34.2366284,-89.9093076,2007-10-29,Dissolved oxygen,7.8,mg/L,
STEWARDS,ARS-MSGC-MSGC_WQ_2-5,,34.2366284,-89.9093076,2007-11-26,Dissolved oxygen,6.77,mg/L,
STEWARDS,ARS-MSGC-MSGC_WQ_2-9,,34.251287,-89.8980738,2005-02-08,Dissolved oxygen,9.17,mg/L,
STEWARDS,ARS-MSGC-MSGC_WQ_2-9,,34.251287,-89.8980738,2005-03-08,Dissolved oxygen,11.55,mg/L,
STEWARDS,ARS-MSGC-MSGC_WQ_2-9,,34.251287,-89.8980738,2005-04-05,Dissolved oxygen,8.44,mg/L,
STEWARDS,ARS-MSGC-MSGC_WQ_2-9,,34.251287,-89.8980738,2005-07-26,Dissolved oxygen,5.34,mg/L,
STEWARDS,ARS-MSGC-MSGC_WQ_2-9,,34.251287,-89.8980738,2005-08-09,Dissolved oxygen,6.88,mg/L,
STEWARDS,ARS-MSGC-MSGC_WQ_2-9,,34.251287,-89.8980738,2005-10-18,Dissolved oxygen,10.37,mg/L,
STEWARDS,ARS-MSGC-MSGC_WQ_2-9,,34.251287,-89.8980738,2005-11-15,Dissolved oxygen,6.32,mg/L,
STEWARDS,ARS-MSGC-MSGC_WQ_2-9,,34.251287,-89.8980738,2006-03-21,Dissolved oxygen,7.6,mg/L,
STEWARDS,ARS-MSGC-MSGC_WQ_2-9,,34.251287,-89.8980738,2006-08-08,Dissolved oxygen,5.93,mg/L,
STEWARDS,ARS-MSGC-MSGC_WQ_2-9,,34.251287,-89.8980738,2006-03-07,Dissolved oxygen,8.56,mg/L,
STEWARDS,ARS-MSGC-MSGC_WQ_2-9,,34.251287,-89.8980738,2006-05-30,Dissolved oxygen,5.36,mg/L,
STEWARDS,ARS-MSGC-MSGC_WQ_2-9,,34.251287,-89.8980738,2006-06-26,Dissolved oxygen,6.2,mg/L,
STEWARDS,ARS-MSGC-MSGC_WQ_2-9,,34.251287,-89.8980738,2006-08-21,Dissolved oxygen,6.15,mg/L,
STEWARDS,ARS-MSGC-MSGC_WQ_2-9,,34.251287,-89.8980738,2006-11-13,Dissolved oxygen,8.67,mg/L,
STEWARDS,ARS-MSGC-MSGC_WQ_2-9,,34.251287,-89.8980738,2007-02-05,Dissolved oxygen,7.68,mg/L,
STEWARDS,ARS-MSGC-MSGC_WQ_2-9,,34.251287,-89.8980738,2007-03-19,Dissolved oxygen,8.35,mg/L,
STEWARDS,ARS-MSGC-MSGC_WQ_2-9,,34.251287,-89.8980738,2007-04-02,Dissolved oxygen,5.6,mg/L,
STEWARDS,ARS-MSGC-MSGC_WQ_2-9,,34.251287,-89.8980738,2007-05-14,Dissolved oxygen,6.07,mg/L,
STEWARDS,ARS-MSGC-MSGC_WQ_2-9,,34.251287,-89.8980738,2007-12-10,Dissolved oxygen,8.69,mg/L,
STEWARDS,ARS-MSBL-MSBL102,,33.3983362,-90.67639,2010-03-22,Dissolved oxygen,8.31,mg/L,
STEWARDS,ARS-MSBL-MSBL102,,33.3983362,-90.67639,2010-07-26,Dissolved oxygen,7.91,mg/L,
STEWARDS,ARS-MSBL-MSBL102,,33.3983362,-90.67639,2010-09-07,Dissolved oxygen,7.74,mg/L,
STEWARDS,ARS-MSBL-MSBL102,,33.3983362,-90.67639,2012-08-06,Dissolved oxygen,8.25,mg/L,
STEWARDS,ARS-MSBL-MSBL102,,33.3983362,-90.67639,2013-09-09,Dissolved oxygen,7.72,mg/L,
STEWARDS,ARS-MSBL-MSBL102,,33.3983362,-90.67639,2014-05-05,Dissolved oxygen,4.85,mg/L,
STEWARDS,ARS-MSBL-MSBL101,,33.4029473,-90.670499,2014-10-20,Dissolved oxygen,7.02,mg/L,
STEWARDS,ARS-MSBL-MSBL101,,33.4029473,-90.670499,2010-04-05,Dissolved oxygen,7.17,mg/L,
STEWARDS,ARS-MSBL-MSBL102,,33.3983362,-90.67639,2013-05-06,Dissolved oxygen,9.4,mg/L,
STEWARDS,ARS-MSBL-MSBL102,,33.3983362,-90.67639,2014-04-07,Dissolved oxygen,6.22,mg/L,
STEWARDS,ARS-MSBL-MSBL101,,33.4029473,-90.670499,2012-01-23,Dissolved oxygen,8.54,mg/L,
STEWARDS,ARS-MSBL-MSBL101,,33.4029473,-90.670499,2012-05-29,Dissolved oxygen,10.24,mg/L,
STEWARDS,ARS-MSBL-MSBL101,,33.4029473,-90.670499,2012-08-06,Dissolved oxygen,9.3,mg/L,
STEWARDS,ARS-MSBL-MSBL101,,33.4029473,-90.670499,2010-06-14,Dissolved oxygen,13.0,mg/L,
STEWARDS,ARS-MSBL-MSBL101,,33.4029473,-90.670499,2010-03-08,Dissolved oxygen,9.2,mg/L,
STEWARDS,ARS-MSBL-MSBL101,,33.4029473,-90.670499,2010-09-20,Dissolved oxygen,15.4,mg/L,
STEWARDS,ARS-MSBL-MSBL101,,33.4029473,-90.670499,2010-11-29,Dissolved oxygen,6.48,mg/L,
STEWARDS,ARS-MSBL-MSBL101,,33.4029473,-90.670499,2012-04-02,Dissolved oxygen,7.63,mg/L,
STEWARDS,ARS-MSBL-MSBL101,,33.4029473,-90.670499,2010-07-26,Dissolved oxygen,7.2,mg/L,
STEWARDS,ARS-MSBL-MSBL101,,33.4029473,-90.670499,2012-09-04,Dissolved oxygen,8.82,mg/L,
STEWARDS,ARS-MSBL-MSBL101,,33.4029473,-90.670499,2010-02-08,Dissolved oxygen,9.09,mg/L,
STEWARDS,ARS-MSBL-MSBL101,,33.4029473,-90.670499,2010-01-25,Dissolved oxygen,7.59,mg/L,
STEWARDS,ARS-MSBL-MSBL101,,33.4029473,-90.670499,2011-02-07,Dissolved oxygen,10.24,mg/L,
STEWARDS,ARS-MSBL-MSBL101,,33.4029473,-90.670499,2011-03-07,Dissolved oxygen,6.74,mg/L,
STEWARDS,ARS-MSBL-MSBL101,,33.4029473,-90.670499,2011-04-05,Dissolved oxygen,7.02,mg/L,
STEWARDS,ARS-MSBL-MSBL101,,33.4029473,-90.670499,2011-05-02,Dissolved oxygen,4.85,mg/L,
STEWARDS,ARS-MSBL-MSBL101,,33.4029473,-90.670499,2011-05-16,Dissolved oxygen,3.83,mg/L,
STEWARDS,ARS-MSBL-MSBL101,,33.4029473,-90.670499,2011-07-11,Dissolved oxygen,7.27,mg/L,
STEWARDS,ARS-MSBL-MSBL101,,33.4029473,-90.670499,2011-10-17,Dissolved oxygen,7.06,mg/L,
STEWARDS,ARS-MSBL-MSBL101,,33.4029473,-90.670499,2011-11-14,Dissolved oxygen,8.51,mg/L,
STEWARDS,ARS-MSBL-MSBL101,,33.4029473,-90.670499,2011-12-12,Dissolved oxygen,9.07,mg/L,
STEWARDS,ARS-MSBL-MSBL101,,33.4029473,-90.670499,2012-02-06,Dissolved oxygen,7.31,mg/L,
STEWARDS,ARS-MSBL-MSBL101,,33.4029473,-90.670499,2012-03-19,Dissolved oxygen,6.84,mg/L,
STEWARDS,ARS-MSBL-MSBL101,,33.4029473,-90.670499,2012-04-30,Dissolved oxygen,8.23,mg/L,
STEWARDS,ARS-MSBL-MSBL101,,33.4029473,-90.670499,2012-06-11,Dissolved oxygen,8.68,mg/L,
STEWARDS,ARS-MSBL-MSBL101,,33.4029473,-90.670499,2013-07-15,Dissolved oxygen,8.45,mg/L,
STEWARDS,ARS-MSBL-MSBL101,,33.4029473,-90.670499,2014-04-21,Dissolved oxygen,5.29,mg/L,
STEWARDS,ARS-MSBL-MSBL101,,33.4029473,-90.670499,2014-06-03,Dissolved oxygen,6.12,mg/L,
STEWARDS,ARS-MSBL-MSBL101,,33.4029473,-90.670499,2014-06-30,Dissolved oxygen,7.04,mg/L,
STEWARDS,ARS-MSBL-MSBL102,,33.3983362,-90.67639,2010-07-12,Dissolved oxygen,6.24,mg/L,
STEWARDS,ARS-MSBL-MSBL102,,33.3983362,-90.67639,2010-09-20,Dissolved oxygen,12.76,mg/L,
STEWARDS,ARS-MSBL-MSBL102,,33.3983362,-90.67639,2010-12-14,Dissolved oxygen,9.42,mg/L,
STEWARDS,ARS-MSBL-MSBL102,,33.3983362,-90.67639,2011-01-24,Dissolved oxygen,11.66,mg/L,
STEWARDS,ARS-MSBL-MSBL102,,33.3983362,-90.67639,2011-02-07,Dissolved oxygen,9.97,mg/L,
STEWARDS,ARS-MSBL-MSBL102,,33.3983362,-90.67639,2012-01-23,Dissolved oxygen,8.53,mg/L,
STEWARDS,ARS-MSBL-MSBL102,,33.3983362,-90.67639,2012-04-30,Dissolved oxygen,8.52,mg/L,
STEWARDS,ARS-MSBL-MSBL102,,33.3983362,-90.67639,2012-06-11,Dissolved oxygen,7.12,mg/L,
STEWARDS,ARS-MSBL-MSBL102,,33.3983362,-90.67639,2012-09-18,Dissolved oxygen,6.5,mg/L,
STEWARDS,ARS-MSBL-MSBL102,,33.3983362,-90.67639,2012-10-01,Dissolved oxygen,6.33,mg/L,
STEWARDS,ARS-MSBL-MSBL102,,33.3983362,-90.67639,2013-01-28,Dissolved oxygen,6.62,mg/L,
STEWARDS,ARS-MSBL-MSBL102,,33.3983362,-90.67639,2013-05-20,Dissolved oxygen,5.56,mg/L,
STEWARDS,ARS-MSBL-MSBL102,,33.3983362,-90.67639,2013-06-03,Dissolved oxygen,6.42,mg/L,
STEWARDS,ARS-MSBL-MSBL102,,33.3983362,-90.67639,2013-06-17,Dissolved oxygen,7.71,mg/L,
STEWARDS,ARS-MSBL-MSBL102,,33.3983362,-90.67639,2013-07-15,Dissolved oxygen,8.24,mg/L,
STEWARDS,ARS-MSBL-MSBL102,,33.3983362,-90.67639,2013-10-21,Dissolved oxygen,8.7,mg/L,
STEWARDS,ARS-MSBL-MSBL102,,33.3983362,-90.67639,2014-03-24,Dissolved oxygen,8.27,mg/L,
STEWARDS,ARS-MSBL-MSBL102,,33.3983362,-90.67639,2014-04-21,Dissolved oxygen,5.29,mg/L,
STEWARDS,ARS-MSBL-MSBL102,,33.3983362,-90.67639,2014-08-25,Dissolved oxygen,9.3,mg/L,
STEWARDS,ARS-MSBL-MSBL102,,33.3983362,-90.67639,2014-12-15,Dissolved oxygen,6.22,mg/L,
STEWARDS,ARS-MSBL-MSBL101,,33.4029473,-90.670499,2012-08-20,Dissolved oxygen,6.95,mg/L,
STEWARDS,ARS-MSBL-MSBL101,,33.4029473,-90.670499,2010-09-07,Dissolved oxygen,8.87,mg/L,
STEWARDS,ARS-MSBL-MSBL103,,33.3971296,-90.6840254,2010-05-18,Dissolved oxygen,9.7,mg/L,
STEWARDS,ARS-MSBL-MSBL102,,33.3983362,-90.67639,2011-03-21,Dissolved oxygen,6.85,mg/L,
STEWARDS,ARS-MSBL-MSBL102,,33.3983362,-90.67639,2012-02-21,Dissolved oxygen,9.45,mg/L,
STEWARDS,ARS-MSBL-MSBL103,,33.3971296,-90.6840254,2010-07-12,Dissolved oxygen,5.6,mg/L,
STEWARDS,ARS-MSBL-MSBL102,,33.3983362,-90.67639,2012-05-29,Dissolved oxygen,11.59,mg/L,
STEWARDS,ARS-MSBL-MSBL103,,33.3971296,-90.6840254,2012-06-25,Dissolved oxygen,7.8,mg/L,
STEWARDS,ARS-MSBL-MSBL103,,33.3971296,-90.6840254,2013-02-11,Dissolved oxygen,7.99,mg/L,
STEWARDS,ARS-MSBL-MSBL103,,33.3971296,-90.6840254,2010-02-08,Dissolved oxygen,9.64,mg/L,
STEWARDS,ARS-MSBL-MSBL103,,33.3971296,-90.6840254,2010-08-09,Dissolved oxygen,8.45,mg/L,
STEWARDS,ARS-MSBL-MSBL103,,33.3971296,-90.6840254,2013-07-01,Dissolved oxygen,8.2,mg/L,
STEWARDS,ARS-MSBL-MSBL103,,33.3971296,-90.6840254,2011-02-22,Dissolved oxygen,7.77,mg/L,
STEWARDS,ARS-MSBL-MSBL103,,33.3971296,-90.6840254,2011-03-07,Dissolved oxygen,7.25,mg/L,
STEWARDS,ARS-MSBL-MSBL103,,33.3971296,-90.6840254,2011-03-21,Dissolved oxygen,6.47,mg/L,
STEWARDS,ARS-MSBL-MSBL103,,33.3971296,-90.6840254,2011-05-31,Dissolved oxygen,6.08,mg/L,
STEWARDS,ARS-MSBL-MSBL103,,33.3971296,-90.6840254,2011-08-22,Dissolved oxygen,8.92,mg/L,
STEWARDS,ARS-MSBL-MSBL103,,33.3971296,-90.6840254,2011-09-06,Dissolved oxygen,8.32,mg/L,
STEWARDS,ARS-MSBL-MSBL103,,33.3971296,-90.6840254,2012-03-05,Dissolved oxygen,7.9,mg/L,
STEWARDS,ARS-MSBL-MSBL103,,33.3971296,-90.6840254,2012-03-19,Dissolved oxygen,7.0,mg/L,
STEWARDS,ARS-MSBL-MSBL103,,33.3971296,-90.6840254,2012-04-30,Dissolved oxygen,8.7,mg/L,
STEWARDS,ARS-MSBL-MSBL103,,33.3971296,-90.6840254,2012-08-06,Dissolved oxygen,9.26,mg/L,
STEWARDS,ARS-MSBL-MSBL103,,33.3971296,-90.6840254,2014-04-21,Dissolved oxygen,5.39,mg/L,
STEWARDS,ARS-MSBL-MSBL103,,33.3971296,-90.6840254,2014-10-20,Dissolved oxygen,9.21,mg/L,
STEWARDS,ARS-MSBL-MSBL103,,33.3971296,-90.6840254,2014-11-03,Dissolved oxygen,8.36,mg/L,
STEWARDS,ARS-MSBL-MSBL101,,33.4029473,-90.670499,2010-02-22,Dissolved oxygen,9.11,mg/L,
STEWARDS,ARS-MSBL-MSBL101,,33.4029473,-90.670499,2010-03-22,Dissolved oxygen,8.0,mg/L,
STEWARDS,ARS-MSBL-MSBL101,,33.4029473,-90.670499,2010-05-18,Dissolved oxygen,6.31,mg/L,
STEWARDS,ARS-MSBL-MSBL101,,33.4029473,-90.670499,2010-07-12,Dissolved oxygen,7.2,mg/L,
STEWARDS,ARS-MSBL-MSBL101,,33.4029473,-90.670499,2010-11-15,Dissolved oxygen,7.37,mg/L,
STEWARDS,ARS-MSBL-MSBL101,,33.4029473,-90.670499,2011-03-21,Dissolved oxygen,7.47,mg/L,
STEWARDS,ARS-MSBL-MSBL101,,33.4029473,-90.670499,2011-04-18,Dissolved oxygen,5.25,mg/L,
STEWARDS,ARS-MSBL-MSBL101,,33.4029473,-90.670499,2012-01-09,Dissolved oxygen,7.22,mg/L,
STEWARDS,ARS-MSBL-MSBL101,,33.4029473,-90.670499,2012-02-21,Dissolved oxygen,9.85,mg/L,
STEWARDS,ARS-MSBL-MSBL101,,33.4029473,-90.670499,2012-03-05,Dissolved oxygen,7.92,mg/L,
STEWARDS,ARS-MSBL-MSBL101,,33.4029473,-90.670499,2012-04-16,Dissolved oxygen,5.99,mg/L,
STEWARDS,ARS-MSBL-MSBL101,,33.4029473,-90.670499,2012-05-14,Dissolved oxygen,5.44,mg/L,
STEWARDS,ARS-MSBL-MSBL101,,33.4029473,-90.670499,2012-06-25,Dissolved oxygen,8.57,mg/L,
STEWARDS,ARS-MSBL-MSBL101,,33.4029473,-90.670499,2012-10-01,Dissolved oxygen,6.01,mg/L,
STEWARDS,ARS-MSBL-MSBL101,,33.4029473,-90.670499,2012-10-15,Dissolved oxygen,7.45,mg/L,
STEWARDS,ARS-MSBL-MSBL102,,33.3983362,-90.67639,2012-09-04,Dissolved oxygen,8.76,mg/L,
STEWARDS,ARS-MSBL-MSBL102,,33.3983362,-90.67639,2013-04-08,Dissolved oxygen,7.91,mg/L,
STEWARDS,ARS-MSBL-MSBL101,,33.4029473,-90.670499,2011-09-19,Dissolved oxygen,9.33,mg/L,
STEWARDS,ARS-MSBL-MSBL102,,33.3983362,-90.67639,2014-09-08,Dissolved oxygen,9.56,mg/L,
STEWARDS,ARS-MSBL-MSBL102,,33.3983362,-90.67639,2014-11-03,Dissolved oxygen,8.59,mg/L,
STEWARDS,ARS-MSBL-MSBL101,,33.4029473,-90.670499,2014-02-24,Dissolved oxygen,8.11,mg/L,
STEWARDS,ARS-MSBL-MSBL101,,33.4029473,-90.670499,2013-04-08,Dissolved oxygen,8.04,mg/L,
STEWARDS,ARS-MSBL-MSBL101,,33.4029473,-90.670499,2013-07-29,Dissolved oxygen,7.6,mg/L,
STEWARDS,ARS-MSBL-MSBL101,,33.4029473,-90.670499,2014-07-28,Dissolved oxygen,9.62,mg/L,
STEWARDS,ARS-MSBL-MSBL101,,33.4029473,-90.670499,2014-08-25,Dissolved oxygen,10.0,mg/L,
STEWARDS,ARS-MSBL-MSBL101,,33.4029473,-90.670499,2014-09-08,Dissolved oxygen,8.56,mg/L,
STEWARDS,ARS-MSBL-MSBL101,,33.4029473,-90.670499,2014-09-29,Dissolved oxygen,7.9,mg/L,
STEWARDS,ARS-MSBL-MSBL101,,33.4029473,-90.670499,2014-11-19,Dissolved oxygen,11.12,mg/L,
STEWARDS,ARS-MSBL-MSBL101,,33.4029473,-90.670499,2012-11-26,Dissolved oxygen,8.72,mg/L,
STEWARDS,ARS-MSBL-MSBL101,,33.4029473,-90.670499,2013-03-12,Dissolved oxygen,8.37,mg/L,
STEWARDS,ARS-MSBL-MSBL101,,33.4029473,-90.670499,2013-11-04,Dissolved oxygen,6.76,mg/L,
STEWARDS,ARS-MSBL-MSBL101,,33.4029473,-90.670499,2010-01-19,Dissolved oxygen,9.85,mg/L,
STEWARDS,ARS-MSBL-MSBL101,,33.4029473,-90.670499,2010-04-19,Dissolved oxygen,4.39,mg/L,
STEWARDS,ARS-MSBL-MSBL101,,33.4029473,-90.670499,2014-05-05,Dissolved oxygen,5.41,mg/L,
STEWARDS,ARS-MSBL-MSBL102,,33.3983362,-90.67639,2010-06-14,Dissolved oxygen,10.9,mg/L,
STEWARDS,ARS-MSBL-MSBL102,,33.3983362,-90.67639,2010-08-09,Dissolved oxygen,10.06,mg/L,
STEWARDS,ARS-MSBL-MSBL101,,33.4029473,-90.670499,2010-06-01,Dissolved oxygen,6.5,mg/L,
STEWARDS,ARS-MSBL-MSBL101,,33.4029473,-90.670499,2010-08-09,Dissolved oxygen,10.08,mg/L,
STEWARDS,ARS-MSBL-MSBL101,,33.4029473,-90.670499,2010-10-04,Dissolved oxygen,18.44,mg/L,
STEWARDS,ARS-MSBL-MSBL101,,33.4029473,-90.670499,2011-06-27,Dissolved oxygen,7.25,mg/L,
STEWARDS,ARS-MSBL-MSBL101,,33.4029473,-90.670499,2011-08-08,Dissolved oxygen,5.89,mg/L,
STEWARDS,ARS-MSBL-MSBL101,,33.4029473,-90.670499,2011-08-22,Dissolved oxygen,6.56,mg/L,
STEWARDS,ARS-MSBL-MSBL101,,33.4029473,-90.670499,2011-09-06,Dissolved oxygen,6.22,mg/L,
STEWARDS,ARS-MSBL-MSBL101,,33.4029473,-90.670499,2011-10-03,Dissolved oxygen,7.6,mg/L,
STEWARDS,ARS-MSBL-MSBL101,,33.4029473,-90.670499,2011-11-28,Dissolved oxygen,7.13,mg/L,
STEWARDS,ARS-MSBL-MSBL101,,33.4029473,-90.670499,2012-09-18,Dissolved oxygen,4.25,mg/L,
STEWARDS,ARS-MSBL-MSBL101,,33.4029473,-90.670499,2013-02-25,Dissolved oxygen,7.94,mg/L,
STEWARDS,ARS-MSBL-MSBL101,,33.4029473,-90.670499,2013-05-06,Dissolved oxygen,6.09,mg/L,
STEWARDS,ARS-MSBL-MSBL101,,33.4029473,-90.670499,2010-06-28,Dissolved oxygen,8.11,mg/L,
STEWARDS,ARS-MSBL-MSBL101,,33.4029473,-90.670499,2013-05-20,Dissolved oxygen,6.53,mg/L,
STEWARDS,ARS-MSBL-MSBL101,,33.4029473,-90.670499,2013-06-03,Dissolved oxygen,4.19,mg/L,
STEWARDS,ARS-MSBL-MSBL101,,33.4029473,-90.670499,2013-06-17,Dissolved oxygen,6.71,mg/L,
STEWARDS,ARS-MSBL-MSBL101,,33.4029473,-90.670499,2013-11-18,Dissolved oxygen,7.95,mg/L,
STEWARDS,ARS-MSBL-MSBL101,,33.4029473,-90.670499,2013-12-02,Dissolved oxygen,9.38,mg/L,
STEWARDS,ARS-MSBL-MSBL101,,33.4029473,-90.670499,2014-01-13,Dissolved oxygen,9.43,mg/L,
STEWARDS,ARS-MSBL-MSBL101,,33.4029473,-90.670499,2010-08-23,Dissolved oxygen,11.83,mg/L,
STEWARDS,ARS-MSBL-MSBL101,,33.4029473,-90.670499,2014-04-07,Dissolved oxygen,5.64,mg/L,
STEWARDS,ARS-MSBL-MSBL102,,33.3983362,-90.67639,2010-02-08,Dissolved oxygen,9.06,mg/L,
STEWARDS,ARS-MSBL-MSBL102,,33.3983362,-90.67639,2010-02-22,Dissolved oxygen,9.29,mg/L,
STEWARDS,ARS-MSBL-MSBL102,,33.3983362,-90.67639,2010-04-05,Dissolved oxygen,7.17,mg/L,
STEWARDS,ARS-MSBL-MSBL102,,33.3983362,-90.67639,2011-03-07,Dissolved oxygen,7.16,mg/L,
STEWARDS,ARS-MSBL-MSBL102,,33.3983362,-90.67639,2011-04-05,Dissolved oxygen,6.56,mg/L,
STEWARDS,ARS-MSBL-MSBL102,,33.3983362,-90.67639,2011-07-11,Dissolved oxygen,7.05,mg/L,
STEWARDS,ARS-MSBL-MSBL102,,33.3983362,-90.67639,2011-07-25,Dissolved oxygen,8.04,mg/L,
STEWARDS,ARS-MSBL-MSBL102,,33.3983362,-90.67639,2011-08-22,Dissolved oxygen,8.63,mg/L,
STEWARDS,ARS-MSBL-MSBL102,,33.3983362,-90.67639,2011-10-03,Dissolved oxygen,8.12,mg/L,
STEWARDS,ARS-MSBL-MSBL102,,33.3983362,-90.67639,2011-12-12,Dissolved oxygen,9.14,mg/L,
STEWARDS,ARS-MSBL-MSBL102,,33.3983362,-90.67639,2012-01-09,Dissolved oxygen,8.18,mg/L,
STEWARDS,ARS-MSBL-MSBL102,,33.3983362,-90.67639,2012-03-05,Dissolved oxygen,7.61,mg/L,
STEWARDS,ARS-MSBL-MSBL102,,33.3983362,-90.67639,2012-04-02,Dissolved oxygen,7.59,mg/L,
STEWARDS,ARS-MSBL-MSBL102,,33.3983362,-90.67639,2012-04-16,Dissolved oxygen,5.74,mg/L,
STEWARDS,ARS-MSBL-MSBL102,,33.3983362,-90.67639,2012-05-14,Dissolved oxygen,6.66,mg/L,
STEWARDS,ARS-MSBL-MSBL102,,33.3983362,-90.67639,2012-06-25,Dissolved oxygen,9.28,mg/L,
STEWARDS,ARS-MSBL-MSBL102,,33.3983362,-90.67639,2012-08-20,Dissolved oxygen,7.7,mg/L,
STEWARDS,ARS-MSBL-MSBL102,,33.3983362,-90.67639,2013-02-25,Dissolved oxygen,8.02,mg/L,
STEWARDS,ARS-MSBL-MSBL102,,33.3983362,-90.67639,2013-04-22,Dissolved oxygen,6.33,mg/L,
STEWARDS,ARS-MSBL-MSBL102,,33.3983362,-90.67639,2013-07-01,Dissolved oxygen,4.3,mg/L,
STEWARDS,ARS-MSBL-MSBL102,,33.3983362,-90.67639,2013-07-29,Dissolved oxygen,7.61,mg/L,
STEWARDS,ARS-MSBL-MSBL102,,33.3983362,-90.67639,2013-08-12,Dissolved oxygen,7.1,mg/L,
STEWARDS,ARS-MSBL-MSBL102,,33.3983362,-90.67639,2014-02-24,Dissolved oxygen,8.18,mg/L,
STEWARDS,ARS-MSBL-MSBL102,,33.3983362,-90.67639,2014-03-10,Dissolved oxygen,9.8,mg/L,
STEWARDS,ARS-MSBL-MSBL101,,33.4029473,-90.670499,2010-11-01,Dissolved oxygen,8.83,mg/L,
STEWARDS,ARS-MSBL-MSBL101,,33.4029473,-90.670499,2011-01-24,Dissolved oxygen,11.81,mg/L,
STEWARDS,ARS-MSBL-MSBL101,,33.4029473,-90.670499,2011-02-22,Dissolved oxygen,7.96,mg/L,
STEWARDS,ARS-MSBL-MSBL101,,33.4029473,-90.670499,2011-05-31,Dissolved oxygen,8.37,mg/L,
STEWARDS,ARS-MSBL-MSBL101,,33.4029473,-90.670499,2011-07-25,Dissolved oxygen,8.9,mg/L,
STEWARDS,ARS-MSBL-MSBL101,,33.4029473,-90.670499,2011-10-31,Dissolved oxygen,8.33,mg/L,
STEWARDS,ARS-MSBL-MSBL101,,33.4029473,-90.670499,2014-07-14,Dissolved oxygen,7.3,mg/L,
STEWARDS,ARS-MSBL-MSBL102,,33.3983362,-90.67639,2014-05-19,Dissolved oxygen,5.76,mg/L,
STEWARDS,ARS-MSBL-MSBL102,,33.3983362,-90.67639,2014-06-30,Dissolved oxygen,7.13,mg/L,
STEWARDS,ARS-MSBL-MSBL102,,33.3983362,-90.67639,2014-07-28,Dissolved oxygen,10.84,mg/L,
STEWARDS,ARS-MSBL-MSBL102,,33.3983362,-90.67639,2014-11-19,Dissolved oxygen,10.69,mg/L,
STEWARDS,ARS-MSBL-MSBL101,,33.4029473,-90.670499,2014-10-06,Dissolved oxygen,7.49,mg/L,
STEWARDS,ARS-MSBL-MSBL101,,33.4029473,-90.670499,2014-12-15,Dissolved oxygen,5.83,mg/L,
STEWARDS,ARS-MSBL-MSBL102,,33.3983362,-90.67639,2012-07-23,Dissolved oxygen,8.73,mg/L,
STEWARDS,ARS-MSBL-MSBL103,,33.3971296,-90.6840254,2010-01-19,Dissolved oxygen,9.7,mg/L,
STEWARDS,ARS-MSBL-MSBL103,,33.3971296,-90.6840254,2010-01-25,Dissolved oxygen,7.05,mg/L,
STEWARDS,ARS-MSBL-MSBL101,,33.4029473,-90.670499,2012-07-09,Dissolved oxygen,7.89,mg/L,
STEWARDS,ARS-MSBL-MSBL101,,33.4029473,-90.670499,2012-07-23,Dissolved oxygen,7.3,mg/L,
STEWARDS,ARS-MSBL-MSBL101,,33.4029473,-90.670499,2012-10-30,Dissolved oxygen,7.47,mg/L,
STEWARDS,ARS-MSBL-MSBL101,,33.4029473,-90.670499,2013-02-11,Dissolved oxygen,7.92,mg/L,
STEWARDS,ARS-MSBL-MSBL101,,33.4029473,-90.670499,2013-04-22,Dissolved oxygen,5.6,mg/L,
STEWARDS,ARS-MSBL-MSBL101,,33.4029473,-90.670499,2013-07-01,Dissolved oxygen,7.4,mg/L,
STEWARDS,ARS-MSBL-MSBL101,,33.4029473,-90.670499,2013-08-12,Dissolved oxygen,6.86,mg/L,
STEWARDS,ARS-MSBL-MSBL101,,33.4029473,-90.670499,2013-12-16,Dissolved oxygen,9.01,mg/L,
STEWARDS,ARS-MSBL-MSBL101,,33.4029473,-90.670499,2014-03-10,Dissolved oxygen,9.2,mg/L,
STEWARDS,ARS-MSBL-MSBL101,,33.4029473,-90.670499,2014-03-24,Dissolved oxygen,7.65,mg/L,
STEWARDS,ARS-MSBL-MSBL101,,33.4029473,-90.670499,2014-05-19,Dissolved oxygen,5.02,mg/L,
STEWARDS,ARS-MSBL-MSBL101,,33.4029473,-90.670499,2014-06-16,Dissolved oxygen,6.88,mg/L,
STEWARDS,ARS-MSBL-MSBL101,,33.4029473,-90.670499,2014-11-03,Dissolved oxygen,8.21,mg/L,
STEWARDS,ARS-MSBL-MSBL101,,33.4029473,-90.670499,2014-12-01,Dissolved oxygen,10.0,mg/L,
STEWARDS,ARS-MSBL-MSBL102,,33.3983362,-90.67639,2010-01-25,Dissolved oxygen,8.24,mg/L,
STEWARDS,ARS-MSBL-MSBL102,,33.3983362,-90.67639,2010-03-08,Dissolved oxygen,8.9,mg/L,
STEWARDS,ARS-MSBL-MSBL102,,33.3983362,-90.67639,2010-05-18,Dissolved oxygen,7.51,mg/L,
STEWARDS,ARS-MSBL-MSBL102,,33.3983362,-90.67639,2010-06-01,Dissolved oxygen,7.02,mg/L,
STEWARDS,ARS-MSBL-MSBL102,,33.3983362,-90.67639,2010-08-23,Dissolved oxygen,9.37,mg/L,
STEWARDS,ARS-MSBL-MSBL102,,33.3983362,-90.67639,2010-10-04,Dissolved oxygen,13.62,mg/L,
STEWARDS,ARS-MSBL-MSBL102,,33.3983362,-90.67639,2010-11-29,Dissolved oxygen,6.44,mg/L,
STEWARDS,ARS-MSBL-MSBL102,,33.3983362,-90.67639,2011-02-22,Dissolved oxygen,7.91,mg/L,
STEWARDS,ARS-MSBL-MSBL102,,33.3983362,-90.67639,2011-05-02,Dissolved oxygen,4.89,mg/L,
STEWARDS,ARS-MSBL-MSBL102,,33.3983362,-90.67639,2011-05-16,Dissolved oxygen,4.83,mg/L,
STEWARDS,ARS-MSBL-MSBL102,,33.3983362,-90.67639,2010-06-28,Dissolved oxygen,6.14,mg/L,
STEWARDS,ARS-MSBL-MSBL102,,33.3983362,-90.67639,2011-09-06,Dissolved oxygen,8.03,mg/L,
STEWARDS,ARS-MSBL-MSBL102,,33.3983362,-90.67639,2011-11-14,Dissolved oxygen,8.37,mg/L,
STEWARDS,ARS-MSBL-MSBL102,,33.3983362,-90.67639,2013-02-11,Dissolved oxygen,7.64,mg/L,
STEWARDS,ARS-MSBL-MSBL102,,33.3983362,-90.67639,2013-11-04,Dissolved oxygen,6.94,mg/L,
STEWARDS,ARS-MSBL-MSBL102,,33.3983362,-90.67639,2013-11-18,Dissolved oxygen,8.62,mg/L,
STEWARDS,ARS-MSBL-MSBL102,,33.3983362,-90.67639,2013-12-16,Dissolved oxygen,9.15,mg/L,
STEWARDS,ARS-MSBL-MSBL102,,33.3983362,-90.67639,2014-06-03,Dissolved oxygen,4.3,mg/L,
STEWARDS,ARS-MSBL-MSBL102,,33.3983362,-90.67639,2011-04-18,Dissolved oxygen,5.63,mg/L,
STEWARDS,ARS-MSBL-MSBL102,,33.3983362,-90.67639,2014-07-14,Dissolved oxygen,9.12,mg/L,
STEWARDS,ARS-MSBL-MSBL102,,33.3983362,-90.67639,2014-09-29,Dissolved oxygen,7.94,mg/L,
STEWARDS,ARS-MSBL-MSBL102,,33.3983362,-90.67639,2014-10-20,Dissolved oxygen,9.06,mg/L,
STEWARDS,ARS-MSBL-MSBL103,,33.3971296,-90.6840254,2010-04-05,Dissolved oxygen,6.15,mg/L,
STEWARDS,ARS-MSBL-MSBL103,,33.3971296,-90.6840254,2010-09-20,Dissolved oxygen,9.97,mg/L,
STEWARDS,ARS-MSBL-MSBL103,,33.3971296,-90.6840254,2010-10-04,Dissolved oxygen,10.44,mg/L,
STEWARDS,ARS-MSBL-MSBL103,,33.3971296,-90.6840254,2010-11-01,Dissolved oxygen,8.02,mg/L,
STEWARDS,ARS-MSBL-MSBL103,,33.3971296,-90.6840254,2010-11-29,Dissolved oxygen,6.45,mg/L,
STEWARDS,ARS-MSBL-MSBL103,,33.3971296,-90.6840254,2011-01-24,Dissolved oxygen,12.03,mg/L,
STEWARDS,ARS-MSBL-MSBL103,,33.3971296,-90.6840254,2011-02-07,Dissolved oxygen,10.73,mg/L,
STEWARDS,ARS-MSBL-MSBL102,,33.3983362,-90.67639,2010-01-19,Dissolved oxygen,9.96,mg/L,
STEWARDS,ARS-MSBL-MSBL102,,33.3983362,-90.67639,2011-05-31,Dissolved oxygen,7.63,mg/L,
STEWARDS,ARS-MSBL-MSBL102,,33.3983362,-90.67639,2010-04-19,Dissolved oxygen,5.4,mg/L,
STEWARDS,ARS-MSBL-MSBL102,,33.3983362,-90.67639,2010-05-03,Dissolved oxygen,6.12,mg/L,
STEWARDS,ARS-MSBL-MSBL102,,33.3983362,-90.67639,2010-11-01,Dissolved oxygen,8.98,mg/L,
STEWARDS,ARS-MSBL-MSBL102,,33.3983362,-90.67639,2010-11-15,Dissolved oxygen,7.54,mg/L,
STEWARDS,ARS-MSBL-MSBL102,,33.3983362,-90.67639,2011-09-19,Dissolved oxygen,9.62,mg/L,
STEWARDS,ARS-MSBL-MSBL102,,33.3983362,-90.67639,2011-06-27,Dissolved oxygen,7.35,mg/L,
STEWARDS,ARS-MSBL-MSBL102,,33.3983362,-90.67639,2011-08-08,Dissolved oxygen,8.05,mg/L,
STEWARDS,ARS-MSBL-MSBL102,,33.3983362,-90.67639,2011-10-17,Dissolved oxygen,6.69,mg/L,
STEWARDS,ARS-MSBL-MSBL102,,33.3983362,-90.67639,2011-10-31,Dissolved oxygen,8.3,mg/L,
STEWARDS,ARS-MSBL-MSBL102,,33.3983362,-90.67639,2011-11-28,Dissolved oxygen,7.4,mg/L,
STEWARDS,ARS-MSBL-MSBL102,,33.3983362,-90.67639,2012-02-06,Dissolved oxygen,7.76,mg/L,
STEWARDS,ARS-MSBL-MSBL102,,33.3983362,-90.67639,2012-03-19,Dissolved oxygen,7.1,mg/L,
STEWARDS,ARS-MSBL-MSBL102,,33.3983362,-90.67639,2012-07-09,Dissolved oxygen,6.41,mg/L,
STEWARDS,ARS-MSBL-MSBL102,,33.3983362,-90.67639,2012-10-15,Dissolved oxygen,7.01,mg/L,
STEWARDS,ARS-MSBL-MSBL102,,33.3983362,-90.67639,2012-10-30,Dissolved oxygen,7.48,mg/L,
STEWARDS,ARS-MSBL-MSBL102,,33.3983362,-90.67639,2012-11-26,Dissolved oxygen,9.05,mg/L,
STEWARDS,ARS-MSBL-MSBL102,,33.3983362,-90.67639,2013-03-12,Dissolved oxygen,8.27,mg/L,
STEWARDS,ARS-MSBL-MSBL102,,33.3983362,-90.67639,2013-08-26,Dissolved oxygen,7.74,mg/L,
STEWARDS,ARS-MSBL-MSBL102,,33.3983362,-90.67639,2013-09-23,Dissolved oxygen,8.81,mg/L,
STEWARDS,ARS-MSBL-MSBL102,,33.3983362,-90.67639,2013-12-02,Dissolved oxygen,9.82,mg/L,
STEWARDS,ARS-MSBL-MSBL102,,33.3983362,-90.67639,2014-01-13,Dissolved oxygen,9.18,mg/L,
STEWARDS,ARS-MSBL-MSBL102,,33.3983362,-90.67639,2014-06-16,Dissolved oxygen,7.65,mg/L,
STEWARDS,ARS-MSBL-MSBL102,,33.3983362,-90.67639,2014-10-06,Dissolved oxygen,7.97,mg/L,
STEWARDS,ARS-MSBL-MSBL102,,33.3983362,-90.67639,2014-12-01,Dissolved oxygen,10.3,mg/L,
STEWARDS,ARS-MSBL-MSBL103,,33.3971296,-90.6840254,2010-02-22,Dissolved oxygen,8.67,mg/L,
STEWARDS,ARS-MSBL-MSBL103,,33.3971296,-90.6840254,2011-11-14,Dissolved oxygen,8.88,mg/L,
STEWARDS,ARS-MSBL-MSBL103,,33.3971296,-90.6840254,2013-04-08,Dissolved oxygen,7.98,mg/L,
STEWARDS,ARS-MSBL-MSBL103,,33.3971296,-90.6840254,2014-07-28,Dissolved oxygen,9.51,mg/L,
STEWARDS,ARS-MSBL-MSBL103,,33.3971296,-90.6840254,2010-06-01,Dissolved oxygen,8.01,mg/L,
STEWARDS,ARS-MSBL-MSBL103,,33.3971296,-90.6840254,2010-08-23,Dissolved oxygen,10.56,mg/L,
STEWARDS,ARS-MSBL-MSBL103,,33.3971296,-90.6840254,2010-09-07,Dissolved oxygen,6.63,mg/L,
STEWARDS,ARS-MSBL-MSBL103,,33.3971296,-90.6840254,2011-08-08,Dissolved oxygen,7.0,mg/L,
STEWARDS,ARS-MSBL-MSBL103,,33.3971296,-90.6840254,2011-10-03,Dissolved oxygen,8.44,mg/L,
STEWARDS,ARS-MSBL-MSBL103,,33.3971296,-90.6840254,2011-10-17,Dissolved oxygen,6.9,mg/L,
STEWARDS,ARS-MSBL-MSBL103,,33.3971296,-90.6840254,2011-12-12,Dissolved oxygen,9.12,mg/L,
STEWARDS,ARS-MSBL-MSBL103,,33.3971296,-90.6840254,2012-04-02,Dissolved oxygen,7.75,mg/L,
STEWARDS,ARS-MSBL-MSBL103,,33.3971296,-90.6840254,2012-05-14,Dissolved oxygen,8.16,mg/L,
STEWARDS,ARS-MSBL-MSBL103,,33.3971296,-90.6840254,2012-06-11,Dissolved oxygen,8.55,mg/L,
STEWARDS,ARS-MSBL-MSBL103,,33.3971296,-90.6840254,2013-01-28,Dissolved oxygen,7.58,mg/L,
STEWARDS,ARS-MSBL-MSBL103,,33.3971296,-90.6840254,2011-06-27,Dissolved oxygen,7.26,mg/L,
STEWARDS,ARS-MSBL-MSBL103,,33.3971296,-90.6840254,2013-05-20,Dissolved oxygen,5.9,mg/L,
STEWARDS,ARS-MSBL-MSBL103,,33.3971296,-90.6840254,2013-11-04,Dissolved oxygen,7.85,mg/L,
STEWARDS,ARS-MSBL-MSBL103,,33.3971296,-90.6840254,2014-01-13,Dissolved oxygen,9.12,mg/L,
STEWARDS,ARS-MSBL-MSBL103,,33.3971296,-90.6840254,2014-03-10,Dissolved oxygen,10.4,mg/L,
STEWARDS,ARS-MSBL-MSBL103,,33.3971296,-90.6840254,2014-05-19,Dissolved oxygen,4.94,mg/L,
STEWARDS,ARS-MSBL-MSBL103,,33.3971296,-90.6840254,2014-12-01,Dissolved oxygen,9.65,mg/L,
STEWARDS,ARS-MSBL-MSBL103,,33.3971296,-90.6840254,2011-07-25,Dissolved oxygen,8.85,mg/L,
STEWARDS,ARS-MSBL-MSBL103,,33.3971296,-90.6840254,2011-11-28,Dissolved oxygen,7.95,mg/L,
STEWARDS,ARS-MSBL-MSBL103,,33.3971296,-90.6840254,2012-02-06,Dissolved oxygen,7.91,mg/L,
STEWARDS,ARS-MSBL-MSBL103,,33.3971296,-90.6840254,2012-04-16,Dissolved oxygen,5.81,mg/L,
STEWARDS,ARS-MSBL-MSBL103,,33.3971296,-90.6840254,2012-07-09,Dissolved oxygen,7.78,mg/L,
STEWARDS,ARS-MSBL-MSBL103,,33.3971296,-90.6840254,2012-07-23,Dissolved oxygen,8.96,mg/L,
STEWARDS,ARS-MSBL-MSBL103,,33.3971296,-90.6840254,2012-08-20,Dissolved oxygen,7.69,mg/L,
STEWARDS,ARS-MSBL-MSBL103,,33.3971296,-90.6840254,2012-09-04,Dissolved oxygen,7.92,mg/L,
STEWARDS,ARS-MSBL-MSBL103,,33.3971296,-90.6840254,2012-09-18,Dissolved oxygen,6.01,mg/L,
STEWARDS,ARS-MSBL-MSBL103,,33.3971296,-90.6840254,2012-10-01,Dissolved oxygen,6.42,mg/L,
STEWARDS,ARS-MSBL-MSBL103,,33.3971296,-90.6840254,2012-10-15,Dissolved oxygen,6.38,mg/L,
STEWARDS,ARS-MSBL-MSBL103,,33.3971296,-90.6840254,2012-10-30,Dissolved oxygen,7.91,mg/L,
STEWARDS,ARS-MSBL-MSBL103,,33.3971296,-90.6840254,2012-11-26,Dissolved oxygen,8.8,mg/L,
STEWARDS,ARS-MSBL-MSBL103,,33.3971296,-90.6840254,2013-04-22,Dissolved oxygen,6.41,mg/L,
STEWARDS,ARS-MSBL-MSBL103,,33.3971296,-90.6840254,2013-05-06,Dissolved oxygen,6.06,mg/L,
STEWARDS,ARS-MSBL-MSBL103,,33.3971296,-90.6840254,2013-07-15,Dissolved oxygen,8.25,mg/L,
STEWARDS,ARS-MSBL-MSBL103,,33.3971296,-90.6840254,2013-08-12,Dissolved oxygen,8.95,mg/L,
STEWARDS,ARS-MSBL-MSBL103,,33.3971296,-90.6840254,2013-12-16,Dissolved oxygen,9.41,mg/L,
STEWARDS,ARS-MSBL-MSBL103,,33.3971296,-90.6840254,2014-02-24,Dissolved oxygen,8.55,mg/L,
STEWARDS,ARS-MSBL-MSBL103,,33.3971296,-90.6840254,2014-06-16,Dissolved oxygen,8.21,mg/L,
STEWARDS,ARS-MSBL-MSBL103,,33.3971296,-90.6840254,2014-06-30,Dissolved oxygen,7.01,mg/L,
STEWARDS,ARS-MSBL-MSBL103,,33.3971296,-90.6840254,2014-08-25,Dissolved oxygen,10.6,mg/L,
STEWARDS,ARS-MSBL-MSBL103,,33.3971296,-90.6840254,2014-10-06,Dissolved oxygen,7.61,mg/L,
STEWARDS,ARS-MSBL-MSBL103,,33.3971296,-90.6840254,2014-11-19,Dissolved oxygen,11.04,mg/L,
STEWARDS,ARS-MSBL-MSBL103,,33.3971296,-90.6840254,2014-12-15,Dissolved oxygen,6.78,mg/L,
STEWARDS,ARS-MSBL-MSBL103,,33.3971296,-90.6840254,2010-04-19,Dissolved oxygen,5.58,mg/L,
STEWARDS,ARS-MSBL-MSBL103,,33.3971296,-90.6840254,2010-06-14,Dissolved oxygen,8.81,mg/L,
STEWARDS,ARS-MSBL-MSBL103,,33.3971296,-90.6840254,2010-11-15,Dissolved oxygen,7.75,mg/L,
STEWARDS,ARS-MSBL-MSBL103,,33.3971296,-90.6840254,2011-10-31,Dissolved oxygen,8.58,mg/L,
STEWARDS,ARS-MSBL-MSBL103,,33.3971296,-90.6840254,2012-05-29,Dissolved oxygen,10.7,mg/L,
STEWARDS,ARS-MSBL-MSBL103,,33.3971296,-90.6840254,2013-11-18,Dissolved oxygen,8.02,mg/L,
STEWARDS,ARS-MSBL-MSBL103,,33.3971296,-90.6840254,2014-04-07,Dissolved oxygen,6.63,mg/L,
STEWARDS,ARS-MSBL-MSBL103,,33.3971296,-90.6840254,2014-09-29,Dissolved oxygen,9.52,mg/L,
STEWARDS,ARS-MSBL-MSBL103,,33.3971296,-90.6840254,2010-03-08,Dissolved oxygen,8.91,mg/L,
STEWARDS,ARS-MSBL-MSBL103,,33.3971296,-90.6840254,2010-03-22,Dissolved oxygen,7.97,mg/L,
STEWARDS,ARS-MSBL-MSBL103,,33.3971296,-90.6840254,2010-06-28,Dissolved oxygen,6.84,mg/L,
STEWARDS,ARS-MSBL-MSBL103,,33.3971296,-90.6840254,2010-07-26,Dissolved oxygen,8.01,mg/L,
STEWARDS,ARS-MSBL-MSBL103,,33.3971296,-90.6840254,2011-04-05,Dissolved oxygen,6.27,mg/L,
STEWARDS,ARS-MSBL-MSBL103,,33.3971296,-90.6840254,2011-04-18,Dissolved oxygen,5.93,mg/L,
STEWARDS,ARS-MSBL-MSBL103,,33.3971296,-90.6840254,2011-05-02,Dissolved oxygen,5.96,mg/L,
STEWARDS,ARS-MSBL-MSBL103,,33.3971296,-90.6840254,2011-05-16,Dissolved oxygen,5.51,mg/L,
STEWARDS,ARS-MSBL-MSBL103,,33.3971296,-90.6840254,2011-07-11,Dissolved oxygen,7.67,mg/L,
STEWARDS,ARS-MSBL-MSBL103,,33.3971296,-90.6840254,2011-09-19,Dissolved oxygen,7.88,mg/L,
STEWARDS,ARS-MSBL-MSBL103,,33.3971296,-90.6840254,2012-01-09,Dissolved oxygen,7.43,mg/L,
STEWARDS,ARS-MSBL-MSBL103,,33.3971296,-90.6840254,2012-01-23,Dissolved oxygen,8.36,mg/L,
STEWARDS,ARS-MSBL-MSBL103,,33.3971296,-90.6840254,2012-02-21,Dissolved oxygen,9.21,mg/L,
STEWARDS,ARS-MSBL-MSBL103,,33.3971296,-90.6840254,2013-02-25,Dissolved oxygen,8.56,mg/L,
STEWARDS,ARS-MSBL-MSBL103,,33.3971296,-90.6840254,2013-03-12,Dissolved oxygen,7.64,mg/L,
STEWARDS,ARS-MSBL-MSBL103,,33.3971296,-90.6840254,2013-06-03,Dissolved oxygen,7.28,mg/L,
STEWARDS,ARS-MSBL-MSBL103,,33.3971296,-90.6840254,2013-06-17,Dissolved oxygen,7.14,mg/L,
STEWARDS,ARS-MSBL-MSBL103,,33.3971296,-90.6840254,2013-07-29,Dissolved oxygen,7.62,mg/L,
STEWARDS,ARS-MSBL-MSBL103,,33.3971296,-90.6840254,2013-12-02,Dissolved oxygen,8.89,mg/L,
STEWARDS,ARS-MSBL-MSBL103,,33.3971296,-90.6840254,2014-03-24,Dissolved oxygen,8.91,mg/L,
STEWARDS,ARS-MSBL-MSBL103,,33.3971296,-90.6840254,2014-05-05,Dissolved oxygen,5.0,mg/L,
STEWARDS,ARS-MSBL-MSBL103,,33.3971296,-90.6840254,2014-07-14,Dissolved oxygen,9.4,mg/L,
STEWARDS,ARS-MSBL-MSBL103,,33.3971296,-90.6840254,2014-09-08,Dissolved oxygen,10.56,mg/L,
STEWARDS,ARS-MSBL-MSBL101,,33.4029473,-90.670499,2015-01-12,Dissolved oxygen,8.57,mg/L,
STEWARDS,ARS-MSBL-MSBL101,,33.4029473,-90.670499,2016-10-03,Dissolved oxygen,10.0,mg/L,
STEWARDS,ARS-MSBL-MSBL101,,33.4029473,-90.670499,2015-04-20,Dissolved oxygen,5.66,mg/L,
STEWARDS,ARS-MSBL-MSBL101,,33.4029473,-90.670499,2015-05-19,Dissolved oxygen,6.0,mg/L,
STEWARDS,ARS-MSBL-MSBL101,,33.4029473,-90.670499,2016-11-29,Dissolved oxygen,9.1,mg/L,
STEWARDS,ARS-MSBL-MSBL101,,33.4029473,-90.670499,2015-08-10,Dissolved oxygen,10.82,mg/L,
STEWARDS,ARS-MSBL-MSBL101,,33.4029473,-90.670499,2016-01-11,Dissolved oxygen,10.7,mg/L,
STEWARDS,ARS-MSBL-MSBL101,,33.4029473,-90.670499,2016-02-08,Dissolved oxygen,10.5,mg/L,
STEWARDS,ARS-MSBL-MSBL101,,33.4029473,-90.670499,2018-07-23,Dissolved oxygen,4.9,mg/L,
STEWARDS,ARS-MSBL-MSBL101,,33.4029473,-90.670499,2016-04-18,Dissolved oxygen,6.51,mg/L,
STEWARDS,ARS-MSBL-MSBL102,,33.3983362,-90.67639,2015-04-06,Dissolved oxygen,5.85,mg/L,
STEWARDS,ARS-MSBL-MSBL103,,33.3971296,-90.6840254,2015-04-06,Dissolved oxygen,6.64,mg/L,
STEWARDS,ARS-MSBL-MSBL101,,33.4029473,-90.670499,2016-05-31,Dissolved oxygen,7.5,mg/L,
STEWARDS,ARS-MSBL-MSBL101,,33.4029473,-90.670499,2016-06-13,Dissolved oxygen,12.8,mg/L,
STEWARDS,ARS-MSBL-MSBL102,,33.3983362,-90.67639,2016-11-14,Dissolved oxygen,8.76,mg/L,
STEWARDS,ARS-MSBL-MSBL102,,33.3983362,-90.67639,2017-05-01,Dissolved oxygen,6.19,mg/L,
STEWARDS,ARS-MSBL-MSBL101,,33.4029473,-90.670499,2016-08-22,Dissolved oxygen,4.4,mg/L,
STEWARDS,ARS-MSBL-MSBL101,,33.4029473,-90.670499,2016-10-31,Dissolved oxygen,8.41,mg/L,
STEWARDS,ARS-MSBL-MSBL101,,33.4029473,-90.670499,2017-06-26,Dissolved oxygen,6.16,mg/L,
STEWARDS,ARS-MSBL-MSBL101,,33.4029473,-90.670499,2017-09-18,Dissolved oxygen,8.14,mg/L,
STEWARDS,ARS-MSBL-MSBL101,,33.4029473,-90.670499,2017-10-30,Dissolved oxygen,8.7,mg/L,
STEWARDS,ARS-MSBL-MSBL101,,33.4029473,-90.670499,2017-11-13,Dissolved oxygen,7.0,mg/L,
STEWARDS,ARS-MSBL-MSBL101,,33.4029473,-90.670499,2018-02-20,Dissolved oxygen,9.1,mg/L,
STEWARDS,ARS-MSBL-MSBL101,,33.4029473,-90.670499,2018-06-11,Dissolved oxygen,7.24,mg/L,
STEWARDS,ARS-MSBL-MSBL101,,33.4029473,-90.670499,2018-10-15,Dissolved oxygen,6.1,mg/L,
STEWARDS,ARS-MSBL-MSBL101,,33.4029473,-90.670499,2018-10-29,Dissolved oxygen,3.78,mg/L,
STEWARDS,ARS-MSBL-MSBL102,,33.3983362,-90.67639,2015-03-09,Dissolved oxygen,8.15,mg/L,
STEWARDS,ARS-MSBL-MSBL102,,33.3983362,-90.67639,2018-07-23,Dissolved oxygen,7.2,mg/L,
STEWARDS,ARS-MSBL-MSBL102,,33.3983362,-90.67639,2015-03-23,Dissolved oxygen,5.93,mg/L,
STEWARDS,ARS-MSBL-MSBL102,,33.3983362,-90.67639,2015-06-01,Dissolved oxygen,7.9,mg/L,
STEWARDS,ARS-MSBL-MSBL102,,33.3983362,-90.67639,2015-11-02,Dissolved oxygen,6.15,mg/L,
STEWARDS,ARS-MSBL-MSBL102,,33.3983362,-90.67639,2016-01-25,Dissolved oxygen,11.81,mg/L,
STEWARDS,ARS-MSBL-MSBL102,,33.3983362,-90.67639,2016-02-08,Dissolved oxygen,11.2,mg/L,
STEWARDS,ARS-MSBL-MSBL102,,33.3983362,-90.67639,2016-02-22,Dissolved oxygen,9.42,mg/L,
STEWARDS,ARS-MSBL-MSBL102,,33.3983362,-90.67639,2016-03-07,Dissolved oxygen,8.325,mg/L,
STEWARDS,ARS-MSBL-MSBL102,,33.3983362,-90.67639,2016-03-21,Dissolved oxygen,6.75,mg/L,
STEWARDS,ARS-MSBL-MSBL102,,33.3983362,-90.67639,2016-05-02,Dissolved oxygen,6.17,mg/L,
STEWARDS,ARS-MSBL-MSBL102,,33.3983362,-90.67639,2016-08-08,Dissolved oxygen,7.32,mg/L,
STEWARDS,ARS-MSBL-MSBL102,,33.3983362,-90.67639,2016-10-31,Dissolved oxygen,8.11,mg/L,
STEWARDS,ARS-MSBL-MSBL102,,33.3983362,-90.67639,2017-07-10,Dissolved oxygen,7.87,mg/L,
STEWARDS,ARS-MSBL-MSBL102,,33.3983362,-90.67639,2017-10-02,Dissolved oxygen,7.05,mg/L,
STEWARDS,ARS-MSBL-MSBL102,,33.3983362,-90.67639,2017-10-30,Dissolved oxygen,8.0,mg/L,
STEWARDS,ARS-MSBL-MSBL102,,33.3983362,-90.67639,2017-11-13,Dissolved oxygen,8.2,mg/L,
STEWARDS,ARS-MSBL-MSBL102,,33.3983362,-90.67639,2017-12-12,Dissolved oxygen,10.8,mg/L,
STEWARDS,ARS-MSBL-MSBL102,,33.3983362,-90.67639,2018-03-19,Dissolved oxygen,6.2,mg/L,
STEWARDS,ARS-MSBL-MSBL102,,33.3983362,-90.67639,2018-09-04,Dissolved oxygen,5.88,mg/L,
STEWARDS,ARS-MSBL-MSBL103,,33.3971296,-90.6840254,2015-07-13,Dissolved oxygen,10.78,mg/L,
STEWARDS,ARS-MSBL-MSBL101,,33.4029473,-90.670499,2017-03-06,Dissolved oxygen,8.9,mg/L,
STEWARDS,ARS-MSBL-MSBL103,,33.3971296,-90.6840254,2015-10-19,Dissolved oxygen,10.3,mg/L,
STEWARDS,ARS-MSBL-MSBL103,,33.3971296,-90.6840254,2015-04-20,Dissolved oxygen,4.93,mg/L,
STEWARDS,ARS-MSBL-MSBL103,,33.3971296,-90.6840254,2015-01-26,Dissolved oxygen,8.55,mg/L,
STEWARDS,ARS-MSBL-MSBL103,,33.3971296,-90.6840254,2015-03-09,Dissolved oxygen,8.14,mg/L,
STEWARDS,ARS-MSBL-MSBL103,,33.3971296,-90.6840254,2015-06-01,Dissolved oxygen,8.36,mg/L,
STEWARDS,ARS-MSBL-MSBL103,,33.3971296,-90.6840254,2016-03-07,Dissolved oxygen,8.43,mg/L,
STEWARDS,ARS-MSBL-MSBL103,,33.3971296,-90.6840254,2016-07-11,Dissolved oxygen,9.08,mg/L,
STEWARDS,ARS-MSBL-MSBL103,,33.3971296,-90.6840254,2016-09-06,Dissolved oxygen,7.49,mg/L,
STEWARDS,ARS-MSBL-MSBL103,,33.3971296,-90.6840254,2016-10-03,Dissolved oxygen,12.6,mg/L,
STEWARDS,ARS-MSBL-MSBL103,,33.3971296,-90.6840254,2016-10-31,Dissolved oxygen,7.9,mg/L,
STEWARDS,ARS-MSBL-MSBL103,,33.3971296,-90.6840254,2016-11-29,Dissolved oxygen,9.7,mg/L,
STEWARDS,ARS-MSBL-MSBL103,,33.3971296,-90.6840254,2017-02-06,Dissolved oxygen,8.7,mg/L,
STEWARDS,ARS-MSBL-MSBL103,,33.3971296,-90.6840254,2017-03-20,Dissolved oxygen,8.0,mg/L,
STEWARDS,ARS-MSBL-MSBL103,,33.3971296,-90.6840254,2017-04-03,Dissolved oxygen,7.09,mg/L,
STEWARDS,ARS-MSBL-MSBL103,,33.3971296,-90.6840254,2017-04-17,Dissolved oxygen,6.76,mg/L,
STEWARDS,ARS-MSBL-MSBL103,,33.3971296,-90.6840254,2017-05-01,Dissolved oxygen,4.62,mg/L,
STEWARDS,ARS-MSBL-MSBL103,,33.3971296,-90.6840254,2017-06-26,Dissolved oxygen,7.19,mg/L,
STEWARDS,ARS-MSBL-MSBL103,,33.3971296,-90.6840254,2017-07-10,Dissolved oxygen,7.53,mg/L,
STEWARDS,ARS-MSBL-MSBL103,,33.3971296,-90.6840254,2017-09-05,Dissolved oxygen,7.29,mg/L,
STEWARDS,ARS-MSBL-MSBL103,,33.3971296,-90.6840254,2017-09-18,Dissolved oxygen,6.09,mg/L,
STEWARDS,ARS-MSBL-MSBL103,,33.3971296,-90.6840254,2017-10-16,Dissolved oxygen,4.11,mg/L,
STEWARDS,ARS-MSBL-MSBL103,,33.3971296,-90.6840254,2018-04-16,Dissolved oxygen,6.29,mg/L,
STEWARDS,ARS-MSBL-MSBL103,,33.3971296,-90.6840254,2018-08-06,Dissolved oxygen,5.27,mg/L,
STEWARDS,ARS-MSBL-MSBL103,,33.3971296,-90.6840254,2018-10-29,Dissolved oxygen,3.79,mg/L,
STEWARDS,ARS-MSBL-MSBL101,,33.4029473,-90.670499,2015-02-09,Dissolved oxygen,8.17,mg/L,
STEWARDS,ARS-MSBL-MSBL101,,33.4029473,-90.670499,2016-10-17,Dissolved oxygen,7.5,mg/L,
STEWARDS,ARS-MSBL-MSBL101,,33.4029473,-90.670499,2017-05-01,Dissolved oxygen,7.34,mg/L,
STEWARDS,ARS-MSBL-MSBL101,,33.4029473,-90.670499,2017-10-16,Dissolved oxygen,5.0,mg/L,
STEWARDS,ARS-MSBL-MSBL101,,33.4029473,-90.670499,2015-01-26,Dissolved oxygen,8.51,mg/L,
STEWARDS,ARS-MSBL-MSBL101,,33.4029473,-90.670499,2018-04-16,Dissolved oxygen,6.87,mg/L,
STEWARDS,ARS-MSBL-MSBL101,,33.4029473,-90.670499,2015-05-04,Dissolved oxygen,7.57,mg/L,
STEWARDS,ARS-MSBL-MSBL101,,33.4029473,-90.670499,2015-06-15,Dissolved oxygen,6.18,mg/L,
STEWARDS,ARS-MSBL-MSBL101,,33.4029473,-90.670499,2015-09-21,Dissolved oxygen,5.21,mg/L,
STEWARDS,ARS-MSBL-MSBL101,,33.4029473,-90.670499,2016-01-25,Dissolved oxygen,11.24,mg/L,
STEWARDS,ARS-MSBL-MSBL101,,33.4029473,-90.670499,2016-05-16,Dissolved oxygen,18.4,mg/L,
STEWARDS,ARS-MSBL-MSBL101,,33.4029473,-90.670499,2016-07-25,Dissolved oxygen,8.58,mg/L,
STEWARDS,ARS-MSBL-MSBL101,,33.4029473,-90.670499,2016-09-06,Dissolved oxygen,7.6,mg/L,
STEWARDS,ARS-MSBL-MSBL101,,33.4029473,-90.670499,2016-11-14,Dissolved oxygen,9.78,mg/L,
STEWARDS,ARS-MSBL-MSBL101,,33.4029473,-90.670499,2017-02-06,Dissolved oxygen,8.7,mg/L,
STEWARDS,ARS-MSBL-MSBL101,,33.4029473,-90.670499,2017-04-03,Dissolved oxygen,7.71,mg/L,
STEWARDS,ARS-MSBL-MSBL101,,33.4029473,-90.670499,2017-06-12,Dissolved oxygen,10.88,mg/L,
STEWARDS,ARS-MSBL-MSBL101,,33.4029473,-90.670499,2017-07-24,Dissolved oxygen,7.22,mg/L,
STEWARDS,ARS-MSBL-MSBL101,,33.4029473,-90.670499,2017-08-07,Dissolved oxygen,6.42,mg/L,
STEWARDS,ARS-MSBL-MSBL101,,33.4029473,-90.670499,2017-08-21,Dissolved oxygen,5.85,mg/L,
STEWARDS,ARS-MSBL-MSBL101,,33.4029473,-90.670499,2018-05-14,Dissolved oxygen,7.0,mg/L,
STEWARDS,ARS-MSBL-MSBL102,,33.3983362,-90.67639,2016-09-19,Dissolved oxygen,8.03,mg/L,
STEWARDS,ARS-MSBL-MSBL101,,33.4029473,-90.670499,2018-06-25,Dissolved oxygen,7.8,mg/L,
STEWARDS,ARS-MSBL-MSBL101,,33.4029473,-90.670499,2018-07-09,Dissolved oxygen,7.1,mg/L,
STEWARDS,ARS-MSBL-MSBL101,,33.4029473,-90.670499,2018-11-27,Dissolved oxygen,8.6,mg/L,
STEWARDS,ARS-MSBL-MSBL102,,33.3983362,-90.67639,2016-11-29,Dissolved oxygen,9.0,mg/L,
STEWARDS,ARS-MSBL-MSBL102,,33.3983362,-90.67639,2018-06-11,Dissolved oxygen,6.1,mg/L,
STEWARDS,ARS-MSBL-MSBL102,,33.3983362,-90.67639,2015-05-19,Dissolved oxygen,7.56,mg/L,
STEWARDS,ARS-MSBL-MSBL102,,33.3983362,-90.67639,2017-09-18,Dissolved oxygen,9.72,mg/L,
STEWARDS,ARS-MSBL-MSBL102,,33.3983362,-90.67639,2018-08-06,Dissolved oxygen,7.41,mg/L,
STEWARDS,ARS-MSBL-MSBL102,,33.3983362,-90.67639,2018-10-01,Dissolved oxygen,7.5,mg/L,
STEWARDS,ARS-MSBL-MSBL103,,33.3971296,-90.6840254,2015-09-21,Dissolved oxygen,9.37,mg/L,
STEWARDS,ARS-MSBL-MSBL103,,33.3971296,-90.6840254,2016-06-13,Dissolved oxygen,13.2,mg/L,
STEWARDS,ARS-MSBL-MSBL103,,33.3971296,-90.6840254,2015-05-04,Dissolved oxygen,6.44,mg/L,
STEWARDS,ARS-MSBL-MSBL103,,33.3971296,-90.6840254,2015-10-05,Dissolved oxygen,9.92,mg/L,
STEWARDS,ARS-MSBL-MSBL102,,33.3983362,-90.67639,2015-08-24,Dissolved oxygen,9.84,mg/L,
STEWARDS,ARS-MSBL-MSBL103,,33.3971296,-90.6840254,2016-08-22,Dissolved oxygen,5.68,mg/L,
STEWARDS,ARS-MSBL-MSBL102,,33.3983362,-90.67639,2016-04-04,Dissolved oxygen,7.07,mg/L,
STEWARDS,ARS-MSBL-MSBL102,,33.3983362,-90.67639,2016-04-18,Dissolved oxygen,7.57,mg/L,
STEWARDS,ARS-MSBL-MSBL102,,33.3983362,-90.67639,2016-05-16,Dissolved oxygen,18.55,mg/L,
STEWARDS,ARS-MSBL-MSBL102,,33.3983362,-90.67639,2016-05-31,Dissolved oxygen,10.41,mg/L,
STEWARDS,ARS-MSBL-MSBL101,,33.4029473,-90.670499,2015-03-09,Dissolved oxygen,7.99,mg/L,
STEWARDS,ARS-MSBL-MSBL101,,33.4029473,-90.670499,2015-06-29,Dissolved oxygen,6.78,mg/L,
STEWARDS,ARS-MSBL-MSBL101,,33.4029473,-90.670499,2015-07-13,Dissolved oxygen,8.51,mg/L,
STEWARDS,ARS-MSBL-MSBL101,,33.4029473,-90.670499,2015-10-05,Dissolved oxygen,8.51,mg/L,
STEWARDS,ARS-MSBL-MSBL101,,33.4029473,-90.670499,2015-11-02,Dissolved oxygen,5.62,mg/L,
STEWARDS,ARS-MSBL-MSBL101,,33.4029473,-90.670499,2016-02-22,Dissolved oxygen,7.39,mg/L,
STEWARDS,ARS-MSBL-MSBL101,,33.4029473,-90.670499,2016-03-07,Dissolved oxygen,7.41,mg/L,
STEWARDS,ARS-MSBL-MSBL101,,33.4029473,-90.670499,2016-04-04,Dissolved oxygen,6.9,mg/L,
STEWARDS,ARS-MSBL-MSBL101,,33.4029473,-90.670499,2016-05-02,Dissolved oxygen,6.39,mg/L,
STEWARDS,ARS-MSBL-MSBL101,,33.4029473,-90.670499,2016-06-27,Dissolved oxygen,8.03,mg/L,
STEWARDS,ARS-MSBL-MSBL101,,33.4029473,-90.670499,2016-07-11,Dissolved oxygen,5.72,mg/L,
STEWARDS,ARS-MSBL-MSBL101,,33.4029473,-90.670499,2016-08-08,Dissolved oxygen,5.9,mg/L,
STEWARDS,ARS-MSBL-MSBL101,,33.4029473,-90.670499,2017-04-17,Dissolved oxygen,8.74,mg/L,
STEWARDS,ARS-MSBL-MSBL101,,33.4029473,-90.670499,2017-05-15,Dissolved oxygen,7.48,mg/L,
STEWARDS,ARS-MSBL-MSBL101,,33.4029473,-90.670499,2017-05-30,Dissolved oxygen,10.24,mg/L,
STEWARDS,ARS-MSBL-MSBL101,,33.4029473,-90.670499,2017-07-10,Dissolved oxygen,7.45,mg/L,
STEWARDS,ARS-MSBL-MSBL101,,33.4029473,-90.670499,2017-09-05,Dissolved oxygen,8.38,mg/L,
STEWARDS,ARS-MSBL-MSBL101,,33.4029473,-90.670499,2017-10-02,Dissolved oxygen,6.2,mg/L,
STEWARDS,ARS-MSBL-MSBL101,,33.4029473,-90.670499,2018-01-23,Dissolved oxygen,13.3,mg/L,
STEWARDS,ARS-MSBL-MSBL101,,33.4029473,-90.670499,2018-02-05,Dissolved oxygen,12.4,mg/L,
STEWARDS,ARS-MSBL-MSBL101,,33.4029473,-90.670499,2018-05-29,Dissolved oxygen,6.2,mg/L,
STEWARDS,ARS-MSBL-MSBL101,,33.4029473,-90.670499,2018-08-06,Dissolved oxygen,7.86,mg/L,
STEWARDS,ARS-MSBL-MSBL103,,33.3971296,-90.6840254,2016-10-17,Dissolved oxygen,7.7,mg/L,
STEWARDS,ARS-MSBL-MSBL101,,33.4029473,-90.670499,2018-08-20,Dissolved oxygen,4.7,mg/L,
STEWARDS,ARS-MSBL-MSBL101,,33.4029473,-90.670499,2018-09-04,Dissolved oxygen,5.22,mg/L,
STEWARDS,ARS-MSBL-MSBL101,,33.4029473,-90.670499,2018-10-01,Dissolved oxygen,7.1,mg/L,
STEWARDS,ARS-MSBL-MSBL103,,33.3971296,-90.6840254,2017-11-28,Dissolved oxygen,8.86,mg/L,
STEWARDS,ARS-MSBL-MSBL101,,33.4029473,-90.670499,2015-02-23,Dissolved oxygen,9.15,mg/L,
STEWARDS,ARS-MSBL-MSBL101,,33.4029473,-90.670499,2015-06-01,Dissolved oxygen,5.85,mg/L,
STEWARDS,ARS-MSBL-MSBL102,,33.3983362,-90.67639,2018-05-29,Dissolved oxygen,7.9,mg/L,
STEWARDS,ARS-MSBL-MSBL102,,33.3983362,-90.67639,2018-06-25,Dissolved oxygen,7.87,mg/L,
STEWARDS,ARS-MSBL-MSBL101,,33.4029473,-90.670499,2015-03-23,Dissolved oxygen,4.47,mg/L,
STEWARDS,ARS-MSBL-MSBL101,,33.4029473,-90.670499,2015-04-06,Dissolved oxygen,5.81,mg/L,
STEWARDS,ARS-MSBL-MSBL101,,33.4029473,-90.670499,2015-07-27,Dissolved oxygen,9.1,mg/L,
STEWARDS,ARS-MSBL-MSBL101,,33.4029473,-90.670499,2015-08-24,Dissolved oxygen,6.04,mg/L,
STEWARDS,ARS-MSBL-MSBL101,,33.4029473,-90.670499,2015-09-08,Dissolved oxygen,7.07,mg/L,
STEWARDS,ARS-MSBL-MSBL101,,33.4029473,-90.670499,2015-10-19,Dissolved oxygen,8.94,mg/L,
STEWARDS,ARS-MSBL-MSBL101,,33.4029473,-90.670499,2015-11-16,Dissolved oxygen,8.16,mg/L,
STEWARDS,ARS-MSBL-MSBL101,,33.4029473,-90.670499,2015-11-30,Dissolved oxygen,4.82,mg/L,
STEWARDS,ARS-MSBL-MSBL101,,33.4029473,-90.670499,2016-03-21,Dissolved oxygen,5.14,mg/L,
STEWARDS,ARS-MSBL-MSBL101,,33.4029473,-90.670499,2016-09-19,Dissolved oxygen,8.2,mg/L,
STEWARDS,ARS-MSBL-MSBL101,,33.4029473,-90.670499,2017-02-21,Dissolved oxygen,9.16,mg/L,
STEWARDS,ARS-MSBL-MSBL101,,33.4029473,-90.670499,2017-03-20,Dissolved oxygen,10.1,mg/L,
STEWARDS,ARS-MSBL-MSBL101,,33.4029473,-90.670499,2017-11-28,Dissolved oxygen,8.68,mg/L,
STEWARDS,ARS-MSBL-MSBL101,,33.4029473,-90.670499,2017-12-12,Dissolved oxygen,10.8,mg/L,
STEWARDS,ARS-MSBL-MSBL101,,33.4029473,-90.670499,2018-01-09,Dissolved oxygen,14.2,mg/L,
STEWARDS,ARS-MSBL-MSBL101,,33.4029473,-90.670499,2018-03-05,Dissolved oxygen,5.88,mg/L,
STEWARDS,ARS-MSBL-MSBL101,,33.4029473,-90.670499,2018-03-19,Dissolved oxygen,6.2,mg/L,
STEWARDS,ARS-MSBL-MSBL101,,33.4029473,-90.670499,2018-04-02,Dissolved oxygen,4.8,mg/L,
STEWARDS,ARS-MSBL-MSBL101,,33.4029473,-90.670499,2018-04-30,Dissolved oxygen,8.3,mg/L,
STEWARDS,ARS-MSBL-MSBL101,,33.4029473,-90.670499,2018-09-17,Dissolved oxygen,6.1,mg/L,
STEWARDS,ARS-MSBL-MSBL101,,33.4029473,-90.670499,2018-12-11,Dissolved oxygen,10.03,mg/L,
STEWARDS,ARS-MSBL-MSBL102,,33.3983362,-90.67639,2015-02-23,Dissolved oxygen,9.06,mg/L,
STEWARDS,ARS-MSBL-MSBL102,,33.3983362,-90.67639,2015-04-20,Dissolved oxygen,5.8,mg/L,
STEWARDS,ARS-MSBL-MSBL102,,33.3983362,-90.67639,2015-06-15,Dissolved oxygen,7.5,mg/L,
STEWARDS,ARS-MSBL-MSBL102,,33.3983362,-90.67639,2015-07-13,Dissolved oxygen,9.32,mg/L,
STEWARDS,ARS-MSBL-MSBL102,,33.3983362,-90.67639,2015-09-08,Dissolved oxygen,7.2,mg/L,
STEWARDS,ARS-MSBL-MSBL102,,33.3983362,-90.67639,2015-10-19,Dissolved oxygen,9.32,mg/L,
STEWARDS,ARS-MSBL-MSBL102,,33.3983362,-90.67639,2016-06-27,Dissolved oxygen,12.49,mg/L,
STEWARDS,ARS-MSBL-MSBL102,,33.3983362,-90.67639,2016-07-11,Dissolved oxygen,8.3,mg/L,
STEWARDS,ARS-MSBL-MSBL102,,33.3983362,-90.67639,2016-07-25,Dissolved oxygen,8.48,mg/L,
STEWARDS,ARS-MSBL-MSBL102,,33.3983362,-90.67639,2017-05-30,Dissolved oxygen,11.31,mg/L,
STEWARDS,ARS-MSBL-MSBL102,,33.3983362,-90.67639,2018-02-05,Dissolved oxygen,11.8,mg/L,
STEWARDS,ARS-MSBL-MSBL102,,33.3983362,-90.67639,2018-02-20,Dissolved oxygen,8.9,mg/L,
STEWARDS,ARS-MSBL-MSBL102,,33.3983362,-90.67639,2018-04-02,Dissolved oxygen,6.0,mg/L,
STEWARDS,ARS-MSBL-MSBL102,,33.3983362,-90.67639,2018-04-16,Dissolved oxygen,6.85,mg/L,
STEWARDS,ARS-MSBL-MSBL102,,33.3983362,-90.67639,2018-05-14,Dissolved oxygen,8.5,mg/L,
STEWARDS,ARS-MSBL-MSBL102,,33.3983362,-90.67639,2018-08-20,Dissolved oxygen,4.9,mg/L,
STEWARDS,ARS-MSBL-MSBL102,,33.3983362,-90.67639,2018-09-17,Dissolved oxygen,7.4,mg/L,
STEWARDS,ARS-MSBL-MSBL102,,33.3983362,-90.67639,2015-01-12,Dissolved oxygen,8.24,mg/L,
STEWARDS,ARS-MSBL-MSBL102,,33.3983362,-90.67639,2015-01-26,Dissolved oxygen,8.52,mg/L,
STEWARDS,ARS-MSBL-MSBL102,,33.3983362,-90.67639,2015-02-09,Dissolved oxygen,8.3,mg/L,
STEWARDS,ARS-MSBL-MSBL102,,33.3983362,-90.67639,2015-05-04,Dissolved oxygen,7.13,mg/L,
STEWARDS,ARS-MSBL-MSBL102,,33.3983362,-90.67639,2015-06-29,Dissolved oxygen,8.08,mg/L,
STEWARDS,ARS-MSBL-MSBL102,,33.3983362,-90.67639,2015-07-27,Dissolved oxygen,10.67,mg/L,
STEWARDS,ARS-MSBL-MSBL102,,33.3983362,-90.67639,2015-08-10,Dissolved oxygen,11.8,mg/L,
STEWARDS,ARS-MSBL-MSBL102,,33.3983362,-90.67639,2015-09-21,Dissolved oxygen,8.0,mg/L,
STEWARDS,ARS-MSBL-MSBL102,,33.3983362,-90.67639,2015-10-05,Dissolved oxygen,9.4,mg/L,
STEWARDS,ARS-MSBL-MSBL102,,33.3983362,-90.67639,2015-11-30,Dissolved oxygen,6.78,mg/L,
STEWARDS,ARS-MSBL-MSBL102,,33.3983362,-90.67639,2016-01-11,Dissolved oxygen,11.06,mg/L,
STEWARDS,ARS-MSBL-MSBL103,,33.3971296,-90.6840254,2016-06-27,Dissolved oxygen,13.84,mg/L,
STEWARDS,ARS-MSBL-MSBL103,,33.3971296,-90.6840254,2016-11-14,Dissolved oxygen,9.67,mg/L,
STEWARDS,ARS-MSBL-MSBL102,,33.3983362,-90.67639,2016-06-13,Dissolved oxygen,12.3,mg/L,
STEWARDS,ARS-MSBL-MSBL103,,33.3971296,-90.6840254,2018-09-17,Dissolved oxygen,5.6,mg/L,
STEWARDS,ARS-MSBL-MSBL102,,33.3983362,-90.67639,2017-03-06,Dissolved oxygen,8.6,mg/L,
STEWARDS,ARS-MSBL-MSBL102,,33.3983362,-90.67639,2017-05-15,Dissolved oxygen,8.0,mg/L,
STEWARDS,ARS-MSBL-MSBL102,,33.3983362,-90.67639,2016-10-03,Dissolved oxygen,10.6,mg/L,
STEWARDS,ARS-MSBL-MSBL102,,33.3983362,-90.67639,2017-02-21,Dissolved oxygen,8.43,mg/L,
STEWARDS,ARS-MSBL-MSBL102,,33.3983362,-90.67639,2017-03-20,Dissolved oxygen,9.3,mg/L,
STEWARDS,ARS-MSBL-MSBL102,,33.3983362,-90.67639,2017-06-12,Dissolved oxygen,10.5,mg/L,
STEWARDS,ARS-MSBL-MSBL102,,33.3983362,-90.67639,2017-08-07,Dissolved oxygen,5.39,mg/L,
STEWARDS,ARS-MSBL-MSBL102,,33.3983362,-90.67639,2017-10-16,Dissolved oxygen,4.8,mg/L,
STEWARDS,ARS-MSBL-MSBL102,,33.3983362,-90.67639,2018-01-09,Dissolved oxygen,13.0,mg/L,
STEWARDS,ARS-MSBL-MSBL102,,33.3983362,-90.67639,2018-01-23,Dissolved oxygen,12.3,mg/L,
STEWARDS,ARS-MSBL-MSBL102,,33.3983362,-90.67639,2018-04-30,Dissolved oxygen,6.4,mg/L,
STEWARDS,ARS-MSBL-MSBL102,,33.3983362,-90.67639,2018-07-09,Dissolved oxygen,6.1,mg/L,
STEWARDS,ARS-MSBL-MSBL102,,33.3983362,-90.67639,2018-10-15,Dissolved oxygen,6.1,mg/L,
STEWARDS,ARS-MSBL-MSBL102,,33.3983362,-90.67639,2018-10-29,Dissolved oxygen,4.05,mg/L,
STEWARDS,ARS-MSBL-MSBL103,,33.3971296,-90.6840254,2015-02-09,Dissolved oxygen,7.63,mg/L,
STEWARDS,ARS-MSBL-MSBL103,,33.3971296,-90.6840254,2015-02-23,Dissolved oxygen,8.83,mg/L,
STEWARDS,ARS-MSBL-MSBL103,,33.3971296,-90.6840254,2015-06-15,Dissolved oxygen,7.6,mg/L,
STEWARDS,ARS-MSBL-MSBL103,,33.3971296,-90.6840254,2015-08-10,Dissolved oxygen,15.0,mg/L,
STEWARDS,ARS-MSBL-MSBL103,,33.3971296,-90.6840254,2015-11-16,Dissolved oxygen,9.18,mg/L,
STEWARDS,ARS-MSBL-MSBL103,,33.3971296,-90.6840254,2016-04-04,Dissolved oxygen,6.62,mg/L,
STEWARDS,ARS-MSBL-MSBL103,,33.3971296,-90.6840254,2016-04-18,Dissolved oxygen,7.4,mg/L,
STEWARDS,ARS-MSBL-MSBL103,,33.3971296,-90.6840254,2016-05-16,Dissolved oxygen,18.5,mg/L,
STEWARDS,ARS-MSBL-MSBL103,,33.3971296,-90.6840254,2016-05-31,Dissolved oxygen,10.61,mg/L,
STEWARDS,ARS-MSBL-MSBL103,,33.3971296,-90.6840254,2016-09-19,Dissolved oxygen,7.85,mg/L,
STEWARDS,ARS-MSBL-MSBL103,,33.3971296,-90.6840254,2017-03-06,Dissolved oxygen,8.9,mg/L,
STEWARDS,ARS-MSBL-MSBL103,,33.3971296,-90.6840254,2017-05-15,Dissolved oxygen,8.35,mg/L,
STEWARDS,ARS-MSBL-MSBL103,,33.3971296,-90.6840254,2018-02-05,Dissolved oxygen,12.3,mg/L,
STEWARDS,ARS-MSBL-MSBL103,,33.3971296,-90.6840254,2018-05-14,Dissolved oxygen,7.7,mg/L,
STEWARDS,ARS-MSBL-MSBL103,,33.3971296,-90.6840254,2018-06-25,Dissolved oxygen,8.4,mg/L,
STEWARDS,ARS-MSBL-MSBL103,,33.3971296,-90.6840254,2018-07-09,Dissolved oxygen,5.4,mg/L,
STEWARDS,ARS-MSBL-MSBL103,,33.3971296,-90.6840254,2018-12-11,Dissolved oxygen,9.9,mg/L,
STEWARDS,ARS-MSBL-MSBL103,,33.3971296,-90.6840254,2015-01-12,Dissolved oxygen,8.92,mg/L,
STEWARDS,ARS-MSBL-MSBL103,,33.3971296,-90.6840254,2015-03-23,Dissolved oxygen,6.87,mg/L,
STEWARDS,ARS-MSBL-MSBL103,,33.3971296,-90.6840254,2015-07-27,Dissolved oxygen,10.11,mg/L,
STEWARDS,ARS-MSBL-MSBL103,,33.3971296,-90.6840254,2015-09-08,Dissolved oxygen,7.75,mg/L,
STEWARDS,ARS-MSBL-MSBL103,,33.3971296,-90.6840254,2015-11-30,Dissolved oxygen,6.75,mg/L,
STEWARDS,ARS-MSBL-MSBL103,,33.3971296,-90.6840254,2016-05-02,Dissolved oxygen,6.02,mg/L,
STEWARDS,ARS-MSBL-MSBL103,,33.3971296,-90.6840254,2016-07-25,Dissolved oxygen,8.62,mg/L,
STEWARDS,ARS-MSBL-MSBL103,,33.3971296,-90.6840254,2016-08-08,Dissolved oxygen,5.73,mg/L,
STEWARDS,ARS-MSBL-MSBL103,,33.3971296,-90.6840254,2017-07-24,Dissolved oxygen,4.5,mg/L,
STEWARDS,ARS-MSBL-MSBL103,,33.3971296,-90.6840254,2017-08-07,Dissolved oxygen,4.2,mg/L,
STEWARDS,ARS-MSBL-MSBL103,,33.3971296,-90.6840254,2017-10-02,Dissolved oxygen,6.2,mg/L,
STEWARDS,ARS-MSBL-MSBL103,,33.3971296,-90.6840254,2017-11-13,Dissolved oxygen,7.9,mg/L,
STEWARDS,ARS-MSBL-MSBL103,,33.3971296,-90.6840254,2017-12-12,Dissolved oxygen,10.4,mg/L,
STEWARDS,ARS-MSBL-MSBL103,,33.3971296,-90.6840254,2018-01-09,Dissolved oxygen,12.8,mg/L,
STEWARDS,ARS-MSBL-MSBL103,,33.3971296,-90.6840254,2018-02-20,Dissolved oxygen,8.9,mg/L,
STEWARDS,ARS-MSBL-MSBL103,,33.3971296,-90.6840254,2018-03-19,Dissolved oxygen,8.0,mg/L,
STEWARDS,ARS-MSBL-MSBL103,,33.3971296,-90.6840254,2018-04-02,Dissolved oxygen,6.8,mg/L,
STEWARDS,ARS-MSBL-MSBL103,,33.3971296,-90.6840254,2018-04-30,Dissolved oxygen,7.2,mg/L,
STEWARDS,ARS-MSBL-MSBL103,,33.3971296,-90.6840254,2018-05-29,Dissolved oxygen,7.6,mg/L,
STEWARDS,ARS-MSBL-MSBL103,,33.3971296,-90.6840254,2018-10-01,Dissolved oxygen,6.5,mg/L,
STEWARDS,ARS-MSBL-MSBL103,,33.3971296,-90.6840254,2018-10-15,Dissolved oxygen,6.1,mg/L,
STEWARDS,ARS-MSBL-MSBL102,,33.3983362,-90.67639,2016-08-22,Dissolved oxygen,6.11,mg/L,
STEWARDS,ARS-MSBL-MSBL102,,33.3983362,-90.67639,2016-10-17,Dissolved oxygen,8.05,mg/L,
STEWARDS,ARS-MSBL-MSBL102,,33.3983362,-90.67639,2017-02-06,Dissolved oxygen,9.0,mg/L,
STEWARDS,ARS-MSBL-MSBL102,,33.3983362,-90.67639,2017-04-03,Dissolved oxygen,6.48,mg/L,
STEWARDS,ARS-MSBL-MSBL102,,33.3983362,-90.67639,2017-04-17,Dissolved oxygen,8.78,mg/L,
STEWARDS,ARS-MSBL-MSBL102,,33.3983362,-90.67639,2017-07-24,Dissolved oxygen,7.0,mg/L,
STEWARDS,ARS-MSBL-MSBL102,,33.3983362,-90.67639,2017-08-21,Dissolved oxygen,7.5,mg/L,
STEWARDS,ARS-MSBL-MSBL102,,33.3983362,-90.67639,2017-09-05,Dissolved oxygen,7.52,mg/L,
STEWARDS,ARS-MSBL-MSBL102,,33.3983362,-90.67639,2017-11-28,Dissolved oxygen,9.2,mg/L,
STEWARDS,ARS-MSBL-MSBL102,,33.3983362,-90.67639,2018-03-05,Dissolved oxygen,6.0,mg/L,
STEWARDS,ARS-MSBL-MSBL102,,33.3983362,-90.67639,2018-11-27,Dissolved oxygen,9.3,mg/L,
STEWARDS,ARS-MSBL-MSBL102,,33.3983362,-90.67639,2018-12-11,Dissolved oxygen,10.0,mg/L,
STEWARDS,ARS-MSBL-MSBL103,,33.3971296,-90.6840254,2015-05-19,Dissolved oxygen,5.85,mg/L,
STEWARDS,ARS-MSBL-MSBL103,,33.3971296,-90.6840254,2015-08-24,Dissolved oxygen,8.89,mg/L,
STEWARDS,ARS-MSBL-MSBL103,,33.3971296,-90.6840254,2015-11-02,Dissolved oxygen,6.35,mg/L,
STEWARDS,ARS-MSBL-MSBL103,,33.3971296,-90.6840254,2016-01-11,Dissolved oxygen,11.46,mg/L,
STEWARDS,ARS-MSBL-MSBL103,,33.3971296,-90.6840254,2016-01-25,Dissolved oxygen,13.0,mg/L,
STEWARDS,ARS-MSBL-MSBL103,,33.3971296,-90.6840254,2016-02-08,Dissolved oxygen,12.3,mg/L,
STEWARDS,ARS-MSBL-MSBL103,,33.3971296,-90.6840254,2016-02-22,Dissolved oxygen,9.23,mg/L,
STEWARDS,ARS-MSBL-MSBL103,,33.3971296,-90.6840254,2016-03-21,Dissolved oxygen,6.8,mg/L,
STEWARDS,ARS-MSBL-MSBL103,,33.3971296,-90.6840254,2017-02-21,Dissolved oxygen,7.64,mg/L,
STEWARDS,ARS-MSBL-MSBL103,,33.3971296,-90.6840254,2017-06-12,Dissolved oxygen,8.8,mg/L,
STEWARDS,ARS-MSBL-MSBL103,,33.3971296,-90.6840254,2017-08-21,Dissolved oxygen,5.81,mg/L,
STEWARDS,ARS-MSBL-MSBL103,,33.3971296,-90.6840254,2017-10-30,Dissolved oxygen,8.3,mg/L,
STEWARDS,ARS-MSBL-MSBL103,,33.3971296,-90.6840254,2018-01-23,Dissolved oxygen,12.2,mg/L,
STEWARDS,ARS-MSBL-MSBL103,,33.3971296,-90.6840254,2018-03-05,Dissolved oxygen,6.43,mg/L,
STEWARDS,ARS-MSBL-MSBL103,,33.3971296,-90.6840254,2018-06-11,Dissolved oxygen,5.9,mg/L,
STEWARDS,ARS-MSBL-MSBL103,,33.3971296,-90.6840254,2018-07-23,Dissolved oxygen,6.8,mg/L,
STEWARDS,ARS-MSBL-MSBL103,,33.3971296,-90.6840254,2018-08-20,Dissolved oxygen,4.5,mg/L,
STEWARDS,ARS-MSBL-MSBL103,,33.3971296,-90.6840254,2018-09-04,Dissolved oxygen,5.45,mg/L,
STEWARDS,ARS-MSBL-MSBL103,,33.3971296,-90.6840254,2018-11-27,Dissolved oxygen,8.7,mg/L,
