country,country_code,year,parameter,value,unit,source
Brunei Darussalam,96,2000,"Drinking water, At least basic service",99.900016208937,,"WHO, UNICEF"
Brunei Darussalam,96,2000,"Drinking water, Basic service",100.0,,"WHO, UNICEF"
Brunei Darussalam,96,2000,"Drinking water, Limited",0.0,,"WHO, UNICEF"
Brunei Darussalam,96,2000,"Drinking water, On premises",99.781114234493,,"WHO, UNICEF"
Brunei Darussalam,96,2000,"Drinking water, Unimproved",0.0,,"WHO, UNICEF"
Brunei Darussalam,96,2000,"Drinking water, Surface water",0.099983791062905,,"WHO, UNICEF"
Cambodia,116,2000,"Drinking water, Available",45.672966345248,,"WHO, UNICEF"
Cambodia,116,2000,"Drinking water, Surface water",24.93950276081,,"WHO, UNICEF"
Cambodia,116,2000,"Drinking water, Unimproved",23.160616647941,,"WHO, UNICEF"
Cambodia,116,2000,"Drinking water, On premises",41.041233579205,,"WHO, UNICEF"
Cambodia,116,2000,"Drinking water, Safely managed service",17.0,,"WHO, UNICEF"
Cambodia,116,2000,"Drinking water, Free of contamination",16.963134394407,,"WHO, UNICEF"
Cambodia,116,2000,"Drinking water, Limited",0.0,,"WHO, UNICEF"
Cambodia,116,2000,"Drinking water, Basic service",52.0,,"WHO, UNICEF"
Cambodia,116,2000,"Drinking water, Available",69.297773485478,,"WHO, UNICEF"
Cambodia,116,2000,"Drinking water, Surface water",11.08178981634,,"WHO, UNICEF"
Cambodia,116,2000,"Drinking water, Unimproved",9.3758043566557,,"WHO, UNICEF"
Cambodia,116,2000,"Drinking water, On premises",74.161208979581,,"WHO, UNICEF"
Cambodia,116,2000,"Drinking water, Safely managed service",47.0,,"WHO, UNICEF"
Cambodia,116,2000,"Drinking water, Free of contamination",45.736883350528,,"WHO, UNICEF"
Cambodia,116,2000,"Drinking water, Limited",0.0,,"WHO, UNICEF"
Cambodia,116,2000,"Drinking water, Basic service",81.0,,"WHO, UNICEF"
Cambodia,116,2000,"Drinking water, Surface water",28.103078692625,,"WHO, UNICEF"
Cambodia,116,2000,"Drinking water, Unimproved",26.307553276024,,"WHO, UNICEF"
Cambodia,116,2000,"Drinking water, On premises",33.48027448862,,"WHO, UNICEF"
Cambodia,116,2000,"Drinking water, Safely managed service",10.0,,"WHO, UNICEF"
Cambodia,116,2000,"Drinking water, Free of contamination",10.394375911148,,"WHO, UNICEF"
Cambodia,116,2000,"Drinking water, Available",40.279658677071,,"WHO, UNICEF"
Cambodia,116,2000,"Drinking water, Limited",0.0,,"WHO, UNICEF"
Cambodia,116,2000,"Drinking water, Basic service",46.0,,"WHO, UNICEF"
Indonesia,360,2000,"Drinking water, Safely managed service",18.0,,"WHO, UNICEF"
Indonesia,360,2000,"Drinking water, Free of contamination",17.829446752315,,"WHO, UNICEF"
Indonesia,360,2000,"Drinking water, Surface water",6.1250849877368,,"WHO, UNICEF"
Indonesia,360,2000,"Drinking water, Unimproved",28.083598583056,,"WHO, UNICEF"
Indonesia,360,2000,"Drinking water, On premises",45.691187868219,,"WHO, UNICEF"
Indonesia,360,2000,"Drinking water, Available",59.201654886092,,"WHO, UNICEF"
Indonesia,360,2000,"Drinking water, Limited",0.51733293222179,,"WHO, UNICEF"
Indonesia,360,2000,"Drinking water, Basic service",66.0,,"WHO, UNICEF"
Indonesia,360,2000,"Drinking water, Basic service",90.0,,"WHO, UNICEF"
Indonesia,360,2000,"Drinking water, Limited",0.69110200173715,,"WHO, UNICEF"
Indonesia,360,2000,"Drinking water, Available",82.37461845113,,"WHO, UNICEF"
Indonesia,360,2000,"Drinking water, Free of contamination",31.42974506634,,"WHO, UNICEF"
Indonesia,360,2000,"Drinking water, Safely managed service",31.0,,"WHO, UNICEF"
Indonesia,360,2000,"Drinking water, On premises",74.170326543418,,"WHO, UNICEF"
Indonesia,360,2000,"Drinking water, Unimproved",9.5190848698128,,"WHO, UNICEF"
Indonesia,360,2000,"Drinking water, Surface water",0.6816435120726,,"WHO, UNICEF"
Indonesia,360,2000,"Drinking water, Surface water",3.8387306006707,,"WHO, UNICEF"
Indonesia,360,2000,"Drinking water, Basic service",76.0,,"WHO, UNICEF"
Indonesia,360,2000,"Drinking water, Limited",0.59031942285641,,"WHO, UNICEF"
Indonesia,360,2000,"Drinking water, Available",68.934763810376,,"WHO, UNICEF"
Indonesia,360,2000,"Drinking water, Free of contamination",23.541844431593,,"WHO, UNICEF"
Indonesia,360,2000,"Drinking water, Safely managed service",24.0,,"WHO, UNICEF"
Indonesia,360,2000,"Drinking water, On premises",57.65299652743,,"WHO, UNICEF"
Indonesia,360,2000,"Drinking water, Unimproved",20.286130818102,,"WHO, UNICEF"
Lao People's Democratic Republic,418,2000,"Drinking water, Basic service",48.0,,"WHO, UNICEF"
Lao People's Democratic Republic,418,2000,"Drinking water, Limited",0.57025543905824,,"WHO, UNICEF"
Lao People's Democratic Republic,418,2000,"Drinking water, Available",45.037261950707,,"WHO, UNICEF"
Lao People's Democratic Republic,418,2000,"Drinking water, Free of contamination",9.0929446237345,,"WHO, UNICEF"
Lao People's Democratic Republic,418,2000,"Drinking water, Safely managed service",5.0,,"WHO, UNICEF"
Lao People's Democratic Republic,418,2000,"Drinking water, On premises",7.444936427531,,"WHO, UNICEF"
Lao People's Democratic Republic,418,2000,"Drinking water, Unimproved",27.552404525886,,"WHO, UNICEF"
Lao People's Democratic Republic,418,2000,"Drinking water, Surface water",25.733491829842,,"WHO, UNICEF"
Lao People's Democratic Republic,418,2000,"Drinking water, Surface water",31.651466814562,,"WHO, UNICEF"
Lao People's Democratic Republic,418,2000,"Drinking water, Unimproved",30.16941561851,,"WHO, UNICEF"
Lao People's Democratic Republic,418,2000,"Drinking water, On premises",0.21993570626312,,"WHO, UNICEF"
Lao People's Democratic Republic,418,2000,"Drinking water, Safely managed service",2.0,,"WHO, UNICEF"
Lao People's Democratic Republic,418,2000,"Drinking water, Free of contamination",5.6227035485813,,"WHO, UNICEF"
Lao People's Democratic Republic,418,2000,"Drinking water, Available",36.418575372299,,"WHO, UNICEF"
Lao People's Democratic Republic,418,2000,"Drinking water, Limited",0.6295268328474,,"WHO, UNICEF"
Lao People's Democratic Republic,418,2000,"Drinking water, Basic service",40.0,,"WHO, UNICEF"
Lao People's Democratic Republic,418,2000,"Drinking water, Basic service",79.0,,"WHO, UNICEF"
Lao People's Democratic Republic,418,2000,"Drinking water, Limited",0.35982943810809,,"WHO, UNICEF"
Lao People's Democratic Republic,418,2000,"Drinking water, Available",75.635421711116,,"WHO, UNICEF"
Lao People's Democratic Republic,418,2000,"Drinking water, Free of contamination",21.413034424405,,"WHO, UNICEF"
Lao People's Democratic Republic,418,2000,"Drinking water, Safely managed service",17.0,,"WHO, UNICEF"
Lao People's Democratic Republic,418,2000,"Drinking water, On premises",33.095217396903,,"WHO, UNICEF"
Lao People's Democratic Republic,418,2000,"Drinking water, Unimproved",18.261463130857,,"WHO, UNICEF"
Lao People's Democratic Republic,418,2000,"Drinking water, Surface water",4.7234279900113,,"WHO, UNICEF"
Malaysia,458,2000,"Drinking water, Surface water",0.09,,"WHO, UNICEF"
Malaysia,458,2000,"Drinking water, At least basic service",99.296882459384,,"WHO, UNICEF"
Malaysia,458,2000,"Drinking water, Basic service",98.0,,"WHO, UNICEF"
Malaysia,458,2000,"Drinking water, Limited",0.29878700840337,,"WHO, UNICEF"
Malaysia,458,2000,"Drinking water, On premises",97.404564739496,,"WHO, UNICEF"
Malaysia,458,2000,"Drinking water, Unimproved",0.31433053221287,,"WHO, UNICEF"
Malaysia,458,2000,"Drinking water, Surface water",0.8542623178094,,"WHO, UNICEF"
Malaysia,458,2000,"Drinking water, Unimproved",1.8686950126236,,"WHO, UNICEF"
Malaysia,458,2000,"Drinking water, On premises",92.577302103392,,"WHO, UNICEF"
Malaysia,458,2000,"Drinking water, Safely managed service",92.0,,"WHO, UNICEF"
Malaysia,458,2000,"Drinking water, Free of contamination",96.764392654698,,"WHO, UNICEF"
Malaysia,458,2000,"Drinking water, Limited",0.39848302915222,,"WHO, UNICEF"
Malaysia,458,2000,"Drinking water, Basic service",96.0,,"WHO, UNICEF"
Malaysia,458,2000,"Drinking water, At least basic service",92.936720299841,,"WHO, UNICEF"
Malaysia,458,2000,"Drinking water, Unimproved",4.402293460925,,"WHO, UNICEF"
Malaysia,458,2000,"Drinking water, On premises",84.708922124402,,"WHO, UNICEF"
Malaysia,458,2000,"Drinking water, Limited",0.56098623923444,,"WHO, UNICEF"
Malaysia,458,2000,"Drinking water, Basic service",92.0,,"WHO, UNICEF"
Malaysia,458,2000,"Drinking water, Surface water",2.1,,"WHO, UNICEF"
Myanmar,104,2000,"Drinking water, Free of contamination",38.798530635508,,"WHO, UNICEF"
Myanmar,104,2000,"Drinking water, Basic service",39.0,,"WHO, UNICEF"
Myanmar,104,2000,"Drinking water, Limited",20.522227606161,,"WHO, UNICEF"
Myanmar,104,2000,"Drinking water, Available",50.829082770549,,"WHO, UNICEF"
Myanmar,104,2000,"Drinking water, Safely managed service",18.0,,"WHO, UNICEF"
Myanmar,104,2000,"Drinking water, On premises",18.730342322561,,"WHO, UNICEF"
Myanmar,104,2000,"Drinking water, Unimproved",20.322838438269,,"WHO, UNICEF"
Myanmar,104,2000,"Drinking water, Surface water",19.524400886525,,"WHO, UNICEF"
Myanmar,104,2000,"Drinking water, Available",58.258483873869,,"WHO, UNICEF"
Myanmar,104,2000,"Drinking water, Surface water",15.735230835798,,"WHO, UNICEF"
Myanmar,104,2000,"Drinking water, Unimproved",17.560144745929,,"WHO, UNICEF"
Myanmar,104,2000,"Drinking water, On premises",27.514256595106,,"WHO, UNICEF"
Myanmar,104,2000,"Drinking water, Safely managed service",27.0,,"WHO, UNICEF"
Myanmar,104,2000,"Drinking water, Free of contamination",45.943925626592,,"WHO, UNICEF"
Myanmar,104,2000,"Drinking water, Limited",18.977771181308,,"WHO, UNICEF"
Myanmar,104,2000,"Drinking water, Basic service",47.0,,"WHO, UNICEF"
Myanmar,104,2000,"Drinking water, Unimproved",10.100098266464,,"WHO, UNICEF"
Myanmar,104,2000,"Drinking water, Surface water",5.5034206855792,,"WHO, UNICEF"
Myanmar,104,2000,"Drinking water, On premises",51.233266466469,,"WHO, UNICEF"
Myanmar,104,2000,"Drinking water, Safely managed service",51.0,,"WHO, UNICEF"
Myanmar,104,2000,"Drinking water, Free of contamination",65.238479850071,,"WHO, UNICEF"
Myanmar,104,2000,"Drinking water, Available",78.319934412504,,"WHO, UNICEF"
Myanmar,104,2000,"Drinking water, Limited",14.807311408864,,"WHO, UNICEF"
Myanmar,104,2000,"Drinking water, Basic service",69.0,,"WHO, UNICEF"
Philippines,608,2000,"Drinking water, Safely managed service",60.0,,"WHO, UNICEF"
Philippines,608,2000,"Drinking water, On premises",60.383837471123,,"WHO, UNICEF"
Philippines,608,2000,"Drinking water, Unimproved",3.2608670207103,,"WHO, UNICEF"
Philippines,608,2000,"Drinking water, Surface water",0.85511276094037,,"WHO, UNICEF"
Philippines,608,2000,"Drinking water, Free of contamination",59.778544374897,,"WHO, UNICEF"
Philippines,608,2000,"Drinking water, Available",86.026739878891,,"WHO, UNICEF"
Philippines,608,2000,"Drinking water, Limited",2.5065807316878,,"WHO, UNICEF"
Philippines,608,2000,"Drinking water, Basic service",94.0,,"WHO, UNICEF"
Philippines,608,2000,"Drinking water, Basic service",87.0,,"WHO, UNICEF"
Philippines,608,2000,"Drinking water, Limited",3.0040998004239,,"WHO, UNICEF"
Philippines,608,2000,"Drinking water, Available",78.902873331741,,"WHO, UNICEF"
Philippines,608,2000,"Drinking water, Free of contamination",43.846430372362,,"WHO, UNICEF"
Philippines,608,2000,"Drinking water, Safely managed service",42.0,,"WHO, UNICEF"
Philippines,608,2000,"Drinking water, On premises",40.853678888388,,"WHO, UNICEF"
Philippines,608,2000,"Drinking water, Unimproved",7.8885619877738,,"WHO, UNICEF"
Philippines,608,2000,"Drinking water, Surface water",3.1286847059454,,"WHO, UNICEF"
Philippines,608,2000,"Drinking water, Basic service",80.0,,"WHO, UNICEF"
Philippines,608,2000,"Drinking water, Limited",3.4302211767986,,"WHO, UNICEF"
Philippines,608,2000,"Drinking water, Available",72.801324356303,,"WHO, UNICEF"
Philippines,608,2000,"Drinking water, Free of contamination",30.20068152561,,"WHO, UNICEF"
Philippines,608,2000,"Drinking water, Safely managed service",26.0,,"WHO, UNICEF"
Philippines,608,2000,"Drinking water, On premises",24.126230071131,,"WHO, UNICEF"
Philippines,608,2000,"Drinking water, Unimproved",11.852158440627,,"WHO, UNICEF"
Philippines,608,2000,"Drinking water, Surface water",5.0759830403366,,"WHO, UNICEF"
Singapore,702,2000,"Drinking water, Surface water",0.0,,"WHO, UNICEF"
Singapore,702,2000,"Drinking water, Unimproved",0.0,,"WHO, UNICEF"
Singapore,702,2000,"Drinking water, On premises",100.0,,"WHO, UNICEF"
Singapore,702,2000,"Drinking water, Safely managed service",100.0,,"WHO, UNICEF"
Singapore,702,2000,"Drinking water, Free of contamination",100.0,,"WHO, UNICEF"
Singapore,702,2000,"Drinking water, Limited",0.0,,"WHO, UNICEF"
Singapore,702,2000,"Drinking water, Basic service",100.0,,"WHO, UNICEF"
Singapore,702,2000,"Drinking water, Free of contamination",100.0,,"WHO, UNICEF"
Singapore,702,2000,"Drinking water, Surface water",0.0,,"WHO, UNICEF"
Singapore,702,2000,"Drinking water, Unimproved",0.0,,"WHO, UNICEF"
Singapore,702,2000,"Drinking water, On premises",100.0,,"WHO, UNICEF"
Singapore,702,2000,"Drinking water, Safely managed service",100.0,,"WHO, UNICEF"
Singapore,702,2000,"Drinking water, Limited",0.0,,"WHO, UNICEF"
Singapore,702,2000,"Drinking water, Basic service",100.0,,"WHO, UNICEF"
Thailand,764,2000,"Drinking water, At least basic service",94.115364246538,,"WHO, UNICEF"
Thailand,764,2000,"Drinking water, Basic service",94.0,,"WHO, UNICEF"
Thailand,764,2000,"Drinking water, Limited",0.19952512918369,,"WHO, UNICEF"
Thailand,764,2000,"Drinking water, Available",93.742124150685,,"WHO, UNICEF"
Thailand,764,2000,"Drinking water, On premises",89.296015332038,,"WHO, UNICEF"
Thailand,764,2000,"Drinking water, Unimproved",5.1017036246715,,"WHO, UNICEF"
Thailand,764,2000,"Drinking water, Surface water",0.58340699960698,,"WHO, UNICEF"
Thailand,764,2000,"Drinking water, Surface water",0.80738512349763,,"WHO, UNICEF"
Thailand,764,2000,"Drinking water, Unimproved",6.6105540417014,,"WHO, UNICEF"
Thailand,764,2000,"Drinking water, On premises",86.308635707332,,"WHO, UNICEF"
Thailand,764,2000,"Drinking water, Available",91.833034929823,,"WHO, UNICEF"
Thailand,764,2000,"Drinking water, Limited",0.29079360867037,,"WHO, UNICEF"
Thailand,764,2000,"Drinking water, Basic service",92.0,,"WHO, UNICEF"
Thailand,764,2000,"Drinking water, At least basic service",92.291267226131,,"WHO, UNICEF"
Thailand,764,2000,"Drinking water, Available",97.915646518586,,"WHO, UNICEF"
Thailand,764,2000,"Drinking water, On premises",95.826825104095,,"WHO, UNICEF"
Thailand,764,2000,"Drinking water, Unimproved",1.8031569346468,,"WHO, UNICEF"
Thailand,764,2000,"Drinking water, Surface water",0.093760797787252,,"WHO, UNICEF"
Thailand,764,2000,"Drinking water, At least basic service",98.103082267566,,"WHO, UNICEF"
Thailand,764,2000,"Drinking water, Basic service",98.0,,"WHO, UNICEF"
Thailand,764,2000,"Drinking water, Limited",0.0,,"WHO, UNICEF"
Viet Nam,704,2000,"Drinking water, Surface water",1.6439439508114,,"WHO, UNICEF"
Viet Nam,704,2000,"Drinking water, Basic service",95.0,,"WHO, UNICEF"
Viet Nam,704,2000,"Drinking water, Limited",1.1286014326452,,"WHO, UNICEF"
Viet Nam,704,2000,"Drinking water, Available",96.078977300399,,"WHO, UNICEF"
Viet Nam,704,2000,"Drinking water, Free of contamination",73.457066800248,,"WHO, UNICEF"
Viet Nam,704,2000,"Drinking water, Safely managed service",73.0,,"WHO, UNICEF"
Viet Nam,704,2000,"Drinking water, On premises",88.880101837936,,"WHO, UNICEF"
Viet Nam,704,2000,"Drinking water, Unimproved",2.2770787487891,,"WHO, UNICEF"
Viet Nam,704,2000,"Drinking water, Free of contamination",36.673336967748,,"WHO, UNICEF"
Viet Nam,704,2000,"Drinking water, Available",73.982019904452,,"WHO, UNICEF"
Viet Nam,704,2000,"Drinking water, Basic service",76.0,,"WHO, UNICEF"
Viet Nam,704,2000,"Drinking water, Limited",0.91080241659999,,"WHO, UNICEF"
Viet Nam,704,2000,"Drinking water, Surface water",11.140479029371,,"WHO, UNICEF"
Viet Nam,704,2000,"Drinking water, Unimproved",12.000674440556,,"WHO, UNICEF"
Viet Nam,704,2000,"Drinking water, On premises",59.965929182324,,"WHO, UNICEF"
Viet Nam,704,2000,"Drinking water, Safely managed service",37.0,,"WHO, UNICEF"
Viet Nam,704,2000,"Drinking water, Surface water",8.8257933838191,,"WHO, UNICEF"
Viet Nam,704,2000,"Drinking water, Unimproved",9.6306467668515,,"WHO, UNICEF"
Viet Nam,704,2000,"Drinking water, On premises",67.013468556149,,"WHO, UNICEF"
Viet Nam,704,2000,"Drinking water, Safely managed service",46.0,,"WHO, UNICEF"
Viet Nam,704,2000,"Drinking water, Free of contamination",45.639002606315,,"WHO, UNICEF"
Viet Nam,704,2000,"Drinking water, Available",79.367930992965,,"WHO, UNICEF"
Viet Nam,704,2000,"Drinking water, Limited",0.96388873272599,,"WHO, UNICEF"
Viet Nam,704,2000,"Drinking water, Basic service",81.0,,"WHO, UNICEF"
Brunei Darussalam,96,2001,"Drinking water, On premises",99.781114234493,,"WHO, UNICEF"
Brunei Darussalam,96,2001,"Drinking water, At least basic service",99.900016208937,,"WHO, UNICEF"
Brunei Darussalam,96,2001,"Drinking water, Basic service",100.0,,"WHO, UNICEF"
Brunei Darussalam,96,2001,"Drinking water, Limited",0.0,,"WHO, UNICEF"
Brunei Darussalam,96,2001,"Drinking water, Unimproved",0.0,,"WHO, UNICEF"
Brunei Darussalam,96,2001,"Drinking water, Surface water",0.099983791062905,,"WHO, UNICEF"
Cambodia,116,2001,"Drinking water, Basic service",54.0,,"WHO, UNICEF"
Cambodia,116,2001,"Drinking water, Limited",0.0,,"WHO, UNICEF"
Cambodia,116,2001,"Drinking water, Available",47.179228822042,,"WHO, UNICEF"
Cambodia,116,2001,"Drinking water, Free of contamination",17.445349637652,,"WHO, UNICEF"
Cambodia,116,2001,"Drinking water, Safely managed service",18.0,,"WHO, UNICEF"
Cambodia,116,2001,"Drinking water, On premises",41.723453498349,,"WHO, UNICEF"
Cambodia,116,2001,"Drinking water, Surface water",24.152722662663,,"WHO, UNICEF"
Cambodia,116,2001,"Drinking water, Unimproved",22.23885135007,,"WHO, UNICEF"
Cambodia,116,2001,"Drinking water, On premises",34.274695378815,,"WHO, UNICEF"
Cambodia,116,2001,"Drinking water, Surface water",27.267382979298,,"WHO, UNICEF"
Cambodia,116,2001,"Drinking water, Unimproved",25.304516517812,,"WHO, UNICEF"
Cambodia,116,2001,"Drinking water, Safely managed service",11.0,,"WHO, UNICEF"
Cambodia,116,2001,"Drinking water, Free of contamination",10.813606914659,,"WHO, UNICEF"
Cambodia,116,2001,"Drinking water, Limited",0.0,,"WHO, UNICEF"
Cambodia,116,2001,"Drinking water, Basic service",48.0,,"WHO, UNICEF"
Cambodia,116,2001,"Drinking water, Available",41.904237379305,,"WHO, UNICEF"
Cambodia,116,2001,"Drinking water, Surface water",10.614115543378,,"WHO, UNICEF"
Cambodia,116,2001,"Drinking water, Unimproved",8.9132193254298,,"WHO, UNICEF"
Cambodia,116,2001,"Drinking water, On premises",74.101234968684,,"WHO, UNICEF"
Cambodia,116,2001,"Drinking water, Safely managed service",47.0,,"WHO, UNICEF"
Cambodia,116,2001,"Drinking water, Free of contamination",46.271782450435,,"WHO, UNICEF"
Cambodia,116,2001,"Drinking water, Available",70.108220414686,,"WHO, UNICEF"
Cambodia,116,2001,"Drinking water, Limited",0.0,,"WHO, UNICEF"
Cambodia,116,2001,"Drinking water, Basic service",82.0,,"WHO, UNICEF"
Indonesia,360,2001,"Drinking water, Free of contamination",23.877439493057,,"WHO, UNICEF"
Indonesia,360,2001,"Drinking water, Safely managed service",24.0,,"WHO, UNICEF"
Indonesia,360,2001,"Drinking water, Limited",0.59789472635373,,"WHO, UNICEF"
Indonesia,360,2001,"Drinking water, Basic service",77.0,,"WHO, UNICEF"
Indonesia,360,2001,"Drinking water, On premises",58.450615621844,,"WHO, UNICEF"
Indonesia,360,2001,"Drinking water, Unimproved",19.468606446443,,"WHO, UNICEF"
Indonesia,360,2001,"Drinking water, Surface water",3.6741830302117,,"WHO, UNICEF"
Indonesia,360,2001,"Drinking water, Available",69.833838638327,,"WHO, UNICEF"
Indonesia,360,2001,"Drinking water, Unimproved",27.197783399495,,"WHO, UNICEF"
Indonesia,360,2001,"Drinking water, Surface water",5.9329981835682,,"WHO, UNICEF"
Indonesia,360,2001,"Drinking water, On premises",46.43977635828,,"WHO, UNICEF"
Indonesia,360,2001,"Drinking water, Safely managed service",18.0,,"WHO, UNICEF"
Indonesia,360,2001,"Drinking water, Free of contamination",18.12155819099,,"WHO, UNICEF"
Indonesia,360,2001,"Drinking water, Available",60.171594156836,,"WHO, UNICEF"
Indonesia,360,2001,"Drinking water, Limited",0.5258087345955,,"WHO, UNICEF"
Indonesia,360,2001,"Drinking water, Basic service",67.0,,"WHO, UNICEF"
Indonesia,360,2001,"Drinking water, Surface water",0.65329584944845,,"WHO, UNICEF"
Indonesia,360,2001,"Drinking water, Unimproved",9.1317843259657,,"WHO, UNICEF"
Indonesia,360,2001,"Drinking water, On premises",74.513634040747,,"WHO, UNICEF"
Indonesia,360,2001,"Drinking water, Safely managed service",32.0,,"WHO, UNICEF"
Indonesia,360,2001,"Drinking water, Free of contamination",31.575221938605,,"WHO, UNICEF"
Indonesia,360,2001,"Drinking water, Available",82.755900635283,,"WHO, UNICEF"
Indonesia,360,2001,"Drinking water, Limited",0.69430086184296,,"WHO, UNICEF"
Indonesia,360,2001,"Drinking water, Basic service",90.0,,"WHO, UNICEF"
Lao People's Democratic Republic,418,2001,"Drinking water, Surface water",30.033888939886,,"WHO, UNICEF"
Lao People's Democratic Republic,418,2001,"Drinking water, Basic service",42.0,,"WHO, UNICEF"
Lao People's Democratic Republic,418,2001,"Drinking water, Limited",0.77640419507614,,"WHO, UNICEF"
Lao People's Democratic Republic,418,2001,"Drinking water, Available",38.722586003101,,"WHO, UNICEF"
Lao People's Democratic Republic,418,2001,"Drinking water, Free of contamination",5.9784222612807,,"WHO, UNICEF"
Lao People's Democratic Republic,418,2001,"Drinking water, Safely managed service",4.0,,"WHO, UNICEF"
Lao People's Democratic Republic,418,2001,"Drinking water, On premises",2.1747145121815,,"WHO, UNICEF"
Lao People's Democratic Republic,418,2001,"Drinking water, Unimproved",29.371602669971,,"WHO, UNICEF"
Lao People's Democratic Republic,418,2001,"Drinking water, On premises",36.362448136322,,"WHO, UNICEF"
Lao People's Democratic Republic,418,2001,"Drinking water, Unimproved",17.457244041799,,"WHO, UNICEF"
Lao People's Democratic Republic,418,2001,"Drinking water, Surface water",4.4724284820807,,"WHO, UNICEF"
Lao People's Democratic Republic,418,2001,"Drinking water, Free of contamination",21.706424026413,,"WHO, UNICEF"
Lao People's Democratic Republic,418,2001,"Drinking water, Safely managed service",17.0,,"WHO, UNICEF"
Lao People's Democratic Republic,418,2001,"Drinking water, Basic service",80.0,,"WHO, UNICEF"
Lao People's Democratic Republic,418,2001,"Drinking water, Limited",0.38493101482912,,"WHO, UNICEF"
Lao People's Democratic Republic,418,2001,"Drinking water, Available",76.671736594549,,"WHO, UNICEF"
Lao People's Democratic Republic,418,2001,"Drinking water, Basic service",51.0,,"WHO, UNICEF"
Lao People's Democratic Republic,418,2001,"Drinking water, Surface water",24.156541133407,,"WHO, UNICEF"
Lao People's Democratic Republic,418,2001,"Drinking water, Unimproved",26.632136893685,,"WHO, UNICEF"
Lao People's Democratic Republic,418,2001,"Drinking water, On premises",10.035500080734,,"WHO, UNICEF"
Lao People's Democratic Republic,418,2001,"Drinking water, Safely managed service",7.0,,"WHO, UNICEF"
Lao People's Democratic Republic,418,2001,"Drinking water, Free of contamination",9.5947615042635,,"WHO, UNICEF"
Lao People's Democratic Republic,418,2001,"Drinking water, Available",47.448232771951,,"WHO, UNICEF"
Lao People's Democratic Republic,418,2001,"Drinking water, Limited",0.68639273610698,,"WHO, UNICEF"
Malaysia,458,2001,"Drinking water, At least basic service",92.936720299841,,"WHO, UNICEF"
Malaysia,458,2001,"Drinking water, Basic service",92.0,,"WHO, UNICEF"
Malaysia,458,2001,"Drinking water, Limited",0.56098623923444,,"WHO, UNICEF"
Malaysia,458,2001,"Drinking water, On premises",84.708922124402,,"WHO, UNICEF"
Malaysia,458,2001,"Drinking water, Surface water",2.1,,"WHO, UNICEF"
Malaysia,458,2001,"Drinking water, Unimproved",4.402293460925,,"WHO, UNICEF"
Malaysia,458,2001,"Drinking water, Basic service",96.0,,"WHO, UNICEF"
Malaysia,458,2001,"Drinking water, Limited",0.39600524959196,,"WHO, UNICEF"
Malaysia,458,2001,"Drinking water, Free of contamination",96.821715441613,,"WHO, UNICEF"
Malaysia,458,2001,"Drinking water, Safely managed service",92.0,,"WHO, UNICEF"
Malaysia,458,2001,"Drinking water, On premises",92.697276615217,,"WHO, UNICEF"
Malaysia,458,2001,"Drinking water, Surface water",0.83526782554397,,"WHO, UNICEF"
Malaysia,458,2001,"Drinking water, Unimproved",1.8300630264329,,"WHO, UNICEF"
Malaysia,458,2001,"Drinking water, At least basic service",99.296882459384,,"WHO, UNICEF"
Malaysia,458,2001,"Drinking water, Surface water",0.09,,"WHO, UNICEF"
Malaysia,458,2001,"Drinking water, Unimproved",0.31433053221287,,"WHO, UNICEF"
Malaysia,458,2001,"Drinking water, On premises",97.404564739496,,"WHO, UNICEF"
Malaysia,458,2001,"Drinking water, Limited",0.29878700840337,,"WHO, UNICEF"
Malaysia,458,2001,"Drinking water, Basic service",98.0,,"WHO, UNICEF"
Myanmar,104,2001,"Drinking water, Surface water",19.264934423759,,"WHO, UNICEF"
Myanmar,104,2001,"Drinking water, Unimproved",19.725040138764,,"WHO, UNICEF"
Myanmar,104,2001,"Drinking water, On premises",20.036011966623,,"WHO, UNICEF"
Myanmar,104,2001,"Drinking water, Safely managed service",20.0,,"WHO, UNICEF"
Myanmar,104,2001,"Drinking water, Free of contamination",39.351466407173,,"WHO, UNICEF"
Myanmar,104,2001,"Drinking water, Available",51.553471494668,,"WHO, UNICEF"
Myanmar,104,2001,"Drinking water, Limited",19.86150385578,,"WHO, UNICEF"
Myanmar,104,2001,"Drinking water, Basic service",41.0,,"WHO, UNICEF"
Myanmar,104,2001,"Drinking water, Surface water",5.4723798877069,,"WHO, UNICEF"
Myanmar,104,2001,"Drinking water, Basic service",70.0,,"WHO, UNICEF"
Myanmar,104,2001,"Drinking water, Limited",14.137076202031,,"WHO, UNICEF"
Myanmar,104,2001,"Drinking water, Available",78.729328566517,,"WHO, UNICEF"
Myanmar,104,2001,"Drinking water, Free of contamination",65.579494592584,,"WHO, UNICEF"
Myanmar,104,2001,"Drinking water, Safely managed service",52.0,,"WHO, UNICEF"
Myanmar,104,2001,"Drinking water, On premises",52.839649646453,,"WHO, UNICEF"
Myanmar,104,2001,"Drinking water, Unimproved",9.6899815707873,,"WHO, UNICEF"
Myanmar,104,2001,"Drinking water, Limited",18.304002074318,,"WHO, UNICEF"
Myanmar,104,2001,"Drinking water, Basic service",49.0,,"WHO, UNICEF"
Myanmar,104,2001,"Drinking water, Available",58.947479978827,,"WHO, UNICEF"
Myanmar,104,2001,"Drinking water, Free of contamination",46.487589303184,,"WHO, UNICEF"
Myanmar,104,2001,"Drinking water, Safely managed service",29.0,,"WHO, UNICEF"
Myanmar,104,2001,"Drinking water, On premises",28.961226213102,,"WHO, UNICEF"
Myanmar,104,2001,"Drinking water, Unimproved",16.994699398101,,"WHO, UNICEF"
Myanmar,104,2001,"Drinking water, Surface water",15.512256663674,,"WHO, UNICEF"
Philippines,608,2001,"Drinking water, Surface water",0.80827481949682,,"WHO, UNICEF"
Philippines,608,2001,"Drinking water, Basic service",94.0,,"WHO, UNICEF"
Philippines,608,2001,"Drinking water, Unimproved",3.1519957981653,,"WHO, UNICEF"
Philippines,608,2001,"Drinking water, On premises",60.481896739286,,"WHO, UNICEF"
Philippines,608,2001,"Drinking water, Safely managed service",60.0,,"WHO, UNICEF"
Philippines,608,2001,"Drinking water, Free of contamination",59.875620688008,,"WHO, UNICEF"
Philippines,608,2001,"Drinking water, Available",86.166441486278,,"WHO, UNICEF"
Philippines,608,2001,"Drinking water, Limited",2.5106512492706,,"WHO, UNICEF"
Philippines,608,2001,"Drinking water, Surface water",2.9588790803174,,"WHO, UNICEF"
Philippines,608,2001,"Drinking water, Unimproved",7.6752176210391,,"WHO, UNICEF"
Philippines,608,2001,"Drinking water, On premises",40.961630527909,,"WHO, UNICEF"
Philippines,608,2001,"Drinking water, Safely managed service",42.0,,"WHO, UNICEF"
Philippines,608,2001,"Drinking water, Free of contamination",43.983177414961,,"WHO, UNICEF"
Philippines,608,2001,"Drinking water, Available",79.238448716348,,"WHO, UNICEF"
Philippines,608,2001,"Drinking water, Limited",3.0200693703601,,"WHO, UNICEF"
Philippines,608,2001,"Drinking water, Basic service",87.0,,"WHO, UNICEF"
Philippines,608,2001,"Drinking water, Safely managed service",26.0,,"WHO, UNICEF"
Philippines,608,2001,"Drinking water, Basic service",81.0,,"WHO, UNICEF"
Philippines,608,2001,"Drinking water, Limited",3.4548924403363,,"WHO, UNICEF"
Philippines,608,2001,"Drinking water, Available",73.324935099318,,"WHO, UNICEF"
Philippines,608,2001,"Drinking water, On premises",24.299753744847,,"WHO, UNICEF"
Philippines,608,2001,"Drinking water, Unimproved",11.53609541372,,"WHO, UNICEF"
Philippines,608,2001,"Drinking water, Surface water",4.7945663105579,,"WHO, UNICEF"
Philippines,608,2001,"Drinking water, Free of contamination",30.417894624863,,"WHO, UNICEF"
Singapore,702,2001,"Drinking water, Surface water",0.0,,"WHO, UNICEF"
Singapore,702,2001,"Drinking water, Unimproved",0.0,,"WHO, UNICEF"
Singapore,702,2001,"Drinking water, On premises",100.0,,"WHO, UNICEF"
Singapore,702,2001,"Drinking water, Safely managed service",100.0,,"WHO, UNICEF"
Singapore,702,2001,"Drinking water, Free of contamination",100.0,,"WHO, UNICEF"
Singapore,702,2001,"Drinking water, Limited",0.0,,"WHO, UNICEF"
Singapore,702,2001,"Drinking water, Basic service",100.0,,"WHO, UNICEF"
Singapore,702,2001,"Drinking water, Limited",0.0,,"WHO, UNICEF"
Singapore,702,2001,"Drinking water, Surface water",0.0,,"WHO, UNICEF"
Singapore,702,2001,"Drinking water, Unimproved",0.0,,"WHO, UNICEF"
Singapore,702,2001,"Drinking water, On premises",100.0,,"WHO, UNICEF"
Singapore,702,2001,"Drinking water, Safely managed service",100.0,,"WHO, UNICEF"
Singapore,702,2001,"Drinking water, Free of contamination",100.0,,"WHO, UNICEF"
Singapore,702,2001,"Drinking water, Basic service",100.0,,"WHO, UNICEF"
Thailand,764,2001,"Drinking water, Surface water",0.7974335408451,,"WHO, UNICEF"
Thailand,764,2001,"Drinking water, At least basic service",92.689901035064,,"WHO, UNICEF"
Thailand,764,2001,"Drinking water, Basic service",92.0,,"WHO, UNICEF"
Thailand,764,2001,"Drinking water, Limited",0.29204963394038,,"WHO, UNICEF"
Thailand,764,2001,"Drinking water, Available",92.229689495312,,"WHO, UNICEF"
Thailand,764,2001,"Drinking water, On premises",86.681428726974,,"WHO, UNICEF"
Thailand,764,2001,"Drinking water, Unimproved",6.2206157901507,,"WHO, UNICEF"
Thailand,764,2001,"Drinking water, Basic service",94.0,,"WHO, UNICEF"
Thailand,764,2001,"Drinking water, At least basic service",94.487883363664,,"WHO, UNICEF"
Thailand,764,2001,"Drinking water, Unimproved",4.7462271722783,,"WHO, UNICEF"
Thailand,764,2001,"Drinking water, On premises",89.693334829947,,"WHO, UNICEF"
Thailand,764,2001,"Drinking water, Available",94.116385916114,,"WHO, UNICEF"
Thailand,764,2001,"Drinking water, Limited",0.19699331838877,,"WHO, UNICEF"
Thailand,764,2001,"Drinking water, Surface water",0.56889614566915,,"WHO, UNICEF"
Thailand,764,2001,"Drinking water, Unimproved",1.6907285032704,,"WHO, UNICEF"
Thailand,764,2001,"Drinking water, On premises",95.93516231899,,"WHO, UNICEF"
Thailand,764,2001,"Drinking water, Surface water",0.095278587034313,,"WHO, UNICEF"
Thailand,764,2001,"Drinking water, At least basic service",98.213992909695,,"WHO, UNICEF"
Thailand,764,2001,"Drinking water, Basic service",98.0,,"WHO, UNICEF"
Thailand,764,2001,"Drinking water, Limited",0.0,,"WHO, UNICEF"
Thailand,764,2001,"Drinking water, Available",98.026345254842,,"WHO, UNICEF"
Viet Nam,704,2001,"Drinking water, Safely managed service",37.0,,"WHO, UNICEF"
Viet Nam,704,2001,"Drinking water, Basic service",77.0,,"WHO, UNICEF"
Viet Nam,704,2001,"Drinking water, Limited",0.89053585980092,,"WHO, UNICEF"
Viet Nam,704,2001,"Drinking water, Available",74.8734134639,,"WHO, UNICEF"
Viet Nam,704,2001,"Drinking water, Free of contamination",37.115206173519,,"WHO, UNICEF"
Viet Nam,704,2001,"Drinking water, On premises",61.637596897262,,"WHO, UNICEF"
Viet Nam,704,2001,"Drinking water, Unimproved",11.659256700985,,"WHO, UNICEF"
Viet Nam,704,2001,"Drinking water, Surface water",10.55584093981,,"WHO, UNICEF"
Viet Nam,704,2001,"Drinking water, Surface water",8.3105402399289,,"WHO, UNICEF"
Viet Nam,704,2001,"Drinking water, Unimproved",9.3083042048589,,"WHO, UNICEF"
Viet Nam,704,2001,"Drinking water, On premises",68.556804352545,,"WHO, UNICEF"
Viet Nam,704,2001,"Drinking water, Safely managed service",46.0,,"WHO, UNICEF"
Viet Nam,704,2001,"Drinking water, Free of contamination",46.203969405299,,"WHO, UNICEF"
Viet Nam,704,2001,"Drinking water, Available",80.195704673525,,"WHO, UNICEF"
Viet Nam,704,2001,"Drinking water, Limited",0.94260166434792,,"WHO, UNICEF"
Viet Nam,704,2001,"Drinking water, Basic service",81.0,,"WHO, UNICEF"
Viet Nam,704,2001,"Drinking water, Unimproved",2.2316817022438,,"WHO, UNICEF"
Viet Nam,704,2001,"Drinking water, Surface water",1.5519488011007,,"WHO, UNICEF"
Viet Nam,704,2001,"Drinking water, On premises",89.384354697539,,"WHO, UNICEF"
Viet Nam,704,2001,"Drinking water, Basic service",95.0,,"WHO, UNICEF"
Viet Nam,704,2001,"Drinking water, Limited",1.0993253080888,,"WHO, UNICEF"
Viet Nam,704,2001,"Drinking water, Available",96.216369496656,,"WHO, UNICEF"
Viet Nam,704,2001,"Drinking water, Free of contamination",73.562109839025,,"WHO, UNICEF"
Viet Nam,704,2001,"Drinking water, Safely managed service",73.0,,"WHO, UNICEF"
Brunei Darussalam,96,2002,"Drinking water, Basic service",100.0,,"WHO, UNICEF"
Brunei Darussalam,96,2002,"Drinking water, Limited",0.0,,"WHO, UNICEF"
Brunei Darussalam,96,2002,"Drinking water, On premises",99.781114234493,,"WHO, UNICEF"
Brunei Darussalam,96,2002,"Drinking water, Unimproved",0.0,,"WHO, UNICEF"
Brunei Darussalam,96,2002,"Drinking water, Surface water",0.099983791062905,,"WHO, UNICEF"
Brunei Darussalam,96,2002,"Drinking water, At least basic service",99.900016208937,,"WHO, UNICEF"
Cambodia,116,2002,"Drinking water, Surface water",10.146441270417,,"WHO, UNICEF"
Cambodia,116,2002,"Drinking water, Unimproved",8.4506342942041,,"WHO, UNICEF"
Cambodia,116,2002,"Drinking water, Basic service",82.0,,"WHO, UNICEF"
Cambodia,116,2002,"Drinking water, Limited",0.0,,"WHO, UNICEF"
Cambodia,116,2002,"Drinking water, Available",70.918667343894,,"WHO, UNICEF"
Cambodia,116,2002,"Drinking water, Free of contamination",46.806681550343,,"WHO, UNICEF"
Cambodia,116,2002,"Drinking water, Safely managed service",47.0,,"WHO, UNICEF"
Cambodia,116,2002,"Drinking water, On premises",74.019821902174,,"WHO, UNICEF"
Cambodia,116,2002,"Drinking water, Surface water",26.43168726597,,"WHO, UNICEF"
Cambodia,116,2002,"Drinking water, Unimproved",24.3014797596,,"WHO, UNICEF"
Cambodia,116,2002,"Drinking water, On premises",35.02601138506,,"WHO, UNICEF"
Cambodia,116,2002,"Drinking water, Safely managed service",11.0,,"WHO, UNICEF"
Cambodia,116,2002,"Drinking water, Free of contamination",11.23283791817,,"WHO, UNICEF"
Cambodia,116,2002,"Drinking water, Available",43.528816081539,,"WHO, UNICEF"
Cambodia,116,2002,"Drinking water, Limited",0.0,,"WHO, UNICEF"
Cambodia,116,2002,"Drinking water, Basic service",49.0,,"WHO, UNICEF"
Cambodia,116,2002,"Drinking water, Available",48.68358605639,,"WHO, UNICEF"
Cambodia,116,2002,"Drinking water, Surface water",23.366804208673,,"WHO, UNICEF"
Cambodia,116,2002,"Drinking water, Unimproved",21.318350449919,,"WHO, UNICEF"
Cambodia,116,2002,"Drinking water, On premises",42.36464636468,,"WHO, UNICEF"
Cambodia,116,2002,"Drinking water, Safely managed service",18.0,,"WHO, UNICEF"
Cambodia,116,2002,"Drinking water, Basic service",56.0,,"WHO, UNICEF"
Cambodia,116,2002,"Drinking water, Limited",0.0,,"WHO, UNICEF"
Cambodia,116,2002,"Drinking water, Free of contamination",17.927835057063,,"WHO, UNICEF"
Indonesia,360,2002,"Drinking water, Basic service",91.0,,"WHO, UNICEF"
Indonesia,360,2002,"Drinking water, Limited",0.69749972194879,,"WHO, UNICEF"
Indonesia,360,2002,"Drinking water, Available",83.137182819437,,"WHO, UNICEF"
Indonesia,360,2002,"Drinking water, Free of contamination",31.72069881087,,"WHO, UNICEF"
Indonesia,360,2002,"Drinking water, Safely managed service",32.0,,"WHO, UNICEF"
Indonesia,360,2002,"Drinking water, On premises",74.488568634916,,"WHO, UNICEF"
Indonesia,360,2002,"Drinking water, Unimproved",8.7444837821186,,"WHO, UNICEF"
Indonesia,360,2002,"Drinking water, Surface water",0.62494818682431,,"WHO, UNICEF"
Indonesia,360,2002,"Drinking water, Safely managed service",24.0,,"WHO, UNICEF"
Indonesia,360,2002,"Drinking water, Limited",0.60539413219689,,"WHO, UNICEF"
Indonesia,360,2002,"Drinking water, Available",70.724598331296,,"WHO, UNICEF"
Indonesia,360,2002,"Drinking water, Free of contamination",24.211276183527,,"WHO, UNICEF"
Indonesia,360,2002,"Drinking water, On premises",59.1235327353,,"WHO, UNICEF"
Indonesia,360,2002,"Drinking water, Unimproved",18.658166099357,,"WHO, UNICEF"
Indonesia,360,2002,"Drinking water, Basic service",78.0,,"WHO, UNICEF"
Indonesia,360,2002,"Drinking water, Surface water",3.5119886067524,,"WHO, UNICEF"
Indonesia,360,2002,"Drinking water, Surface water",5.7409113793995,,"WHO, UNICEF"
Indonesia,360,2002,"Drinking water, Basic service",68.0,,"WHO, UNICEF"
Indonesia,360,2002,"Drinking water, Limited",0.53428453696921,,"WHO, UNICEF"
Indonesia,360,2002,"Drinking water, Available",61.141533427581,,"WHO, UNICEF"
Indonesia,360,2002,"Drinking water, Free of contamination",18.413669629665,,"WHO, UNICEF"
Indonesia,360,2002,"Drinking water, Safely managed service",18.0,,"WHO, UNICEF"
Indonesia,360,2002,"Drinking water, On premises",47.261044996016,,"WHO, UNICEF"
Indonesia,360,2002,"Drinking water, Unimproved",26.311968215932,,"WHO, UNICEF"
Lao People's Democratic Republic,418,2002,"Drinking water, Surface water",28.416311065209,,"WHO, UNICEF"
Lao People's Democratic Republic,418,2002,"Drinking water, Unimproved",28.573789721432,,"WHO, UNICEF"
Lao People's Democratic Republic,418,2002,"Drinking water, On premises",4.3604578903783,,"WHO, UNICEF"
Lao People's Democratic Republic,418,2002,"Drinking water, Safely managed service",5.0,,"WHO, UNICEF"
Lao People's Democratic Republic,418,2002,"Drinking water, Free of contamination",6.33414097398,,"WHO, UNICEF"
Lao People's Democratic Republic,418,2002,"Drinking water, Available",41.026596633903,,"WHO, UNICEF"
Lao People's Democratic Republic,418,2002,"Drinking water, Limited",0.93602066298453,,"WHO, UNICEF"
Lao People's Democratic Republic,418,2002,"Drinking water, Basic service",44.0,,"WHO, UNICEF"
Lao People's Democratic Republic,418,2002,"Drinking water, Limited",0.80968317218745,,"WHO, UNICEF"
Lao People's Democratic Republic,418,2002,"Drinking water, Basic service",53.0,,"WHO, UNICEF"
Lao People's Democratic Republic,418,2002,"Drinking water, Available",49.84628428685,,"WHO, UNICEF"
Lao People's Democratic Republic,418,2002,"Drinking water, Free of contamination",10.100795069652,,"WHO, UNICEF"
Lao People's Democratic Republic,418,2002,"Drinking water, Safely managed service",8.0,,"WHO, UNICEF"
Lao People's Democratic Republic,418,2002,"Drinking water, On premises",12.858877857593,,"WHO, UNICEF"
Lao People's Democratic Republic,418,2002,"Drinking water, Unimproved",25.707563239914,,"WHO, UNICEF"
Lao People's Democratic Republic,418,2002,"Drinking water, Surface water",22.598892824007,,"WHO, UNICEF"
Lao People's Democratic Republic,418,2002,"Drinking water, Basic service",81.0,,"WHO, UNICEF"
Lao People's Democratic Republic,418,2002,"Drinking water, Limited",0.41057787497934,,"WHO, UNICEF"
Lao People's Democratic Republic,418,2002,"Drinking water, Available",77.708051477983,,"WHO, UNICEF"
Lao People's Democratic Republic,418,2002,"Drinking water, Free of contamination",21.99981362842,,"WHO, UNICEF"
Lao People's Democratic Republic,418,2002,"Drinking water, Safely managed service",17.0,,"WHO, UNICEF"
Lao People's Democratic Republic,418,2002,"Drinking water, On premises",39.705742376116,,"WHO, UNICEF"
Lao People's Democratic Republic,418,2002,"Drinking water, Unimproved",16.65302495274,,"WHO, UNICEF"
Lao People's Democratic Republic,418,2002,"Drinking water, Surface water",4.2214289741501,,"WHO, UNICEF"
Malaysia,458,2002,"Drinking water, Limited",0.29876265325078,,"WHO, UNICEF"
Malaysia,458,2002,"Drinking water, Basic service",98.0,,"WHO, UNICEF"
Malaysia,458,2002,"Drinking water, At least basic service",99.288788430341,,"WHO, UNICEF"
Malaysia,458,2002,"Drinking water, Surface water",0.09,,"WHO, UNICEF"
Malaysia,458,2002,"Drinking water, On premises",97.396624959752,,"WHO, UNICEF"
Malaysia,458,2002,"Drinking water, Unimproved",0.32244891640865,,"WHO, UNICEF"
Malaysia,458,2002,"Drinking water, Limited",0.5601159843868,,"WHO, UNICEF"
Malaysia,458,2002,"Drinking water, Basic service",93.0,,"WHO, UNICEF"
Malaysia,458,2002,"Drinking water, At least basic service",92.792548080081,,"WHO, UNICEF"
Malaysia,458,2002,"Drinking water, On premises",84.577513642407,,"WHO, UNICEF"
Malaysia,458,2002,"Drinking water, Unimproved",4.5473359355326,,"WHO, UNICEF"
Malaysia,458,2002,"Drinking water, Surface water",2.1,,"WHO, UNICEF"
Malaysia,458,2002,"Drinking water, Surface water",0.81649436431161,,"WHO, UNICEF"
Malaysia,458,2002,"Drinking water, Unimproved",1.849494752522,,"WHO, UNICEF"
Malaysia,458,2002,"Drinking water, On premises",92.763282898038,,"WHO, UNICEF"
Malaysia,458,2002,"Drinking water, Safely managed service",92.0,,"WHO, UNICEF"
Malaysia,458,2002,"Drinking water, Free of contamination",96.821060645812,,"WHO, UNICEF"
Malaysia,458,2002,"Drinking water, Limited",0.39322618872026,,"WHO, UNICEF"
Malaysia,458,2002,"Drinking water, Basic service",96.0,,"WHO, UNICEF"
Myanmar,104,2002,"Drinking water, Basic service",42.0,,"WHO, UNICEF"
Myanmar,104,2002,"Drinking water, Limited",19.173993002805,,"WHO, UNICEF"
Myanmar,104,2002,"Drinking water, Available",52.277860218788,,"WHO, UNICEF"
Myanmar,104,2002,"Drinking water, Free of contamination",39.904402178838,,"WHO, UNICEF"
Myanmar,104,2002,"Drinking water, Safely managed service",21.0,,"WHO, UNICEF"
Myanmar,104,2002,"Drinking water, On premises",21.370872577611,,"WHO, UNICEF"
Myanmar,104,2002,"Drinking water, Unimproved",19.127241839259,,"WHO, UNICEF"
Myanmar,104,2002,"Drinking water, Surface water",19.005467960993,,"WHO, UNICEF"
Myanmar,104,2002,"Drinking water, Free of contamination",65.920509335097,,"WHO, UNICEF"
Myanmar,104,2002,"Drinking water, Basic service",71.0,,"WHO, UNICEF"
Myanmar,104,2002,"Drinking water, Limited",13.459065549323,,"WHO, UNICEF"
Myanmar,104,2002,"Drinking water, Available",79.138722720531,,"WHO, UNICEF"
Myanmar,104,2002,"Drinking water, Surface water",5.4413390898345,,"WHO, UNICEF"
Myanmar,104,2002,"Drinking water, Safely managed service",54.0,,"WHO, UNICEF"
Myanmar,104,2002,"Drinking water, On premises",54.459954078234,,"WHO, UNICEF"
Myanmar,104,2002,"Drinking water, Unimproved",9.2798648751105,,"WHO, UNICEF"
Myanmar,104,2002,"Drinking water, Free of contamination",47.030475115218,,"WHO, UNICEF"
Myanmar,104,2002,"Drinking water, Basic service",50.0,,"WHO, UNICEF"
Myanmar,104,2002,"Drinking water, Limited",17.608617867608,,"WHO, UNICEF"
Myanmar,104,2002,"Drinking water, Available",59.635320469603,,"WHO, UNICEF"
Myanmar,104,2002,"Drinking water, Safely managed service",30.0,,"WHO, UNICEF"
Myanmar,104,2002,"Drinking water, On premises",30.43430328173,,"WHO, UNICEF"
Myanmar,104,2002,"Drinking water, Unimproved",16.42994438187,,"WHO, UNICEF"
Myanmar,104,2002,"Drinking water, Surface water",15.290118125295,,"WHO, UNICEF"
Philippines,608,2002,"Drinking water, Safely managed service",60.0,,"WHO, UNICEF"
Philippines,608,2002,"Drinking water, Basic service",94.0,,"WHO, UNICEF"
Philippines,608,2002,"Drinking water, Limited",2.4657692803767,,"WHO, UNICEF"
Philippines,608,2002,"Drinking water, Available",86.287653542053,,"WHO, UNICEF"
Philippines,608,2002,"Drinking water, Free of contamination",59.97269700112,,"WHO, UNICEF"
Philippines,608,2002,"Drinking water, On premises",61.934668746177,,"WHO, UNICEF"
Philippines,608,2002,"Drinking water, Unimproved",3.0431245756202,,"WHO, UNICEF"
Philippines,608,2002,"Drinking water, Surface water",0.76143687805327,,"WHO, UNICEF"
Philippines,608,2002,"Drinking water, Basic service",81.0,,"WHO, UNICEF"
Philippines,608,2002,"Drinking water, Surface water",4.5131495807792,,"WHO, UNICEF"
Philippines,608,2002,"Drinking water, Unimproved",11.220032386812,,"WHO, UNICEF"
Philippines,608,2002,"Drinking water, On premises",26.393511526354,,"WHO, UNICEF"
Philippines,608,2002,"Drinking water, Safely managed service",28.0,,"WHO, UNICEF"
Philippines,608,2002,"Drinking water, Free of contamination",30.635107724117,,"WHO, UNICEF"
Philippines,608,2002,"Drinking water, Available",73.913182984829,,"WHO, UNICEF"
Philippines,608,2002,"Drinking water, Limited",3.4812381103327,,"WHO, UNICEF"
Philippines,608,2002,"Drinking water, Basic service",87.0,,"WHO, UNICEF"
Philippines,608,2002,"Drinking water, Limited",3.0144777792203,,"WHO, UNICEF"
Philippines,608,2002,"Drinking water, Available",79.601106977908,,"WHO, UNICEF"
Philippines,608,2002,"Drinking water, Free of contamination",44.120130321495,,"WHO, UNICEF"
Philippines,608,2002,"Drinking water, Safely managed service",43.0,,"WHO, UNICEF"
Philippines,608,2002,"Drinking water, On premises",42.730004284835,,"WHO, UNICEF"
Philippines,608,2002,"Drinking water, Unimproved",7.4615184646817,,"WHO, UNICEF"
Philippines,608,2002,"Drinking water, Surface water",2.7886747020753,,"WHO, UNICEF"
Singapore,702,2002,"Drinking water, Basic service",100.0,,"WHO, UNICEF"
Singapore,702,2002,"Drinking water, Surface water",0.0,,"WHO, UNICEF"
Singapore,702,2002,"Drinking water, Unimproved",0.0,,"WHO, UNICEF"
Singapore,702,2002,"Drinking water, On premises",100.0,,"WHO, UNICEF"
Singapore,702,2002,"Drinking water, Safely managed service",100.0,,"WHO, UNICEF"
Singapore,702,2002,"Drinking water, Free of contamination",100.0,,"WHO, UNICEF"
Singapore,702,2002,"Drinking water, Limited",0.0,,"WHO, UNICEF"
Singapore,702,2002,"Drinking water, Surface water",0.0,,"WHO, UNICEF"
Singapore,702,2002,"Drinking water, Unimproved",0.0,,"WHO, UNICEF"
Singapore,702,2002,"Drinking water, On premises",100.0,,"WHO, UNICEF"
Singapore,702,2002,"Drinking water, Safely managed service",100.0,,"WHO, UNICEF"
Singapore,702,2002,"Drinking water, Free of contamination",100.0,,"WHO, UNICEF"
Singapore,702,2002,"Drinking water, Limited",0.0,,"WHO, UNICEF"
Singapore,702,2002,"Drinking water, Basic service",100.0,,"WHO, UNICEF"
Thailand,764,2002,"Drinking water, Limited",0.2933056592104,,"WHO, UNICEF"
Thailand,764,2002,"Drinking water, Surface water",0.78748195819258,,"WHO, UNICEF"
Thailand,764,2002,"Drinking water, Unimproved",5.8306775386,,"WHO, UNICEF"
Thailand,764,2002,"Drinking water, On premises",87.054221746617,,"WHO, UNICEF"
Thailand,764,2002,"Drinking water, Available",92.6263440608,,"WHO, UNICEF"
Thailand,764,2002,"Drinking water, Basic service",93.0,,"WHO, UNICEF"
Thailand,764,2002,"Drinking water, At least basic service",93.088534843997,,"WHO, UNICEF"
Thailand,764,2002,"Drinking water, Unimproved",1.5783000718939,,"WHO, UNICEF"
Thailand,764,2002,"Drinking water, On premises",96.043499533885,,"WHO, UNICEF"
Thailand,764,2002,"Drinking water, Available",98.137043991099,,"WHO, UNICEF"
Thailand,764,2002,"Drinking water, Limited",0.0,,"WHO, UNICEF"
Thailand,764,2002,"Drinking water, Basic service",98.0,,"WHO, UNICEF"
Thailand,764,2002,"Drinking water, At least basic service",98.324903551825,,"WHO, UNICEF"
Thailand,764,2002,"Drinking water, Surface water",0.096796376281374,,"WHO, UNICEF"
Thailand,764,2002,"Drinking water, Surface water",0.55448607886233,,"WHO, UNICEF"
Thailand,764,2002,"Drinking water, Unimproved",4.3961803719553,,"WHO, UNICEF"
Thailand,764,2002,"Drinking water, On premises",90.086664900486,,"WHO, UNICEF"
Thailand,764,2002,"Drinking water, Available",94.485323736524,,"WHO, UNICEF"
Thailand,764,2002,"Drinking water, At least basic service",94.854971623278,,"WHO, UNICEF"
Thailand,764,2002,"Drinking water, Basic service",94.0,,"WHO, UNICEF"
Thailand,764,2002,"Drinking water, Limited",0.19436192590457,,"WHO, UNICEF"
Viet Nam,704,2002,"Drinking water, Surface water",7.7998980036122,,"WHO, UNICEF"
Viet Nam,704,2002,"Drinking water, Unimproved",8.9882897495726,,"WHO, UNICEF"
Viet Nam,704,2002,"Drinking water, On premises",70.107028645678,,"WHO, UNICEF"
Viet Nam,704,2002,"Drinking water, Safely managed service",47.0,,"WHO, UNICEF"
Viet Nam,704,2002,"Drinking water, Free of contamination",46.7691161732,,"WHO, UNICEF"
Viet Nam,704,2002,"Drinking water, Available",81.017253718993,,"WHO, UNICEF"
Viet Nam,704,2002,"Drinking water, Limited",0.92065853144142,,"WHO, UNICEF"
Viet Nam,704,2002,"Drinking water, Basic service",82.0,,"WHO, UNICEF"
Viet Nam,704,2002,"Drinking water, On premises",89.889684674353,,"WHO, UNICEF"
Viet Nam,704,2002,"Drinking water, Basic service",95.0,,"WHO, UNICEF"
Viet Nam,704,2002,"Drinking water, Limited",1.0699609647157,,"WHO, UNICEF"
Viet Nam,704,2002,"Drinking water, Available",96.353761692912,,"WHO, UNICEF"
Viet Nam,704,2002,"Drinking water, Free of contamination",73.667152877802,,"WHO, UNICEF"
Viet Nam,704,2002,"Drinking water, Surface water",1.45995365139,,"WHO, UNICEF"
Viet Nam,704,2002,"Drinking water, Unimproved",2.1862846556984,,"WHO, UNICEF"
Viet Nam,704,2002,"Drinking water, Safely managed service",74.0,,"WHO, UNICEF"
Viet Nam,704,2002,"Drinking water, Limited",0.86952544248514,,"WHO, UNICEF"
Viet Nam,704,2002,"Drinking water, Surface water",9.9712028502486,,"WHO, UNICEF"
Viet Nam,704,2002,"Drinking water, Basic service",78.0,,"WHO, UNICEF"
Viet Nam,704,2002,"Drinking water, Available",75.764807023348,,"WHO, UNICEF"
Viet Nam,704,2002,"Drinking water, Free of contamination",37.55707537929,,"WHO, UNICEF"
Viet Nam,704,2002,"Drinking water, Safely managed service",38.0,,"WHO, UNICEF"
Viet Nam,704,2002,"Drinking water, On premises",63.331864546797,,"WHO, UNICEF"
Viet Nam,704,2002,"Drinking water, Unimproved",11.317838961414,,"WHO, UNICEF"
Brunei Darussalam,96,2003,"Drinking water, Surface water",0.099983791062905,,"WHO, UNICEF"
Brunei Darussalam,96,2003,"Drinking water, Unimproved",0.0,,"WHO, UNICEF"
Brunei Darussalam,96,2003,"Drinking water, On premises",99.781114234493,,"WHO, UNICEF"
Brunei Darussalam,96,2003,"Drinking water, Limited",0.0,,"WHO, UNICEF"
Brunei Darussalam,96,2003,"Drinking water, Basic service",100.0,,"WHO, UNICEF"
Brunei Darussalam,96,2003,"Drinking water, At least basic service",99.900016208937,,"WHO, UNICEF"
Cambodia,116,2003,"Drinking water, On premises",42.964889931094,,"WHO, UNICEF"
Cambodia,116,2003,"Drinking water, Available",50.186039507345,,"WHO, UNICEF"
Cambodia,116,2003,"Drinking water, Safely managed service",19.0,,"WHO, UNICEF"
Cambodia,116,2003,"Drinking water, Free of contamination",18.410591944246,,"WHO, UNICEF"
Cambodia,116,2003,"Drinking water, Unimproved",20.399112509219,,"WHO, UNICEF"
Cambodia,116,2003,"Drinking water, Surface water",22.581747149264,,"WHO, UNICEF"
Cambodia,116,2003,"Drinking water, Limited",0.0,,"WHO, UNICEF"
Cambodia,116,2003,"Drinking water, Basic service",57.0,,"WHO, UNICEF"
Cambodia,116,2003,"Drinking water, Surface water",25.595991552642,,"WHO, UNICEF"
Cambodia,116,2003,"Drinking water, Unimproved",23.298443001389,,"WHO, UNICEF"
Cambodia,116,2003,"Drinking water, On premises",35.734222507354,,"WHO, UNICEF"
Cambodia,116,2003,"Drinking water, Safely managed service",12.0,,"WHO, UNICEF"
Cambodia,116,2003,"Drinking water, Free of contamination",11.652068921681,,"WHO, UNICEF"
Cambodia,116,2003,"Drinking water, Available",45.153394783773,,"WHO, UNICEF"
Cambodia,116,2003,"Drinking water, Limited",0.0,,"WHO, UNICEF"
Cambodia,116,2003,"Drinking water, Basic service",51.0,,"WHO, UNICEF"
Cambodia,116,2003,"Drinking water, Basic service",83.0,,"WHO, UNICEF"
Cambodia,116,2003,"Drinking water, Limited",0.0,,"WHO, UNICEF"
Cambodia,116,2003,"Drinking water, Available",71.729114273102,,"WHO, UNICEF"
Cambodia,116,2003,"Drinking water, Free of contamination",47.341580650251,,"WHO, UNICEF"
Cambodia,116,2003,"Drinking water, Safely managed service",48.0,,"WHO, UNICEF"
Cambodia,116,2003,"Drinking water, On premises",73.91696978005,,"WHO, UNICEF"
Cambodia,116,2003,"Drinking water, Unimproved",7.9880492629782,,"WHO, UNICEF"
Cambodia,116,2003,"Drinking water, Surface water",9.6787669974556,,"WHO, UNICEF"
Indonesia,360,2003,"Drinking water, Basic service",79.0,,"WHO, UNICEF"
Indonesia,360,2003,"Drinking water, Limited",0.6128154384224,,"WHO, UNICEF"
Indonesia,360,2003,"Drinking water, Available",71.60675964563,,"WHO, UNICEF"
Indonesia,360,2003,"Drinking water, Free of contamination",24.543206239917,,"WHO, UNICEF"
Indonesia,360,2003,"Drinking water, Safely managed service",25.0,,"WHO, UNICEF"
Indonesia,360,2003,"Drinking water, On premises",59.783739767758,,"WHO, UNICEF"
Indonesia,360,2003,"Drinking water, Unimproved",17.855039192858,,"WHO, UNICEF"
Indonesia,360,2003,"Drinking water, Surface water",3.3522160990786,,"WHO, UNICEF"
Indonesia,360,2003,"Drinking water, Basic service",69.0,,"WHO, UNICEF"
Indonesia,360,2003,"Drinking water, Surface water",5.5488245752308,,"WHO, UNICEF"
Indonesia,360,2003,"Drinking water, Unimproved",25.426153032371,,"WHO, UNICEF"
Indonesia,360,2003,"Drinking water, On premises",48.084619605665,,"WHO, UNICEF"
Indonesia,360,2003,"Drinking water, Safely managed service",19.0,,"WHO, UNICEF"
Indonesia,360,2003,"Drinking water, Free of contamination",18.70578106834,,"WHO, UNICEF"
Indonesia,360,2003,"Drinking water, Available",62.111472698325,,"WHO, UNICEF"
Indonesia,360,2003,"Drinking water, Limited",0.54276033934293,,"WHO, UNICEF"
Indonesia,360,2003,"Drinking water, Surface water",0.59660052420018,,"WHO, UNICEF"
Indonesia,360,2003,"Drinking water, Unimproved",8.3571832382716,,"WHO, UNICEF"
Indonesia,360,2003,"Drinking water, On premises",74.460124379324,,"WHO, UNICEF"
Indonesia,360,2003,"Drinking water, Safely managed service",32.0,,"WHO, UNICEF"
Indonesia,360,2003,"Drinking water, Free of contamination",31.866175683135,,"WHO, UNICEF"
Indonesia,360,2003,"Drinking water, Available",83.51846500359,,"WHO, UNICEF"
Indonesia,360,2003,"Drinking water, Limited",0.7006985820546,,"WHO, UNICEF"
Indonesia,360,2003,"Drinking water, Basic service",91.0,,"WHO, UNICEF"
Lao People's Democratic Republic,418,2003,"Drinking water, Unimproved",15.848805863682,,"WHO, UNICEF"
Lao People's Democratic Republic,418,2003,"Drinking water, On premises",43.125100116288,,"WHO, UNICEF"
Lao People's Democratic Republic,418,2003,"Drinking water, Safely managed service",17.0,,"WHO, UNICEF"
Lao People's Democratic Republic,418,2003,"Drinking water, Free of contamination",22.293203230427,,"WHO, UNICEF"
Lao People's Democratic Republic,418,2003,"Drinking water, Available",78.744366361416,,"WHO, UNICEF"
Lao People's Democratic Republic,418,2003,"Drinking water, Limited",0.43677001855875,,"WHO, UNICEF"
Lao People's Democratic Republic,418,2003,"Drinking water, Basic service",82.0,,"WHO, UNICEF"
Lao People's Democratic Republic,418,2003,"Drinking water, Surface water",3.9704294662194,,"WHO, UNICEF"
Lao People's Democratic Republic,418,2003,"Drinking water, Surface water",26.798733190533,,"WHO, UNICEF"
Lao People's Democratic Republic,418,2003,"Drinking water, Unimproved",27.775976772893,,"WHO, UNICEF"
Lao People's Democratic Republic,418,2003,"Drinking water, On premises",6.7771658408526,,"WHO, UNICEF"
Lao People's Democratic Republic,418,2003,"Drinking water, Safely managed service",5.0,,"WHO, UNICEF"
Lao People's Democratic Republic,418,2003,"Drinking water, Free of contamination",6.6898596866794,,"WHO, UNICEF"
Lao People's Democratic Republic,418,2003,"Drinking water, Available",43.330607264705,,"WHO, UNICEF"
Lao People's Democratic Republic,418,2003,"Drinking water, Limited",1.1083762365726,,"WHO, UNICEF"
Lao People's Democratic Republic,418,2003,"Drinking water, Basic service",46.0,,"WHO, UNICEF"
Lao People's Democratic Republic,418,2003,"Drinking water, Basic service",55.0,,"WHO, UNICEF"
Lao People's Democratic Republic,418,2003,"Drinking water, Limited",0.93962843520107,,"WHO, UNICEF"
Lao People's Democratic Republic,418,2003,"Drinking water, Available",52.228668541673,,"WHO, UNICEF"
Lao People's Democratic Republic,418,2003,"Drinking water, Free of contamination",10.610355986495,,"WHO, UNICEF"
Lao People's Democratic Republic,418,2003,"Drinking water, Safely managed service",8.0,,"WHO, UNICEF"
Lao People's Democratic Republic,418,2003,"Drinking water, On premises",15.909948365864,,"WHO, UNICEF"
Lao People's Democratic Republic,418,2003,"Drinking water, Unimproved",24.779156347783,,"WHO, UNICEF"
Lao People's Democratic Republic,418,2003,"Drinking water, Surface water",21.062892925856,,"WHO, UNICEF"
Malaysia,458,2003,"Drinking water, Free of contamination",96.822324640472,,"WHO, UNICEF"
Malaysia,458,2003,"Drinking water, Limited",0.39048900834038,,"WHO, UNICEF"
Malaysia,458,2003,"Drinking water, Basic service",96.0,,"WHO, UNICEF"
Malaysia,458,2003,"Drinking water, Surface water",0.7979219332402,,"WHO, UNICEF"
Malaysia,458,2003,"Drinking water, Unimproved",1.8667964923907,,"WHO, UNICEF"
Malaysia,458,2003,"Drinking water, On premises",92.830309452918,,"WHO, UNICEF"
Malaysia,458,2003,"Drinking water, Safely managed service",92.0,,"WHO, UNICEF"
Malaysia,458,2003,"Drinking water, At least basic service",92.648375860321,,"WHO, UNICEF"
Malaysia,458,2003,"Drinking water, Surface water",2.1,,"WHO, UNICEF"
Malaysia,458,2003,"Drinking water, Unimproved",4.6923784101401,,"WHO, UNICEF"
Malaysia,458,2003,"Drinking water, On premises",84.446105160413,,"WHO, UNICEF"
Malaysia,458,2003,"Drinking water, Limited",0.55924572953914,,"WHO, UNICEF"
Malaysia,458,2003,"Drinking water, Basic service",93.0,,"WHO, UNICEF"
Malaysia,458,2003,"Drinking water, At least basic service",99.280694401297,,"WHO, UNICEF"
Malaysia,458,2003,"Drinking water, Surface water",0.09,,"WHO, UNICEF"
Malaysia,458,2003,"Drinking water, Basic service",98.0,,"WHO, UNICEF"
Malaysia,458,2003,"Drinking water, Limited",0.29873829809819,,"WHO, UNICEF"
Malaysia,458,2003,"Drinking water, On premises",97.388685180009,,"WHO, UNICEF"
Malaysia,458,2003,"Drinking water, Unimproved",0.33056730060443,,"WHO, UNICEF"
Myanmar,104,2003,"Drinking water, Available",60.322271016077,,"WHO, UNICEF"
Myanmar,104,2003,"Drinking water, Limited",16.891665522323,,"WHO, UNICEF"
Myanmar,104,2003,"Drinking water, Basic service",52.0,,"WHO, UNICEF"
Myanmar,104,2003,"Drinking water, Free of contamination",47.572841531892,,"WHO, UNICEF"
Myanmar,104,2003,"Drinking water, Safely managed service",32.0,,"WHO, UNICEF"
Myanmar,104,2003,"Drinking water, On premises",31.93373856325,,"WHO, UNICEF"
Myanmar,104,2003,"Drinking water, Unimproved",15.865784246845,,"WHO, UNICEF"
Myanmar,104,2003,"Drinking water, Surface water",15.068680871492,,"WHO, UNICEF"
Myanmar,104,2003,"Drinking water, Basic service",44.0,,"WHO, UNICEF"
Myanmar,104,2003,"Drinking water, Surface water",18.746001498227,,"WHO, UNICEF"
Myanmar,104,2003,"Drinking water, Unimproved",18.529443539753,,"WHO, UNICEF"
Myanmar,104,2003,"Drinking water, On premises",22.734924155527,,"WHO, UNICEF"
Myanmar,104,2003,"Drinking water, Safely managed service",23.0,,"WHO, UNICEF"
Myanmar,104,2003,"Drinking water, Free of contamination",40.457337950503,,"WHO, UNICEF"
Myanmar,104,2003,"Drinking water, Available",53.002248942907,,"WHO, UNICEF"
Myanmar,104,2003,"Drinking water, Limited",18.459695047237,,"WHO, UNICEF"
Myanmar,104,2003,"Drinking water, Surface water",5.4102982919622,,"WHO, UNICEF"
Myanmar,104,2003,"Drinking water, Unimproved",8.8697481794338,,"WHO, UNICEF"
Myanmar,104,2003,"Drinking water, On premises",56.094179761812,,"WHO, UNICEF"
Myanmar,104,2003,"Drinking water, Safely managed service",56.0,,"WHO, UNICEF"
Myanmar,104,2003,"Drinking water, Free of contamination",66.261524077611,,"WHO, UNICEF"
Myanmar,104,2003,"Drinking water, Available",79.548116874545,,"WHO, UNICEF"
Myanmar,104,2003,"Drinking water, Limited",12.773279450741,,"WHO, UNICEF"
Myanmar,104,2003,"Drinking water, Basic service",73.0,,"WHO, UNICEF"
Philippines,608,2003,"Drinking water, Basic service",94.0,,"WHO, UNICEF"
Philippines,608,2003,"Drinking water, Limited",2.420728835138,,"WHO, UNICEF"
Philippines,608,2003,"Drinking water, Available",86.408805740673,,"WHO, UNICEF"
Philippines,608,2003,"Drinking water, Free of contamination",60.069773314231,,"WHO, UNICEF"
Philippines,608,2003,"Drinking water, Safely managed service",60.0,,"WHO, UNICEF"
Philippines,608,2003,"Drinking water, On premises",63.391826432704,,"WHO, UNICEF"
Philippines,608,2003,"Drinking water, Unimproved",2.9342533530752,,"WHO, UNICEF"
Philippines,608,2003,"Drinking water, Surface water",0.71459893660973,,"WHO, UNICEF"
Philippines,608,2003,"Drinking water, Surface water",4.2317328510005,,"WHO, UNICEF"
Philippines,608,2003,"Drinking water, Unimproved",10.903969359905,,"WHO, UNICEF"
Philippines,608,2003,"Drinking water, On premises",28.514499504379,,"WHO, UNICEF"
Philippines,608,2003,"Drinking water, Safely managed service",30.0,,"WHO, UNICEF"
Philippines,608,2003,"Drinking water, Free of contamination",30.85232082337,,"WHO, UNICEF"
Philippines,608,2003,"Drinking water, Available",74.502347468001,,"WHO, UNICEF"
Philippines,608,2003,"Drinking water, Limited",3.5076075245261,,"WHO, UNICEF"
Philippines,608,2003,"Drinking water, Basic service",82.0,,"WHO, UNICEF"
Philippines,608,2003,"Drinking water, Surface water",2.6180718306784,,"WHO, UNICEF"
Philippines,608,2003,"Drinking water, Unimproved",7.2474649645431,,"WHO, UNICEF"
Philippines,608,2003,"Drinking water, On premises",44.516216001904,,"WHO, UNICEF"
Philippines,608,2003,"Drinking water, Safely managed service",44.0,,"WHO, UNICEF"
Philippines,608,2003,"Drinking water, Free of contamination",44.257287017814,,"WHO, UNICEF"
Philippines,608,2003,"Drinking water, Available",79.965029319262,,"WHO, UNICEF"
Philippines,608,2003,"Drinking water, Limited",3.008947559711,,"WHO, UNICEF"
Philippines,608,2003,"Drinking water, Basic service",88.0,,"WHO, UNICEF"
Singapore,702,2003,"Drinking water, Limited",0.0,,"WHO, UNICEF"
Singapore,702,2003,"Drinking water, Basic service",100.0,,"WHO, UNICEF"
Singapore,702,2003,"Drinking water, Surface water",0.0,,"WHO, UNICEF"
Singapore,702,2003,"Drinking water, Free of contamination",100.0,,"WHO, UNICEF"
Singapore,702,2003,"Drinking water, Safely managed service",100.0,,"WHO, UNICEF"
Singapore,702,2003,"Drinking water, On premises",100.0,,"WHO, UNICEF"
Singapore,702,2003,"Drinking water, Unimproved",0.0,,"WHO, UNICEF"
Singapore,702,2003,"Drinking water, Surface water",0.0,,"WHO, UNICEF"
Singapore,702,2003,"Drinking water, Unimproved",0.0,,"WHO, UNICEF"
Singapore,702,2003,"Drinking water, On premises",100.0,,"WHO, UNICEF"
Singapore,702,2003,"Drinking water, Safely managed service",100.0,,"WHO, UNICEF"
Singapore,702,2003,"Drinking water, Free of contamination",100.0,,"WHO, UNICEF"
Singapore,702,2003,"Drinking water, Limited",0.0,,"WHO, UNICEF"
Singapore,702,2003,"Drinking water, Basic service",100.0,,"WHO, UNICEF"
Thailand,764,2003,"Drinking water, At least basic service",93.48716865293,,"WHO, UNICEF"
Thailand,764,2003,"Drinking water, Basic service",93.0,,"WHO, UNICEF"
Thailand,764,2003,"Drinking water, Limited",0.29456168448041,,"WHO, UNICEF"
Thailand,764,2003,"Drinking water, Available",93.022998626289,,"WHO, UNICEF"
Thailand,764,2003,"Drinking water, Surface water",0.77753037554005,,"WHO, UNICEF"
Thailand,764,2003,"Drinking water, On premises",87.427014766259,,"WHO, UNICEF"
Thailand,764,2003,"Drinking water, Unimproved",5.4407392870492,,"WHO, UNICEF"
Thailand,764,2003,"Drinking water, At least basic service",95.216273606861,,"WHO, UNICEF"
Thailand,764,2003,"Drinking water, Surface water",0.54020542223358,,"WHO, UNICEF"
Thailand,764,2003,"Drinking water, Unimproved",4.0518820915236,,"WHO, UNICEF"
Thailand,764,2003,"Drinking water, On premises",90.475553651889,,"WHO, UNICEF"
Thailand,764,2003,"Drinking water, Available",94.848575187251,,"WHO, UNICEF"
Thailand,764,2003,"Drinking water, Limited",0.1916388793815,,"WHO, UNICEF"
Thailand,764,2003,"Drinking water, Basic service",95.0,,"WHO, UNICEF"
Thailand,764,2003,"Drinking water, Surface water",0.098314165528435,,"WHO, UNICEF"
Thailand,764,2003,"Drinking water, Unimproved",1.4658716405174,,"WHO, UNICEF"
Thailand,764,2003,"Drinking water, On premises",96.151836748781,,"WHO, UNICEF"
Thailand,764,2003,"Drinking water, Available",98.247742727355,,"WHO, UNICEF"
Thailand,764,2003,"Drinking water, Limited",0.0,,"WHO, UNICEF"
Thailand,764,2003,"Drinking water, Basic service",98.0,,"WHO, UNICEF"
Thailand,764,2003,"Drinking water, At least basic service",98.435814193954,,"WHO, UNICEF"
Viet Nam,704,2003,"Drinking water, Surface water",9.3865647606872,,"WHO, UNICEF"
Viet Nam,704,2003,"Drinking water, Available",76.656200582796,,"WHO, UNICEF"
Viet Nam,704,2003,"Drinking water, Basic service",79.0,,"WHO, UNICEF"
Viet Nam,704,2003,"Drinking water, Limited",0.84777116465261,,"WHO, UNICEF"
Viet Nam,704,2003,"Drinking water, Free of contamination",37.998944585061,,"WHO, UNICEF"
Viet Nam,704,2003,"Drinking water, Safely managed service",38.0,,"WHO, UNICEF"
Viet Nam,704,2003,"Drinking water, On premises",65.048732130926,,"WHO, UNICEF"
Viet Nam,704,2003,"Drinking water, Unimproved",10.976421221842,,"WHO, UNICEF"
Viet Nam,704,2003,"Drinking water, Available",96.491153889168,,"WHO, UNICEF"
Viet Nam,704,2003,"Drinking water, Free of contamination",73.772195916579,,"WHO, UNICEF"
Viet Nam,704,2003,"Drinking water, Safely managed service",74.0,,"WHO, UNICEF"
Viet Nam,704,2003,"Drinking water, On premises",90.396091768377,,"WHO, UNICEF"
Viet Nam,704,2003,"Drinking water, Unimproved",2.1408876091531,,"WHO, UNICEF"
Viet Nam,704,2003,"Drinking water, Surface water",1.3679585016792,,"WHO, UNICEF"
Viet Nam,704,2003,"Drinking water, Limited",1.0405084025261,,"WHO, UNICEF"
Viet Nam,704,2003,"Drinking water, Basic service",95.0,,"WHO, UNICEF"
Viet Nam,704,2003,"Drinking water, Free of contamination",47.332900789518,,"WHO, UNICEF"
Viet Nam,704,2003,"Drinking water, Surface water",7.2943499633737,,"WHO, UNICEF"
Viet Nam,704,2003,"Drinking water, Unimproved",8.6710546868853,,"WHO, UNICEF"
Viet Nam,704,2003,"Drinking water, On premises",71.662364464331,,"WHO, UNICEF"
Viet Nam,704,2003,"Drinking water, Safely managed service",47.0,,"WHO, UNICEF"
Viet Nam,704,2003,"Drinking water, Available",81.831535770976,,"WHO, UNICEF"
Viet Nam,704,2003,"Drinking water, Basic service",83.0,,"WHO, UNICEF"
Viet Nam,704,2003,"Drinking water, Limited",0.89806015572114,,"WHO, UNICEF"
Brunei Darussalam,96,2004,"Drinking water, On premises",99.781114234493,,"WHO, UNICEF"
Brunei Darussalam,96,2004,"Drinking water, Unimproved",0.0,,"WHO, UNICEF"
Brunei Darussalam,96,2004,"Drinking water, Surface water",0.099983791062905,,"WHO, UNICEF"
Brunei Darussalam,96,2004,"Drinking water, At least basic service",99.900016208937,,"WHO, UNICEF"
Brunei Darussalam,96,2004,"Drinking water, Basic service",100.0,,"WHO, UNICEF"
Brunei Darussalam,96,2004,"Drinking water, Limited",0.0,,"WHO, UNICEF"
Cambodia,116,2004,"Drinking water, Surface water",21.797395319682,,"WHO, UNICEF"
Cambodia,116,2004,"Drinking water, Unimproved",19.480993191023,,"WHO, UNICEF"
Cambodia,116,2004,"Drinking water, On premises",43.524631929908,,"WHO, UNICEF"
Cambodia,116,2004,"Drinking water, Safely managed service",19.0,,"WHO, UNICEF"
Cambodia,116,2004,"Drinking water, Free of contamination",18.893977130111,,"WHO, UNICEF"
Cambodia,116,2004,"Drinking water, Available",51.686844435891,,"WHO, UNICEF"
Cambodia,116,2004,"Drinking water, Limited",0.18852278051454,,"WHO, UNICEF"
Cambodia,116,2004,"Drinking water, Basic service",58.0,,"WHO, UNICEF"
Cambodia,116,2004,"Drinking water, Safely managed service",48.0,,"WHO, UNICEF"
Cambodia,116,2004,"Drinking water, Surface water",9.2110927244943,,"WHO, UNICEF"
Cambodia,116,2004,"Drinking water, Unimproved",7.5254642317524,,"WHO, UNICEF"
Cambodia,116,2004,"Drinking water, On premises",73.792678602312,,"WHO, UNICEF"
Cambodia,116,2004,"Drinking water, Free of contamination",47.876479750158,,"WHO, UNICEF"
Cambodia,116,2004,"Drinking water, Available",72.53956120231,,"WHO, UNICEF"
Cambodia,116,2004,"Drinking water, Limited",0.22759527446014,,"WHO, UNICEF"
Cambodia,116,2004,"Drinking water, Basic service",84.0,,"WHO, UNICEF"
Cambodia,116,2004,"Drinking water, Available",46.777973486008,,"WHO, UNICEF"
Cambodia,116,2004,"Drinking water, Limited",0.17932484963447,,"WHO, UNICEF"
Cambodia,116,2004,"Drinking water, Basic service",52.0,,"WHO, UNICEF"
Cambodia,116,2004,"Drinking water, Surface water",24.760295839314,,"WHO, UNICEF"
Cambodia,116,2004,"Drinking water, Safely managed service",12.0,,"WHO, UNICEF"
Cambodia,116,2004,"Drinking water, On premises",36.399328745697,,"WHO, UNICEF"
Cambodia,116,2004,"Drinking water, Unimproved",22.295406243177,,"WHO, UNICEF"
Cambodia,116,2004,"Drinking water, Free of contamination",12.071299925192,,"WHO, UNICEF"
Indonesia,360,2004,"Drinking water, Basic service",70.0,,"WHO, UNICEF"
Indonesia,360,2004,"Drinking water, Limited",0.55123614171664,,"WHO, UNICEF"
Indonesia,360,2004,"Drinking water, Available",63.081411969069,,"WHO, UNICEF"
Indonesia,360,2004,"Drinking water, Free of contamination",18.997892507015,,"WHO, UNICEF"
Indonesia,360,2004,"Drinking water, Safely managed service",19.0,,"WHO, UNICEF"
Indonesia,360,2004,"Drinking water, Surface water",5.3567377710621,,"WHO, UNICEF"
Indonesia,360,2004,"Drinking water, Unimproved",24.540337848809,,"WHO, UNICEF"
Indonesia,360,2004,"Drinking water, On premises",48.910500187228,,"WHO, UNICEF"
Indonesia,360,2004,"Drinking water, Safely managed service",25.0,,"WHO, UNICEF"
Indonesia,360,2004,"Drinking water, Basic service",80.0,,"WHO, UNICEF"
Indonesia,360,2004,"Drinking water, Limited",0.62016121311693,,"WHO, UNICEF"
Indonesia,360,2004,"Drinking water, Available",72.480684630844,,"WHO, UNICEF"
Indonesia,360,2004,"Drinking water, Free of contamination",24.873475996677,,"WHO, UNICEF"
Indonesia,360,2004,"Drinking water, On premises",60.431534431539,,"WHO, UNICEF"
Indonesia,360,2004,"Drinking water, Unimproved",17.058940332737,,"WHO, UNICEF"
Indonesia,360,2004,"Drinking water, Surface water",3.1947847226762,,"WHO, UNICEF"
Indonesia,360,2004,"Drinking water, Surface water",0.56825286157603,,"WHO, UNICEF"
Indonesia,360,2004,"Drinking water, Unimproved",7.9698826944245,,"WHO, UNICEF"
Indonesia,360,2004,"Drinking water, On premises",74.428301273973,,"WHO, UNICEF"
Indonesia,360,2004,"Drinking water, Safely managed service",32.0,,"WHO, UNICEF"
Indonesia,360,2004,"Drinking water, Free of contamination",32.0116525554,,"WHO, UNICEF"
Indonesia,360,2004,"Drinking water, Available",83.899747187744,,"WHO, UNICEF"
Indonesia,360,2004,"Drinking water, Limited",0.70389744216043,,"WHO, UNICEF"
Indonesia,360,2004,"Drinking water, Basic service",91.0,,"WHO, UNICEF"
Lao People's Democratic Republic,418,2004,"Drinking water, Unimproved",26.978163824353,,"WHO, UNICEF"
Lao People's Democratic Republic,418,2004,"Drinking water, Basic service",48.0,,"WHO, UNICEF"
Lao People's Democratic Republic,418,2004,"Drinking water, Limited",1.2934709158403,,"WHO, UNICEF"
Lao People's Democratic Republic,418,2004,"Drinking water, Available",45.634617895507,,"WHO, UNICEF"
Lao People's Democratic Republic,418,2004,"Drinking water, Free of contamination",7.0455783993788,,"WHO, UNICEF"
Lao People's Democratic Republic,418,2004,"Drinking water, Safely managed service",6.0,,"WHO, UNICEF"
Lao People's Democratic Republic,418,2004,"Drinking water, Surface water",25.181155315856,,"WHO, UNICEF"
Lao People's Democratic Republic,418,2004,"Drinking water, On premises",9.4248383636061,,"WHO, UNICEF"
Lao People's Democratic Republic,418,2004,"Drinking water, Safely managed service",9.0,,"WHO, UNICEF"
Lao People's Democratic Republic,418,2004,"Drinking water, Basic service",57.0,,"WHO, UNICEF"
Lao People's Democratic Republic,418,2004,"Drinking water, Limited",1.0756719565623,,"WHO, UNICEF"
Lao People's Democratic Republic,418,2004,"Drinking water, Available",54.595229643673,,"WHO, UNICEF"
Lao People's Democratic Republic,418,2004,"Drinking water, Free of contamination",11.123851665678,,"WHO, UNICEF"
Lao People's Democratic Republic,418,2004,"Drinking water, On premises",19.185729809302,,"WHO, UNICEF"
Lao People's Democratic Republic,418,2004,"Drinking water, Unimproved",23.846551566129,,"WHO, UNICEF"
Lao People's Democratic Republic,418,2004,"Drinking water, Surface water",19.549170420497,,"WHO, UNICEF"
Lao People's Democratic Republic,418,2004,"Drinking water, Surface water",3.7194299582887,,"WHO, UNICEF"
Lao People's Democratic Republic,418,2004,"Drinking water, Unimproved",15.044586774624,,"WHO, UNICEF"
Lao People's Democratic Republic,418,2004,"Drinking water, On premises",46.620521356835,,"WHO, UNICEF"
Lao People's Democratic Republic,418,2004,"Drinking water, Safely managed service",18.0,,"WHO, UNICEF"
Lao People's Democratic Republic,418,2004,"Drinking water, Free of contamination",22.586592832435,,"WHO, UNICEF"
Lao People's Democratic Republic,418,2004,"Drinking water, Available",79.780681244849,,"WHO, UNICEF"
Lao People's Democratic Republic,418,2004,"Drinking water, Limited",0.46350744556733,,"WHO, UNICEF"
Lao People's Democratic Republic,418,2004,"Drinking water, Basic service",83.0,,"WHO, UNICEF"
Malaysia,458,2004,"Drinking water, Surface water",0.09,,"WHO, UNICEF"
Malaysia,458,2004,"Drinking water, Unimproved",0.33868568480023,,"WHO, UNICEF"
Malaysia,458,2004,"Drinking water, On premises",97.380745400265,,"WHO, UNICEF"
Malaysia,458,2004,"Drinking water, Limited",0.2987139429456,,"WHO, UNICEF"
Malaysia,458,2004,"Drinking water, Basic service",98.0,,"WHO, UNICEF"
Malaysia,458,2004,"Drinking water, At least basic service",99.272600372254,,"WHO, UNICEF"
Malaysia,458,2004,"Drinking water, Surface water",2.1,,"WHO, UNICEF"
Malaysia,458,2004,"Drinking water, Unimproved",4.8374208847477,,"WHO, UNICEF"
Malaysia,458,2004,"Drinking water, On premises",84.314696678419,,"WHO, UNICEF"
Malaysia,458,2004,"Drinking water, Limited",0.5583754746915,,"WHO, UNICEF"
Malaysia,458,2004,"Drinking water, Basic service",93.0,,"WHO, UNICEF"
Malaysia,458,2004,"Drinking water, At least basic service",92.504203640561,,"WHO, UNICEF"
Malaysia,458,2004,"Drinking water, Basic service",97.0,,"WHO, UNICEF"
Malaysia,458,2004,"Drinking water, Safely managed service",92.0,,"WHO, UNICEF"
Malaysia,458,2004,"Drinking water, On premises",92.898310490531,,"WHO, UNICEF"
Malaysia,458,2004,"Drinking water, Free of contamination",96.825458068443,,"WHO, UNICEF"
Malaysia,458,2004,"Drinking water, Limited",0.3877934455254,,"WHO, UNICEF"
Malaysia,458,2004,"Drinking water, Unimproved",1.8820177533862,,"WHO, UNICEF"
Malaysia,458,2004,"Drinking water, Surface water",0.77955064362283,,"WHO, UNICEF"
Myanmar,104,2004,"Drinking water, Available",79.957511028558,,"WHO, UNICEF"
Myanmar,104,2004,"Drinking water, Free of contamination",66.602538820124,,"WHO, UNICEF"
Myanmar,104,2004,"Drinking water, Safely managed service",58.0,,"WHO, UNICEF"
Myanmar,104,2004,"Drinking water, On premises",57.742326697185,,"WHO, UNICEF"
Myanmar,104,2004,"Drinking water, Unimproved",8.459631483757,,"WHO, UNICEF"
Myanmar,104,2004,"Drinking water, Surface water",5.3792574940898,,"WHO, UNICEF"
Myanmar,104,2004,"Drinking water, Limited",12.079717906283,,"WHO, UNICEF"
Myanmar,104,2004,"Drinking water, Basic service",74.0,,"WHO, UNICEF"
Myanmar,104,2004,"Drinking water, Basic service",54.0,,"WHO, UNICEF"
Myanmar,104,2004,"Drinking water, Limited",16.153253321231,,"WHO, UNICEF"
Myanmar,104,2004,"Drinking water, Available",61.0083271846,,"WHO, UNICEF"
Myanmar,104,2004,"Drinking water, Free of contamination",48.11468577404,,"WHO, UNICEF"
Myanmar,104,2004,"Drinking water, Safely managed service",33.0,,"WHO, UNICEF"
Myanmar,104,2004,"Drinking water, On premises",33.459456976295,,"WHO, UNICEF"
Myanmar,104,2004,"Drinking water, Unimproved",15.302215466525,,"WHO, UNICEF"
Myanmar,104,2004,"Drinking water, Surface water",14.847954595105,,"WHO, UNICEF"
Myanmar,104,2004,"Drinking water, Unimproved",17.931645240248,,"WHO, UNICEF"
Myanmar,104,2004,"Drinking water, Surface water",18.486535035461,,"WHO, UNICEF"
Myanmar,104,2004,"Drinking water, On premises",24.128166700369,,"WHO, UNICEF"
Myanmar,104,2004,"Drinking water, Safely managed service",24.0,,"WHO, UNICEF"
Myanmar,104,2004,"Drinking water, Free of contamination",41.010273722168,,"WHO, UNICEF"
Myanmar,104,2004,"Drinking water, Available",53.726637667026,,"WHO, UNICEF"
Myanmar,104,2004,"Drinking water, Limited",17.718609989075,,"WHO, UNICEF"
Myanmar,104,2004,"Drinking water, Basic service",46.0,,"WHO, UNICEF"
Philippines,608,2004,"Drinking water, Limited",2.3755299135545,,"WHO, UNICEF"
Philippines,608,2004,"Drinking water, Basic service",94.0,,"WHO, UNICEF"
Philippines,608,2004,"Drinking water, Surface water",0.66776099516619,,"WHO, UNICEF"
Philippines,608,2004,"Drinking water, Unimproved",2.8253821305301,,"WHO, UNICEF"
Philippines,608,2004,"Drinking water, On premises",64.853369798868,,"WHO, UNICEF"
Philippines,608,2004,"Drinking water, Safely managed service",60.0,,"WHO, UNICEF"
Philippines,608,2004,"Drinking water, Available",86.529898082138,,"WHO, UNICEF"
Philippines,608,2004,"Drinking water, Free of contamination",60.166849627342,,"WHO, UNICEF"
Philippines,608,2004,"Drinking water, Surface water",3.9503161212218,,"WHO, UNICEF"
Philippines,608,2004,"Drinking water, Unimproved",10.587906332998,,"WHO, UNICEF"
Philippines,608,2004,"Drinking water, On premises",30.662717678923,,"WHO, UNICEF"
Philippines,608,2004,"Drinking water, Safely managed service",31.0,,"WHO, UNICEF"
Philippines,608,2004,"Drinking water, Free of contamination",31.069533922624,,"WHO, UNICEF"
Philippines,608,2004,"Drinking water, Available",75.092428548835,,"WHO, UNICEF"
Philippines,608,2004,"Drinking water, Limited",3.5340006829165,,"WHO, UNICEF"
Philippines,608,2004,"Drinking water, Basic service",83.0,,"WHO, UNICEF"
Philippines,608,2004,"Drinking water, Surface water",2.4470700002077,,"WHO, UNICEF"
Philippines,608,2004,"Drinking water, Basic service",88.0,,"WHO, UNICEF"
Philippines,608,2004,"Drinking water, Limited",3.0034789684295,,"WHO, UNICEF"
Philippines,608,2004,"Drinking water, Available",80.330216675003,,"WHO, UNICEF"
Philippines,608,2004,"Drinking water, Safely managed service",45.0,,"WHO, UNICEF"
Philippines,608,2004,"Drinking water, On premises",46.320325979326,,"WHO, UNICEF"
Philippines,608,2004,"Drinking water, Unimproved",7.0330595392241,,"WHO, UNICEF"
Philippines,608,2004,"Drinking water, Free of contamination",44.394648877702,,"WHO, UNICEF"
Singapore,702,2004,"Drinking water, Surface water",0.0,,"WHO, UNICEF"
Singapore,702,2004,"Drinking water, Unimproved",0.0,,"WHO, UNICEF"
Singapore,702,2004,"Drinking water, On premises",100.0,,"WHO, UNICEF"
Singapore,702,2004,"Drinking water, Safely managed service",100.0,,"WHO, UNICEF"
Singapore,702,2004,"Drinking water, Free of contamination",100.0,,"WHO, UNICEF"
Singapore,702,2004,"Drinking water, Basic service",100.0,,"WHO, UNICEF"
Singapore,702,2004,"Drinking water, Limited",0.0,,"WHO, UNICEF"
Singapore,702,2004,"Drinking water, Limited",0.0,,"WHO, UNICEF"
Singapore,702,2004,"Drinking water, Basic service",100.0,,"WHO, UNICEF"
Singapore,702,2004,"Drinking water, Surface water",0.0,,"WHO, UNICEF"
Singapore,702,2004,"Drinking water, Unimproved",0.0,,"WHO, UNICEF"
Singapore,702,2004,"Drinking water, On premises",100.0,,"WHO, UNICEF"
Singapore,702,2004,"Drinking water, Safely managed service",100.0,,"WHO, UNICEF"
Singapore,702,2004,"Drinking water, Free of contamination",100.0,,"WHO, UNICEF"
Thailand,764,2004,"Drinking water, At least basic service",95.57161155879,,"WHO, UNICEF"
Thailand,764,2004,"Drinking water, Basic service",95.0,,"WHO, UNICEF"
Thailand,764,2004,"Drinking water, Limited",0.18882339851425,,"WHO, UNICEF"
Thailand,764,2004,"Drinking water, Available",95.205963608733,,"WHO, UNICEF"
Thailand,764,2004,"Drinking water, On premises",90.859837760351,,"WHO, UNICEF"
Thailand,764,2004,"Drinking water, Unimproved",3.7135036122309,,"WHO, UNICEF"
Thailand,764,2004,"Drinking water, Surface water",0.52606143046474,,"WHO, UNICEF"
Thailand,764,2004,"Drinking water, At least basic service",93.885802461864,,"WHO, UNICEF"
Thailand,764,2004,"Drinking water, Limited",0.29581770975044,,"WHO, UNICEF"
Thailand,764,2004,"Drinking water, Available",93.419653191778,,"WHO, UNICEF"
Thailand,764,2004,"Drinking water, On premises",87.799807785901,,"WHO, UNICEF"
Thailand,764,2004,"Drinking water, Unimproved",5.0508010354985,,"WHO, UNICEF"
Thailand,764,2004,"Drinking water, Basic service",94.0,,"WHO, UNICEF"
Thailand,764,2004,"Drinking water, Surface water",0.76757879288752,,"WHO, UNICEF"
Thailand,764,2004,"Drinking water, At least basic service",98.546724836083,,"WHO, UNICEF"
Thailand,764,2004,"Drinking water, Basic service",98.0,,"WHO, UNICEF"
Thailand,764,2004,"Drinking water, Limited",0.0,,"WHO, UNICEF"
Thailand,764,2004,"Drinking water, Available",98.358441463612,,"WHO, UNICEF"
Thailand,764,2004,"Drinking water, On premises",96.260173963676,,"WHO, UNICEF"
Thailand,764,2004,"Drinking water, Unimproved",1.353443209141,,"WHO, UNICEF"
Thailand,764,2004,"Drinking water, Surface water",0.099831954775496,,"WHO, UNICEF"
Viet Nam,704,2004,"Drinking water, Safely managed service",38.0,,"WHO, UNICEF"
Viet Nam,704,2004,"Drinking water, On premises",66.78819964965,,"WHO, UNICEF"
Viet Nam,704,2004,"Drinking water, Unimproved",10.635003482271,,"WHO, UNICEF"
Viet Nam,704,2004,"Drinking water, Free of contamination",38.440813790832,,"WHO, UNICEF"
Viet Nam,704,2004,"Drinking water, Available",77.547594142245,,"WHO, UNICEF"
Viet Nam,704,2004,"Drinking water, Limited",0.82527302630335,,"WHO, UNICEF"
Viet Nam,704,2004,"Drinking water, Basic service",80.0,,"WHO, UNICEF"
Viet Nam,704,2004,"Drinking water, Surface water",8.8019266711258,,"WHO, UNICEF"
Viet Nam,704,2004,"Drinking water, Unimproved",2.0954905626077,,"WHO, UNICEF"
Viet Nam,704,2004,"Drinking water, Basic service",95.0,,"WHO, UNICEF"
Viet Nam,704,2004,"Drinking water, Limited",1.01096762152,,"WHO, UNICEF"
Viet Nam,704,2004,"Drinking water, Available",96.628546085424,,"WHO, UNICEF"
Viet Nam,704,2004,"Drinking water, Free of contamination",73.877238955355,,"WHO, UNICEF"
Viet Nam,704,2004,"Drinking water, Safely managed service",74.0,,"WHO, UNICEF"
Viet Nam,704,2004,"Drinking water, On premises",90.90357597961,,"WHO, UNICEF"
Viet Nam,704,2004,"Drinking water, Surface water",1.2759633519685,,"WHO, UNICEF"
Viet Nam,704,2004,"Drinking water, Safely managed service",48.0,,"WHO, UNICEF"
Viet Nam,704,2004,"Drinking water, Basic service",84.0,,"WHO, UNICEF"
Viet Nam,704,2004,"Drinking water, Limited",0.87482188850311,,"WHO, UNICEF"
Viet Nam,704,2004,"Drinking water, Available",82.638962022321,,"WHO, UNICEF"
Viet Nam,704,2004,"Drinking water, Free of contamination",47.896313490947,,"WHO, UNICEF"
Viet Nam,704,2004,"Drinking water, On premises",73.222903228879,,"WHO, UNICEF"
Viet Nam,704,2004,"Drinking water, Unimproved",8.3564079683275,,"WHO, UNICEF"
Viet Nam,704,2004,"Drinking water, Surface water",6.7937737313627,,"WHO, UNICEF"
Brunei Darussalam,96,2005,"Drinking water, Limited",0.0,,"WHO, UNICEF"
Brunei Darussalam,96,2005,"Drinking water, Basic service",100.0,,"WHO, UNICEF"
Brunei Darussalam,96,2005,"Drinking water, At least basic service",99.900018151535,,"WHO, UNICEF"
Brunei Darussalam,96,2005,"Drinking water, On premises",99.783654281013,,"WHO, UNICEF"
Brunei Darussalam,96,2005,"Drinking water, Unimproved",0.0,,"WHO, UNICEF"
Brunei Darussalam,96,2005,"Drinking water, Surface water",0.099981848465286,,"WHO, UNICEF"
Cambodia,116,2005,"Drinking water, Basic service",60.0,,"WHO, UNICEF"
Cambodia,116,2005,"Drinking water, Surface water",21.01375939465,,"WHO, UNICEF"
Cambodia,116,2005,"Drinking water, Unimproved",18.564009788937,,"WHO, UNICEF"
Cambodia,116,2005,"Drinking water, On premises",44.043925019609,,"WHO, UNICEF"
Cambodia,116,2005,"Drinking water, Safely managed service",19.0,,"WHO, UNICEF"
Cambodia,116,2005,"Drinking water, Free of contamination",19.377994067406,,"WHO, UNICEF"
Cambodia,116,2005,"Drinking water, Available",53.185975781945,,"WHO, UNICEF"
Cambodia,116,2005,"Drinking water, Limited",0.61997295505396,,"WHO, UNICEF"
Cambodia,116,2005,"Drinking water, Unimproved",21.292369484965,,"WHO, UNICEF"
Cambodia,116,2005,"Drinking water, On premises",37.02133010009,,"WHO, UNICEF"
Cambodia,116,2005,"Drinking water, Safely managed service",13.0,,"WHO, UNICEF"
Cambodia,116,2005,"Drinking water, Free of contamination",12.490530928703,,"WHO, UNICEF"
Cambodia,116,2005,"Drinking water, Available",48.402552188242,,"WHO, UNICEF"
Cambodia,116,2005,"Drinking water, Limited",0.6448860622881,,"WHO, UNICEF"
Cambodia,116,2005,"Drinking water, Basic service",54.0,,"WHO, UNICEF"
Cambodia,116,2005,"Drinking water, Surface water",23.924600125987,,"WHO, UNICEF"
Cambodia,116,2005,"Drinking water, Limited",0.51495447222315,,"WHO, UNICEF"
Cambodia,116,2005,"Drinking water, Available",73.350008131518,,"WHO, UNICEF"
Cambodia,116,2005,"Drinking water, Free of contamination",48.411378850066,,"WHO, UNICEF"
Cambodia,116,2005,"Drinking water, Safely managed service",49.0,,"WHO, UNICEF"
Cambodia,116,2005,"Drinking water, On premises",73.64694836896,,"WHO, UNICEF"
Cambodia,116,2005,"Drinking water, Unimproved",7.0628792005266,,"WHO, UNICEF"
Cambodia,116,2005,"Drinking water, Surface water",8.743418451533,,"WHO, UNICEF"
Cambodia,116,2005,"Drinking water, Basic service",84.0,,"WHO, UNICEF"
Indonesia,360,2005,"Drinking water, Basic service",71.0,,"WHO, UNICEF"
Indonesia,360,2005,"Drinking water, Limited",0.55971194409035,,"WHO, UNICEF"
Indonesia,360,2005,"Drinking water, Available",64.051351239813,,"WHO, UNICEF"
Indonesia,360,2005,"Drinking water, Free of contamination",19.29000394569,,"WHO, UNICEF"
Indonesia,360,2005,"Drinking water, Safely managed service",19.0,,"WHO, UNICEF"
Indonesia,360,2005,"Drinking water, On premises",49.738686740705,,"WHO, UNICEF"
Indonesia,360,2005,"Drinking water, Unimproved",23.654522665247,,"WHO, UNICEF"
Indonesia,360,2005,"Drinking water, Surface water",5.1646509668935,,"WHO, UNICEF"
Indonesia,360,2005,"Drinking water, Surface water",0.5399051989519,,"WHO, UNICEF"
Indonesia,360,2005,"Drinking water, Unimproved",7.5825821505774,,"WHO, UNICEF"
Indonesia,360,2005,"Drinking water, On premises",74.393099318862,,"WHO, UNICEF"
Indonesia,360,2005,"Drinking water, Safely managed service",32.0,,"WHO, UNICEF"
Indonesia,360,2005,"Drinking water, Free of contamination",32.157129427665,,"WHO, UNICEF"
Indonesia,360,2005,"Drinking water, Available",84.281029371898,,"WHO, UNICEF"
Indonesia,360,2005,"Drinking water, Limited",0.70709630226624,,"WHO, UNICEF"
Indonesia,360,2005,"Drinking water, Basic service",92.0,,"WHO, UNICEF"
Indonesia,360,2005,"Drinking water, Unimproved",16.270753091319,,"WHO, UNICEF"
Indonesia,360,2005,"Drinking water, Surface water",3.0399502507731,,"WHO, UNICEF"
Indonesia,360,2005,"Drinking water, On premises",61.065415909733,,"WHO, UNICEF"
Indonesia,360,2005,"Drinking water, Safely managed service",25.0,,"WHO, UNICEF"
Indonesia,360,2005,"Drinking water, Available",73.345268756647,,"WHO, UNICEF"
Indonesia,360,2005,"Drinking water, Limited",0.62742325573084,,"WHO, UNICEF"
Indonesia,360,2005,"Drinking water, Basic service",81.0,,"WHO, UNICEF"
Indonesia,360,2005,"Drinking water, Free of contamination",25.201418281008,,"WHO, UNICEF"
Lao People's Democratic Republic,418,2005,"Drinking water, Unimproved",26.180350875814,,"WHO, UNICEF"
Lao People's Democratic Republic,418,2005,"Drinking water, Basic service",50.0,,"WHO, UNICEF"
Lao People's Democratic Republic,418,2005,"Drinking water, Limited",1.4913047007876,,"WHO, UNICEF"
Lao People's Democratic Republic,418,2005,"Drinking water, Available",47.938628526309,,"WHO, UNICEF"
Lao People's Democratic Republic,418,2005,"Drinking water, Free of contamination",7.4012971120781,,"WHO, UNICEF"
Lao People's Democratic Republic,418,2005,"Drinking water, Safely managed service",6.0,,"WHO, UNICEF"
Lao People's Democratic Republic,418,2005,"Drinking water, On premises",12.303475458638,,"WHO, UNICEF"
Lao People's Democratic Republic,418,2005,"Drinking water, Surface water",18.100511465421,,"WHO, UNICEF"
Lao People's Democratic Republic,418,2005,"Drinking water, Unimproved",22.934344229212,,"WHO, UNICEF"
Lao People's Democratic Republic,418,2005,"Drinking water, Basic service",59.0,,"WHO, UNICEF"
Lao People's Democratic Republic,418,2005,"Drinking water, On premises",22.603852188773,,"WHO, UNICEF"
Lao People's Democratic Republic,418,2005,"Drinking water, Safely managed service",9.0,,"WHO, UNICEF"
Lao People's Democratic Republic,418,2005,"Drinking water, Free of contamination",11.609332913971,,"WHO, UNICEF"
Lao People's Democratic Republic,418,2005,"Drinking water, Limited",1.2193048624331,,"WHO, UNICEF"
Lao People's Democratic Republic,418,2005,"Drinking water, Available",56.876943596395,,"WHO, UNICEF"
Lao People's Democratic Republic,418,2005,"Drinking water, Surface water",23.56357744118,,"WHO, UNICEF"
Lao People's Democratic Republic,418,2005,"Drinking water, Basic service",84.0,,"WHO, UNICEF"
Lao People's Democratic Republic,418,2005,"Drinking water, Limited",0.49079015600508,,"WHO, UNICEF"
Lao People's Democratic Republic,418,2005,"Drinking water, Available",80.816996128283,,"WHO, UNICEF"
Lao People's Democratic Republic,418,2005,"Drinking water, On premises",50.192006097759,,"WHO, UNICEF"
Lao People's Democratic Republic,418,2005,"Drinking water, Safely managed service",18.0,,"WHO, UNICEF"
Lao People's Democratic Republic,418,2005,"Drinking water, Free of contamination",22.879982434442,,"WHO, UNICEF"
Lao People's Democratic Republic,418,2005,"Drinking water, Surface water",3.4684304503581,,"WHO, UNICEF"
Lao People's Democratic Republic,418,2005,"Drinking water, Unimproved",14.240367685565,,"WHO, UNICEF"
Malaysia,458,2005,"Drinking water, Surface water",0.09,,"WHO, UNICEF"
Malaysia,458,2005,"Drinking water, Unimproved",0.34680406899601,,"WHO, UNICEF"
Malaysia,458,2005,"Drinking water, On premises",97.372805620522,,"WHO, UNICEF"
Malaysia,458,2005,"Drinking water, Limited",0.29868958779301,,"WHO, UNICEF"
Malaysia,458,2005,"Drinking water, Basic service",98.0,,"WHO, UNICEF"
Malaysia,458,2005,"Drinking water, At least basic service",99.264506343211,,"WHO, UNICEF"
Malaysia,458,2005,"Drinking water, At least basic service",92.360031420801,,"WHO, UNICEF"
Malaysia,458,2005,"Drinking water, Basic service",93.0,,"WHO, UNICEF"
Malaysia,458,2005,"Drinking water, Limited",0.55750521984386,,"WHO, UNICEF"
Malaysia,458,2005,"Drinking water, On premises",84.183288196424,,"WHO, UNICEF"
Malaysia,458,2005,"Drinking water, Unimproved",4.9824633593553,,"WHO, UNICEF"
Malaysia,458,2005,"Drinking water, Surface water",2.1,,"WHO, UNICEF"
Malaysia,458,2005,"Drinking water, Basic service",97.0,,"WHO, UNICEF"
Malaysia,458,2005,"Drinking water, Limited",0.38514954101752,,"WHO, UNICEF"
Malaysia,458,2005,"Drinking water, Free of contamination",96.862272307717,,"WHO, UNICEF"
Malaysia,458,2005,"Drinking water, Safely managed service",93.0,,"WHO, UNICEF"
Malaysia,458,2005,"Drinking water, On premises",92.966715844538,,"WHO, UNICEF"
Malaysia,458,2005,"Drinking water, Unimproved",1.8953919305635,,"WHO, UNICEF"
Malaysia,458,2005,"Drinking water, Surface water",0.76146061328569,,"WHO, UNICEF"
Myanmar,104,2005,"Drinking water, Basic service",47.0,,"WHO, UNICEF"
Myanmar,104,2005,"Drinking water, Surface water",18.227068572695,,"WHO, UNICEF"
Myanmar,104,2005,"Drinking water, Unimproved",17.333846940742,,"WHO, UNICEF"
Myanmar,104,2005,"Drinking water, On premises",25.550600212138,,"WHO, UNICEF"
Myanmar,104,2005,"Drinking water, Safely managed service",26.0,,"WHO, UNICEF"
Myanmar,104,2005,"Drinking water, Free of contamination",41.563209493833,,"WHO, UNICEF"
Myanmar,104,2005,"Drinking water, Available",54.451026391146,,"WHO, UNICEF"
Myanmar,104,2005,"Drinking water, Limited",16.95073782832,,"WHO, UNICEF"
Myanmar,104,2005,"Drinking water, Free of contamination",48.656001246129,,"WHO, UNICEF"
Myanmar,104,2005,"Drinking water, Surface water",14.6279447819,,"WHO, UNICEF"
Myanmar,104,2005,"Drinking water, Unimproved",14.739246224354,,"WHO, UNICEF"
Myanmar,104,2005,"Drinking water, On premises",35.011382311085,,"WHO, UNICEF"
Myanmar,104,2005,"Drinking water, Safely managed service",35.0,,"WHO, UNICEF"
Myanmar,104,2005,"Drinking water, Available",61.693478864938,,"WHO, UNICEF"
Myanmar,104,2005,"Drinking water, Limited",15.393487161576,,"WHO, UNICEF"
Myanmar,104,2005,"Drinking water, Basic service",55.0,,"WHO, UNICEF"
Myanmar,104,2005,"Drinking water, Surface water",5.3482166962175,,"WHO, UNICEF"
Myanmar,104,2005,"Drinking water, Basic service",75.0,,"WHO, UNICEF"
Myanmar,104,2005,"Drinking water, Limited",11.378380915949,,"WHO, UNICEF"
Myanmar,104,2005,"Drinking water, Available",80.366905182572,,"WHO, UNICEF"
Myanmar,104,2005,"Drinking water, Free of contamination",66.943553562638,,"WHO, UNICEF"
Myanmar,104,2005,"Drinking water, Safely managed service",59.0,,"WHO, UNICEF"
Myanmar,104,2005,"Drinking water, On premises",59.404394884355,,"WHO, UNICEF"
Myanmar,104,2005,"Drinking water, Unimproved",8.0495147880803,,"WHO, UNICEF"
Philippines,608,2005,"Drinking water, Unimproved",10.271843306091,,"WHO, UNICEF"
Philippines,608,2005,"Drinking water, Basic service",83.0,,"WHO, UNICEF"
Philippines,608,2005,"Drinking water, Limited",3.5604175855038,,"WHO, UNICEF"
Philippines,608,2005,"Drinking water, Available",75.68342622733,,"WHO, UNICEF"
Philippines,608,2005,"Drinking water, Free of contamination",31.286747021877,,"WHO, UNICEF"
Philippines,608,2005,"Drinking water, Safely managed service",32.0,,"WHO, UNICEF"
Philippines,608,2005,"Drinking water, On premises",32.838166049986,,"WHO, UNICEF"
Philippines,608,2005,"Drinking water, Surface water",3.6688993914431,,"WHO, UNICEF"
Philippines,608,2005,"Drinking water, Available",80.696672734893,,"WHO, UNICEF"
Philippines,608,2005,"Drinking water, Surface water",2.2756693312816,,"WHO, UNICEF"
Philippines,608,2005,"Drinking water, Unimproved",6.8183006780582,,"WHO, UNICEF"
Philippines,608,2005,"Drinking water, On premises",48.142392687355,,"WHO, UNICEF"
Philippines,608,2005,"Drinking water, Safely managed service",45.0,,"WHO, UNICEF"
Philippines,608,2005,"Drinking water, Free of contamination",44.532216229893,,"WHO, UNICEF"
Philippines,608,2005,"Drinking water, Limited",2.9980725333106,,"WHO, UNICEF"
Philippines,608,2005,"Drinking water, Basic service",88.0,,"WHO, UNICEF"
Philippines,608,2005,"Drinking water, Basic service",95.0,,"WHO, UNICEF"
Philippines,608,2005,"Drinking water, Limited",2.3301725156262,,"WHO, UNICEF"
Philippines,608,2005,"Drinking water, Available",86.650930566448,,"WHO, UNICEF"
Philippines,608,2005,"Drinking water, Free of contamination",60.263925940453,,"WHO, UNICEF"
Philippines,608,2005,"Drinking water, Safely managed service",60.0,,"WHO, UNICEF"
Philippines,608,2005,"Drinking water, On premises",66.319298844669,,"WHO, UNICEF"
Philippines,608,2005,"Drinking water, Unimproved",2.7165109079851,,"WHO, UNICEF"
Philippines,608,2005,"Drinking water, Surface water",0.62092305372263,,"WHO, UNICEF"
Singapore,702,2005,"Drinking water, Surface water",0.0,,"WHO, UNICEF"
Singapore,702,2005,"Drinking water, Basic service",100.0,,"WHO, UNICEF"
Singapore,702,2005,"Drinking water, Limited",0.0,,"WHO, UNICEF"
Singapore,702,2005,"Drinking water, Free of contamination",100.0,,"WHO, UNICEF"
Singapore,702,2005,"Drinking water, Safely managed service",100.0,,"WHO, UNICEF"
Singapore,702,2005,"Drinking water, On premises",100.0,,"WHO, UNICEF"
Singapore,702,2005,"Drinking water, Unimproved",0.0,,"WHO, UNICEF"
Singapore,702,2005,"Drinking water, Surface water",0.0,,"WHO, UNICEF"
Singapore,702,2005,"Drinking water, Basic service",100.0,,"WHO, UNICEF"
Singapore,702,2005,"Drinking water, Limited",0.0,,"WHO, UNICEF"
Singapore,702,2005,"Drinking water, Free of contamination",100.0,,"WHO, UNICEF"
Singapore,702,2005,"Drinking water, Safely managed service",100.0,,"WHO, UNICEF"
Singapore,702,2005,"Drinking water, On premises",100.0,,"WHO, UNICEF"
Singapore,702,2005,"Drinking water, Unimproved",0.0,,"WHO, UNICEF"
Thailand,764,2005,"Drinking water, Surface water",0.51210723319782,,"WHO, UNICEF"
Thailand,764,2005,"Drinking water, Unimproved",3.3814643153772,,"WHO, UNICEF"
Thailand,764,2005,"Drinking water, On premises",91.57713878716,,"WHO, UNICEF"
Thailand,764,2005,"Drinking water, Available",95.556978060879,,"WHO, UNICEF"
Thailand,764,2005,"Drinking water, Limited",0.1824442233731,,"WHO, UNICEF"
Thailand,764,2005,"Drinking water, Basic service",96.0,,"WHO, UNICEF"
Thailand,764,2005,"Drinking water, At least basic service",95.923984228052,,"WHO, UNICEF"
Thailand,764,2005,"Drinking water, At least basic service",94.290132922631,,"WHO, UNICEF"
Thailand,764,2005,"Drinking water, Surface water",0.757627210235,,"WHO, UNICEF"
Thailand,764,2005,"Drinking water, Unimproved",4.6608627839478,,"WHO, UNICEF"
Thailand,764,2005,"Drinking water, On premises",88.624727250581,,"WHO, UNICEF"
Thailand,764,2005,"Drinking water, Available",93.816307757266,,"WHO, UNICEF"
Thailand,764,2005,"Drinking water, Limited",0.29137708318612,,"WHO, UNICEF"
Thailand,764,2005,"Drinking water, Basic service",94.0,,"WHO, UNICEF"
Thailand,764,2005,"Drinking water, Unimproved",1.2410147777646,,"WHO, UNICEF"
Thailand,764,2005,"Drinking water, On premises",96.516556644153,,"WHO, UNICEF"
Thailand,764,2005,"Drinking water, Available",98.469140199868,,"WHO, UNICEF"
Thailand,764,2005,"Drinking water, Limited",0.0001984085745761,,"WHO, UNICEF"
Thailand,764,2005,"Drinking water, At least basic service",98.657437069638,,"WHO, UNICEF"
Thailand,764,2005,"Drinking water, Surface water",0.10134974402256,,"WHO, UNICEF"
Thailand,764,2005,"Drinking water, Basic service",98.0,,"WHO, UNICEF"
Viet Nam,704,2005,"Drinking water, Safely managed service",39.0,,"WHO, UNICEF"
Viet Nam,704,2005,"Drinking water, Surface water",8.2172885815644,,"WHO, UNICEF"
Viet Nam,704,2005,"Drinking water, Unimproved",10.2935857427,,"WHO, UNICEF"
Viet Nam,704,2005,"Drinking water, On premises",68.55026710297,,"WHO, UNICEF"
Viet Nam,704,2005,"Drinking water, Free of contamination",38.882682996604,,"WHO, UNICEF"
Viet Nam,704,2005,"Drinking water, Available",78.438987701693,,"WHO, UNICEF"
Viet Nam,704,2005,"Drinking water, Limited",0.80203102743737,,"WHO, UNICEF"
Viet Nam,704,2005,"Drinking water, Basic service",81.0,,"WHO, UNICEF"
Viet Nam,704,2005,"Drinking water, Unimproved",2.0500935160624,,"WHO, UNICEF"
Viet Nam,704,2005,"Drinking water, On premises",91.412137308054,,"WHO, UNICEF"
Viet Nam,704,2005,"Drinking water, Safely managed service",74.0,,"WHO, UNICEF"
Viet Nam,704,2005,"Drinking water, Free of contamination",73.982281994132,,"WHO, UNICEF"
Viet Nam,704,2005,"Drinking water, Available",96.76593828168,,"WHO, UNICEF"
Viet Nam,704,2005,"Drinking water, Limited",0.98133862169715,,"WHO, UNICEF"
Viet Nam,704,2005,"Drinking water, Basic service",96.0,,"WHO, UNICEF"
Viet Nam,704,2005,"Drinking water, Surface water",1.1839682022577,,"WHO, UNICEF"
Viet Nam,704,2005,"Drinking water, Surface water",6.2985282274846,,"WHO, UNICEF"
Viet Nam,704,2005,"Drinking water, Unimproved",8.0446798623461,,"WHO, UNICEF"
Viet Nam,704,2005,"Drinking water, On premises",74.787213201089,,"WHO, UNICEF"
Viet Nam,704,2005,"Drinking water, Safely managed service",48.0,,"WHO, UNICEF"
Viet Nam,704,2005,"Drinking water, Free of contamination",48.458204502897,,"WHO, UNICEF"
Viet Nam,704,2005,"Drinking water, Available",83.438762165121,,"WHO, UNICEF"
Viet Nam,704,2005,"Drinking water, Limited",0.85094792266404,,"WHO, UNICEF"
Viet Nam,704,2005,"Drinking water, Basic service",85.0,,"WHO, UNICEF"
Brunei Darussalam,96,2006,"Drinking water, Limited",0.0,,"WHO, UNICEF"
Brunei Darussalam,96,2006,"Drinking water, On premises",99.786194327556,,"WHO, UNICEF"
Brunei Darussalam,96,2006,"Drinking water, Unimproved",0.0,,"WHO, UNICEF"
Brunei Darussalam,96,2006,"Drinking water, Surface water",0.099979905943151,,"WHO, UNICEF"
Brunei Darussalam,96,2006,"Drinking water, Basic service",100.0,,"WHO, UNICEF"
Brunei Darussalam,96,2006,"Drinking water, At least basic service",99.900020094057,,"WHO, UNICEF"
Cambodia,116,2006,"Drinking water, On premises",44.522467207582,,"WHO, UNICEF"
Cambodia,116,2006,"Drinking water, Unimproved",17.648309175249,,"WHO, UNICEF"
Cambodia,116,2006,"Drinking water, Surface water",20.231000750709,,"WHO, UNICEF"
Cambodia,116,2006,"Drinking water, Safely managed service",20.0,,"WHO, UNICEF"
Cambodia,116,2006,"Drinking water, Free of contamination",19.862286335881,,"WHO, UNICEF"
Cambodia,116,2006,"Drinking water, Available",54.683171362356,,"WHO, UNICEF"
Cambodia,116,2006,"Drinking water, Limited",1.0770985346436,,"WHO, UNICEF"
Cambodia,116,2006,"Drinking water, Basic service",61.0,,"WHO, UNICEF"
Cambodia,116,2006,"Drinking water, Unimproved",6.6002941693007,,"WHO, UNICEF"
Cambodia,116,2006,"Drinking water, On premises",73.479779079996,,"WHO, UNICEF"
Cambodia,116,2006,"Drinking water, Safely managed service",49.0,,"WHO, UNICEF"
Cambodia,116,2006,"Drinking water, Free of contamination",48.946277949973,,"WHO, UNICEF"
Cambodia,116,2006,"Drinking water, Available",74.160455060727,,"WHO, UNICEF"
Cambodia,116,2006,"Drinking water, Limited",0.80860756353951,,"WHO, UNICEF"
Cambodia,116,2006,"Drinking water, Basic service",85.0,,"WHO, UNICEF"
Cambodia,116,2006,"Drinking water, Surface water",8.2757441785716,,"WHO, UNICEF"
Cambodia,116,2006,"Drinking water, Surface water",23.088904412659,,"WHO, UNICEF"
Cambodia,116,2006,"Drinking water, Unimproved",20.289332726753,,"WHO, UNICEF"
Cambodia,116,2006,"Drinking water, On premises",37.600226570532,,"WHO, UNICEF"
Cambodia,116,2006,"Drinking water, Safely managed service",13.0,,"WHO, UNICEF"
Cambodia,116,2006,"Drinking water, Free of contamination",12.909761932214,,"WHO, UNICEF"
Cambodia,116,2006,"Drinking water, Available",50.027130890476,,"WHO, UNICEF"
Cambodia,116,2006,"Drinking water, Limited",1.141281316753,,"WHO, UNICEF"
Cambodia,116,2006,"Drinking water, Basic service",55.0,,"WHO, UNICEF"
Indonesia,360,2006,"Drinking water, Free of contamination",25.527417728339,,"WHO, UNICEF"
Indonesia,360,2006,"Drinking water, Available",74.201109076644,,"WHO, UNICEF"
Indonesia,360,2006,"Drinking water, Safely managed service",26.0,,"WHO, UNICEF"
Indonesia,360,2006,"Drinking water, Basic service",82.0,,"WHO, UNICEF"
Indonesia,360,2006,"Drinking water, Limited",0.64566314367154,,"WHO, UNICEF"
Indonesia,360,2006,"Drinking water, Surface water",2.8875788694375,,"WHO, UNICEF"
Indonesia,360,2006,"Drinking water, Unimproved",15.490001730929,,"WHO, UNICEF"
Indonesia,360,2006,"Drinking water, On premises",61.685969506106,,"WHO, UNICEF"
Indonesia,360,2006,"Drinking water, Basic service",72.0,,"WHO, UNICEF"
Indonesia,360,2006,"Drinking water, Limited",0.59761791069894,,"WHO, UNICEF"
Indonesia,360,2006,"Drinking water, Available",65.021290510558,,"WHO, UNICEF"
Indonesia,360,2006,"Drinking water, Free of contamination",19.582115384365,,"WHO, UNICEF"
Indonesia,360,2006,"Drinking water, Safely managed service",20.0,,"WHO, UNICEF"
Indonesia,360,2006,"Drinking water, On premises",50.569179266097,,"WHO, UNICEF"
Indonesia,360,2006,"Drinking water, Unimproved",22.768707481685,,"WHO, UNICEF"
Indonesia,360,2006,"Drinking water, Surface water",4.9725641627248,,"WHO, UNICEF"
Indonesia,360,2006,"Drinking water, On premises",74.354518513992,,"WHO, UNICEF"
Indonesia,360,2006,"Drinking water, Surface water",0.51155753632776,,"WHO, UNICEF"
Indonesia,360,2006,"Drinking water, Unimproved",7.1952816067302,,"WHO, UNICEF"
Indonesia,360,2006,"Drinking water, Safely managed service",32.0,,"WHO, UNICEF"
Indonesia,360,2006,"Drinking water, Free of contamination",32.30260629993,,"WHO, UNICEF"
Indonesia,360,2006,"Drinking water, Available",84.662311556052,,"WHO, UNICEF"
Indonesia,360,2006,"Drinking water, Limited",0.70041488178245,,"WHO, UNICEF"
Indonesia,360,2006,"Drinking water, Basic service",92.0,,"WHO, UNICEF"
Lao People's Democratic Republic,418,2006,"Drinking water, Free of contamination",7.7570158247775,,"WHO, UNICEF"
Lao People's Democratic Republic,418,2006,"Drinking water, Available",50.242639157111,,"WHO, UNICEF"
Lao People's Democratic Republic,418,2006,"Drinking water, Limited",1.7018775914147,,"WHO, UNICEF"
Lao People's Democratic Republic,418,2006,"Drinking water, Basic service",52.0,,"WHO, UNICEF"
Lao People's Democratic Republic,418,2006,"Drinking water, Safely managed service",6.0,,"WHO, UNICEF"
Lao People's Democratic Republic,418,2006,"Drinking water, On premises",15.413077125947,,"WHO, UNICEF"
Lao People's Democratic Republic,418,2006,"Drinking water, Unimproved",25.382537927275,,"WHO, UNICEF"
Lao People's Democratic Republic,418,2006,"Drinking water, Surface water",21.945999566503,,"WHO, UNICEF"
Lao People's Democratic Republic,418,2006,"Drinking water, Surface water",16.749195822676,,"WHO, UNICEF"
Lao People's Democratic Republic,418,2006,"Drinking water, Unimproved",22.067655039937,,"WHO, UNICEF"
Lao People's Democratic Republic,418,2006,"Drinking water, On premises",26.075656032042,,"WHO, UNICEF"
Lao People's Democratic Republic,418,2006,"Drinking water, Safely managed service",9.0,,"WHO, UNICEF"
Lao People's Democratic Republic,418,2006,"Drinking water, Free of contamination",12.034746322355,,"WHO, UNICEF"
Lao People's Democratic Republic,418,2006,"Drinking water, Available",59.013967730675,,"WHO, UNICEF"
Lao People's Democratic Republic,418,2006,"Drinking water, Limited",1.3735467230535,,"WHO, UNICEF"
Lao People's Democratic Republic,418,2006,"Drinking water, Basic service",61.0,,"WHO, UNICEF"
Lao People's Democratic Republic,418,2006,"Drinking water, Limited",0.51861814987201,,"WHO, UNICEF"
Lao People's Democratic Republic,418,2006,"Drinking water, Basic service",84.0,,"WHO, UNICEF"
Lao People's Democratic Republic,418,2006,"Drinking water, Surface water",3.2174309424275,,"WHO, UNICEF"
Lao People's Democratic Republic,418,2006,"Drinking water, Unimproved",13.436148596507,,"WHO, UNICEF"
Lao People's Democratic Republic,418,2006,"Drinking water, On premises",53.839554339058,,"WHO, UNICEF"
Lao People's Democratic Republic,418,2006,"Drinking water, Safely managed service",18.0,,"WHO, UNICEF"
Lao People's Democratic Republic,418,2006,"Drinking water, Free of contamination",23.173372036449,,"WHO, UNICEF"
Lao People's Democratic Republic,418,2006,"Drinking water, Available",81.853311011716,,"WHO, UNICEF"
Malaysia,458,2006,"Drinking water, At least basic service",99.256412314168,,"WHO, UNICEF"
Malaysia,458,2006,"Drinking water, Surface water",0.09,,"WHO, UNICEF"
Malaysia,458,2006,"Drinking water, Unimproved",0.35492245319179,,"WHO, UNICEF"
Malaysia,458,2006,"Drinking water, On premises",97.364865840778,,"WHO, UNICEF"
Malaysia,458,2006,"Drinking water, Limited",0.29866523264043,,"WHO, UNICEF"
Malaysia,458,2006,"Drinking water, Basic service",98.0,,"WHO, UNICEF"
Malaysia,458,2006,"Drinking water, Basic service",93.0,,"WHO, UNICEF"
Malaysia,458,2006,"Drinking water, Surface water",2.1,,"WHO, UNICEF"
Malaysia,458,2006,"Drinking water, Unimproved",5.1275058339629,,"WHO, UNICEF"
Malaysia,458,2006,"Drinking water, On premises",84.05187971443,,"WHO, UNICEF"
Malaysia,458,2006,"Drinking water, At least basic service",92.215859201041,,"WHO, UNICEF"
Malaysia,458,2006,"Drinking water, Limited",0.55663496499621,,"WHO, UNICEF"
Malaysia,458,2006,"Drinking water, Safely managed service",93.0,,"WHO, UNICEF"
Malaysia,458,2006,"Drinking water, Free of contamination",96.90080374443,,"WHO, UNICEF"
Malaysia,458,2006,"Drinking water, Limited",0.38254924762983,,"WHO, UNICEF"
Malaysia,458,2006,"Drinking water, Basic service",97.0,,"WHO, UNICEF"
Malaysia,458,2006,"Drinking water, Surface water",0.7435916703024,,"WHO, UNICEF"
Malaysia,458,2006,"Drinking water, Unimproved",1.9068229968831,,"WHO, UNICEF"
Malaysia,458,2006,"Drinking water, On premises",93.035882656339,,"WHO, UNICEF"
Myanmar,104,2006,"Drinking water, Basic service",76.0,,"WHO, UNICEF"
Myanmar,104,2006,"Drinking water, Limited",10.669268479741,,"WHO, UNICEF"
Myanmar,104,2006,"Drinking water, Available",80.776299336585,,"WHO, UNICEF"
Myanmar,104,2006,"Drinking water, Free of contamination",67.284568305151,,"WHO, UNICEF"
Myanmar,104,2006,"Drinking water, Safely managed service",61.0,,"WHO, UNICEF"
Myanmar,104,2006,"Drinking water, On premises",61.080384323321,,"WHO, UNICEF"
Myanmar,104,2006,"Drinking water, Unimproved",7.6393980924035,,"WHO, UNICEF"
Myanmar,104,2006,"Drinking water, Surface water",5.3171758983452,,"WHO, UNICEF"
Myanmar,104,2006,"Drinking water, Unimproved",16.736048641237,,"WHO, UNICEF"
Myanmar,104,2006,"Drinking water, On premises",27.002224690834,,"WHO, UNICEF"
Myanmar,104,2006,"Drinking water, Safely managed service",27.0,,"WHO, UNICEF"
Myanmar,104,2006,"Drinking water, Free of contamination",42.116145265498,,"WHO, UNICEF"
Myanmar,104,2006,"Drinking water, Available",55.175415115265,,"WHO, UNICEF"
Myanmar,104,2006,"Drinking water, Limited",16.156078564971,,"WHO, UNICEF"
Myanmar,104,2006,"Drinking water, Basic service",49.0,,"WHO, UNICEF"
Myanmar,104,2006,"Drinking water, Surface water",17.967602109929,,"WHO, UNICEF"
Myanmar,104,2006,"Drinking water, Surface water",14.408784696715,,"WHO, UNICEF"
Myanmar,104,2006,"Drinking water, Basic service",57.0,,"WHO, UNICEF"
Myanmar,104,2006,"Drinking water, Limited",14.61252960557,,"WHO, UNICEF"
Myanmar,104,2006,"Drinking water, Available",62.377457522637,,"WHO, UNICEF"
Myanmar,104,2006,"Drinking water, Free of contamination",49.196527314534,,"WHO, UNICEF"
Myanmar,104,2006,"Drinking water, Safely managed service",37.0,,"WHO, UNICEF"
Myanmar,104,2006,"Drinking water, On premises",36.589093422906,,"WHO, UNICEF"
Myanmar,104,2006,"Drinking water, Unimproved",14.176976478734,,"WHO, UNICEF"
Philippines,608,2006,"Drinking water, On premises",67.789613570108,,"WHO, UNICEF"
Philippines,608,2006,"Drinking water, Surface water",0.57408511227909,,"WHO, UNICEF"
Philippines,608,2006,"Drinking water, Unimproved",2.60763968544,,"WHO, UNICEF"
Philippines,608,2006,"Drinking water, Safely managed service",61.0,,"WHO, UNICEF"
Philippines,608,2006,"Drinking water, Free of contamination",60.361002253564,,"WHO, UNICEF"
Philippines,608,2006,"Drinking water, Available",86.771903193604,,"WHO, UNICEF"
Philippines,608,2006,"Drinking water, Limited",2.2846566413531,,"WHO, UNICEF"
Philippines,608,2006,"Drinking water, Basic service",95.0,,"WHO, UNICEF"
Philippines,608,2006,"Drinking water, Free of contamination",44.669986791807,,"WHO, UNICEF"
Philippines,608,2006,"Drinking water, Available",81.06439835781,,"WHO, UNICEF"
Philippines,608,2006,"Drinking water, Limited",2.9927287557915,,"WHO, UNICEF"
Philippines,608,2006,"Drinking water, Basic service",89.0,,"WHO, UNICEF"
Philippines,608,2006,"Drinking water, Safely managed service",45.0,,"WHO, UNICEF"
Philippines,608,2006,"Drinking water, On premises",49.982471803856,,"WHO, UNICEF"
Philippines,608,2006,"Drinking water, Unimproved",6.6031899535027,,"WHO, UNICEF"
Philippines,608,2006,"Drinking water, Surface water",2.1038699818698,,"WHO, UNICEF"
Philippines,608,2006,"Drinking water, Surface water",3.3874826616644,,"WHO, UNICEF"
Philippines,608,2006,"Drinking water, Unimproved",9.9557802791841,,"WHO, UNICEF"
Philippines,608,2006,"Drinking water, On premises",35.040844617566,,"WHO, UNICEF"
Philippines,608,2006,"Drinking water, Safely managed service",32.0,,"WHO, UNICEF"
Philippines,608,2006,"Drinking water, Free of contamination",31.503960121131,,"WHO, UNICEF"
Philippines,608,2006,"Drinking water, Available",76.275340503486,,"WHO, UNICEF"
Philippines,608,2006,"Drinking water, Limited",3.5868582322882,,"WHO, UNICEF"
Philippines,608,2006,"Drinking water, Basic service",84.0,,"WHO, UNICEF"
Singapore,702,2006,"Drinking water, Unimproved",0.0,,"WHO, UNICEF"
Singapore,702,2006,"Drinking water, Surface water",0.0,,"WHO, UNICEF"
Singapore,702,2006,"Drinking water, On premises",100.0,,"WHO, UNICEF"
Singapore,702,2006,"Drinking water, Safely managed service",100.0,,"WHO, UNICEF"
Singapore,702,2006,"Drinking water, Free of contamination",100.0,,"WHO, UNICEF"
Singapore,702,2006,"Drinking water, Limited",0.0,,"WHO, UNICEF"
Singapore,702,2006,"Drinking water, Basic service",100.0,,"WHO, UNICEF"
Singapore,702,2006,"Drinking water, Basic service",100.0,,"WHO, UNICEF"
Singapore,702,2006,"Drinking water, Free of contamination",100.0,,"WHO, UNICEF"
Singapore,702,2006,"Drinking water, Safely managed service",100.0,,"WHO, UNICEF"
Singapore,702,2006,"Drinking water, On premises",100.0,,"WHO, UNICEF"
Singapore,702,2006,"Drinking water, Unimproved",0.0,,"WHO, UNICEF"
Singapore,702,2006,"Drinking water, Surface water",0.0,,"WHO, UNICEF"
Singapore,702,2006,"Drinking water, Limited",0.0,,"WHO, UNICEF"
Thailand,764,2006,"Drinking water, Surface water",0.74767562758247,,"WHO, UNICEF"
Thailand,764,2006,"Drinking water, Unimproved",4.2709245323971,,"WHO, UNICEF"
Thailand,764,2006,"Drinking water, On premises",89.453469888926,,"WHO, UNICEF"
Thailand,764,2006,"Drinking water, Limited",0.28688828582909,,"WHO, UNICEF"
Thailand,764,2006,"Drinking water, Basic service",94.0,,"WHO, UNICEF"
Thailand,764,2006,"Drinking water, At least basic service",94.694511554191,,"WHO, UNICEF"
Thailand,764,2006,"Drinking water, Available",94.212962322755,,"WHO, UNICEF"
Thailand,764,2006,"Drinking water, Basic service",96.0,,"WHO, UNICEF"
Thailand,764,2006,"Drinking water, Surface water",0.49830901572177,,"WHO, UNICEF"
Thailand,764,2006,"Drinking water, Unimproved",3.0556876098316,,"WHO, UNICEF"
Thailand,764,2006,"Drinking water, On premises",92.284257354519,,"WHO, UNICEF"
Thailand,764,2006,"Drinking water, Available",95.901764948127,,"WHO, UNICEF"
Thailand,764,2006,"Drinking water, Limited",0.18315885335243,,"WHO, UNICEF"
Thailand,764,2006,"Drinking water, At least basic service",96.262844521094,,"WHO, UNICEF"
Thailand,764,2006,"Drinking water, At least basic service",98.749879699055,,"WHO, UNICEF"
Thailand,764,2006,"Drinking water, Surface water",0.10286753326962,,"WHO, UNICEF"
Thailand,764,2006,"Drinking water, Unimproved",1.1285863463881,,"WHO, UNICEF"
Thailand,764,2006,"Drinking water, On premises",96.773272189239,,"WHO, UNICEF"
Thailand,764,2006,"Drinking water, Available",98.579838936125,,"WHO, UNICEF"
Thailand,764,2006,"Drinking water, Limited",0.018666421287051,,"WHO, UNICEF"
Thailand,764,2006,"Drinking water, Basic service",98.0,,"WHO, UNICEF"
Viet Nam,704,2006,"Drinking water, Surface water",7.6326504920032,,"WHO, UNICEF"
Viet Nam,704,2006,"Drinking water, Unimproved",9.9521680031285,,"WHO, UNICEF"
Viet Nam,704,2006,"Drinking water, On premises",70.334934490885,,"WHO, UNICEF"
Viet Nam,704,2006,"Drinking water, Safely managed service",39.0,,"WHO, UNICEF"
Viet Nam,704,2006,"Drinking water, Free of contamination",39.324552202375,,"WHO, UNICEF"
Viet Nam,704,2006,"Drinking water, Available",79.330381261141,,"WHO, UNICEF"
Viet Nam,704,2006,"Drinking water, Limited",0.77804516805463,,"WHO, UNICEF"
Viet Nam,704,2006,"Drinking water, Basic service",82.0,,"WHO, UNICEF"
Viet Nam,704,2006,"Drinking water, Surface water",1.091973052547,,"WHO, UNICEF"
Viet Nam,704,2006,"Drinking water, Unimproved",2.004696469517,,"WHO, UNICEF"
Viet Nam,704,2006,"Drinking water, On premises",91.921775753709,,"WHO, UNICEF"
Viet Nam,704,2006,"Drinking water, Safely managed service",74.0,,"WHO, UNICEF"
Viet Nam,704,2006,"Drinking water, Free of contamination",74.087325032909,,"WHO, UNICEF"
Viet Nam,704,2006,"Drinking water, Available",96.903330477936,,"WHO, UNICEF"
Viet Nam,704,2006,"Drinking water, Limited",0.9516214030578,,"WHO, UNICEF"
Viet Nam,704,2006,"Drinking water, Basic service",96.0,,"WHO, UNICEF"
Viet Nam,704,2006,"Drinking water, Surface water",5.8085862197254,,"WHO, UNICEF"
Viet Nam,704,2006,"Drinking water, Unimproved",7.7357783484764,,"WHO, UNICEF"
Viet Nam,704,2006,"Drinking water, On premises",76.355071937162,,"WHO, UNICEF"
Viet Nam,704,2006,"Drinking water, Safely managed service",49.0,,"WHO, UNICEF"
Viet Nam,704,2006,"Drinking water, Free of contamination",49.019193960562,,"WHO, UNICEF"
Viet Nam,704,2006,"Drinking water, Available",84.231124342637,,"WHO, UNICEF"
Viet Nam,704,2006,"Drinking water, Limited",0.82645209871083,,"WHO, UNICEF"
Viet Nam,704,2006,"Drinking water, Basic service",86.0,,"WHO, UNICEF"
Brunei Darussalam,96,2007,"Drinking water, Basic service",100.0,,"WHO, UNICEF"
Brunei Darussalam,96,2007,"Drinking water, Surface water",0.099977963496496,,"WHO, UNICEF"
Brunei Darussalam,96,2007,"Drinking water, Unimproved",0.0,,"WHO, UNICEF"
Brunei Darussalam,96,2007,"Drinking water, On premises",99.788734374122,,"WHO, UNICEF"
Brunei Darussalam,96,2007,"Drinking water, At least basic service",99.900022036504,,"WHO, UNICEF"
Brunei Darussalam,96,2007,"Drinking water, Limited",0.0,,"WHO, UNICEF"
Cambodia,116,2007,"Drinking water, Surface water",7.8080699056103,,"WHO, UNICEF"
Cambodia,116,2007,"Drinking water, Unimproved",6.1377091380749,,"WHO, UNICEF"
Cambodia,116,2007,"Drinking water, On premises",73.291170735417,,"WHO, UNICEF"
Cambodia,116,2007,"Drinking water, Safely managed service",50.0,,"WHO, UNICEF"
Cambodia,116,2007,"Drinking water, Free of contamination",49.481177049881,,"WHO, UNICEF"
Cambodia,116,2007,"Drinking water, Available",74.970901989935,,"WHO, UNICEF"
Cambodia,116,2007,"Drinking water, Limited",1.1085545484092,,"WHO, UNICEF"
Cambodia,116,2007,"Drinking water, Basic service",85.0,,"WHO, UNICEF"
Cambodia,116,2007,"Drinking water, Surface water",19.448974310208,,"WHO, UNICEF"
Cambodia,116,2007,"Drinking water, Unimproved",16.733759263284,,"WHO, UNICEF"
Cambodia,116,2007,"Drinking water, On premises",44.96068868975,,"WHO, UNICEF"
Cambodia,116,2007,"Drinking water, Safely managed service",20.0,,"WHO, UNICEF"
Cambodia,116,2007,"Drinking water, Free of contamination",20.347216731776,,"WHO, UNICEF"
Cambodia,116,2007,"Drinking water, Available",56.178665417872,,"WHO, UNICEF"
Cambodia,116,2007,"Drinking water, Limited",1.559806373164,,"WHO, UNICEF"
Cambodia,116,2007,"Drinking water, Basic service",62.0,,"WHO, UNICEF"
Cambodia,116,2007,"Drinking water, Safely managed service",13.0,,"WHO, UNICEF"
Cambodia,116,2007,"Drinking water, On premises",38.136018157022,,"WHO, UNICEF"
Cambodia,116,2007,"Drinking water, Unimproved",19.286295968542,,"WHO, UNICEF"
Cambodia,116,2007,"Drinking water, Surface water",22.253208699331,,"WHO, UNICEF"
Cambodia,116,2007,"Drinking water, Free of contamination",13.328992935725,,"WHO, UNICEF"
Cambodia,116,2007,"Drinking water, Available",51.65170959271,,"WHO, UNICEF"
Cambodia,116,2007,"Drinking water, Limited",1.6685106130291,,"WHO, UNICEF"
Cambodia,116,2007,"Drinking water, Basic service",57.0,,"WHO, UNICEF"
Indonesia,360,2007,"Drinking water, Basic service",73.0,,"WHO, UNICEF"
Indonesia,360,2007,"Drinking water, Limited",0.63640191192702,,"WHO, UNICEF"
Indonesia,360,2007,"Drinking water, Available",65.991229781302,,"WHO, UNICEF"
Indonesia,360,2007,"Drinking water, Free of contamination",19.87422682304,,"WHO, UNICEF"
Indonesia,360,2007,"Drinking water, Safely managed service",20.0,,"WHO, UNICEF"
Indonesia,360,2007,"Drinking water, On premises",51.401977763402,,"WHO, UNICEF"
Indonesia,360,2007,"Drinking water, Unimproved",21.882892298123,,"WHO, UNICEF"
Indonesia,360,2007,"Drinking water, Surface water",4.7804773585561,,"WHO, UNICEF"
Indonesia,360,2007,"Drinking water, Limited",0.66361216009999,,"WHO, UNICEF"
Indonesia,360,2007,"Drinking water, Surface water",2.7377713498952,,"WHO, UNICEF"
Indonesia,360,2007,"Drinking water, Unimproved",14.717033533848,,"WHO, UNICEF"
Indonesia,360,2007,"Drinking water, On premises",62.292522026593,,"WHO, UNICEF"
Indonesia,360,2007,"Drinking water, Safely managed service",26.0,,"WHO, UNICEF"
Indonesia,360,2007,"Drinking water, Free of contamination",25.851209183509,,"WHO, UNICEF"
Indonesia,360,2007,"Drinking water, Available",75.047770612175,,"WHO, UNICEF"
Indonesia,360,2007,"Drinking water, Basic service",83.0,,"WHO, UNICEF"
Indonesia,360,2007,"Drinking water, Safely managed service",32.0,,"WHO, UNICEF"
Indonesia,360,2007,"Drinking water, Surface water",0.48320987370362,,"WHO, UNICEF"
Indonesia,360,2007,"Drinking water, Unimproved",6.8079810628832,,"WHO, UNICEF"
Indonesia,360,2007,"Drinking water, On premises",74.312558859361,,"WHO, UNICEF"
Indonesia,360,2007,"Drinking water, Free of contamination",32.448083172195,,"WHO, UNICEF"
Indonesia,360,2007,"Drinking water, Available",85.043593740205,,"WHO, UNICEF"
Indonesia,360,2007,"Drinking water, Limited",0.69364446833606,,"WHO, UNICEF"
Indonesia,360,2007,"Drinking water, Basic service",93.0,,"WHO, UNICEF"
Lao People's Democratic Republic,418,2007,"Drinking water, Free of contamination",8.1127345374768,,"WHO, UNICEF"
Lao People's Democratic Republic,418,2007,"Drinking water, Basic service",54.0,,"WHO, UNICEF"
Lao People's Democratic Republic,418,2007,"Drinking water, Limited",1.9251895877213,,"WHO, UNICEF"
Lao People's Democratic Republic,418,2007,"Drinking water, Available",52.546649787913,,"WHO, UNICEF"
Lao People's Democratic Republic,418,2007,"Drinking water, Safely managed service",6.0,,"WHO, UNICEF"
Lao People's Democratic Republic,418,2007,"Drinking water, On premises",18.753643365536,,"WHO, UNICEF"
Lao People's Democratic Republic,418,2007,"Drinking water, Unimproved",24.584724978736,,"WHO, UNICEF"
Lao People's Democratic Republic,418,2007,"Drinking water, Surface water",20.328421691827,,"WHO, UNICEF"
Lao People's Democratic Republic,418,2007,"Drinking water, Available",61.138564929806,,"WHO, UNICEF"
Lao People's Democratic Republic,418,2007,"Drinking water, Basic service",63.0,,"WHO, UNICEF"
Lao People's Democratic Republic,418,2007,"Drinking water, Limited",1.5349389279578,,"WHO, UNICEF"
Lao People's Democratic Republic,418,2007,"Drinking water, Free of contamination",12.460380531187,,"WHO, UNICEF"
Lao People's Democratic Republic,418,2007,"Drinking water, Safely managed service",10.0,,"WHO, UNICEF"
Lao People's Democratic Republic,418,2007,"Drinking water, Surface water",15.412199810097,,"WHO, UNICEF"
Lao People's Democratic Republic,418,2007,"Drinking water, Unimproved",21.200174197884,,"WHO, UNICEF"
Lao People's Democratic Republic,418,2007,"Drinking water, On premises",29.742947072516,,"WHO, UNICEF"
Lao People's Democratic Republic,418,2007,"Drinking water, Surface water",2.9664314344968,,"WHO, UNICEF"
Lao People's Democratic Republic,418,2007,"Drinking water, Unimproved",12.631929507448,,"WHO, UNICEF"
Lao People's Democratic Republic,418,2007,"Drinking water, On premises",57.563166080735,,"WHO, UNICEF"
Lao People's Democratic Republic,418,2007,"Drinking water, Safely managed service",18.0,,"WHO, UNICEF"
Lao People's Democratic Republic,418,2007,"Drinking water, Free of contamination",23.466761638457,,"WHO, UNICEF"
Lao People's Democratic Republic,418,2007,"Drinking water, Available",82.889625895149,,"WHO, UNICEF"
Lao People's Democratic Republic,418,2007,"Drinking water, Basic service",85.0,,"WHO, UNICEF"
Lao People's Democratic Republic,418,2007,"Drinking water, Limited",0.54699142716809,,"WHO, UNICEF"
Malaysia,458,2007,"Drinking water, Surface water",0.09,,"WHO, UNICEF"
Malaysia,458,2007,"Drinking water, Unimproved",0.36304083738758,,"WHO, UNICEF"
Malaysia,458,2007,"Drinking water, On premises",97.356926061035,,"WHO, UNICEF"
Malaysia,458,2007,"Drinking water, Limited",0.29864087748784,,"WHO, UNICEF"
Malaysia,458,2007,"Drinking water, Basic service",98.0,,"WHO, UNICEF"
Malaysia,458,2007,"Drinking water, At least basic service",99.248318285125,,"WHO, UNICEF"
Malaysia,458,2007,"Drinking water, At least basic service",92.071686981281,,"WHO, UNICEF"
Malaysia,458,2007,"Drinking water, Surface water",2.1,,"WHO, UNICEF"
Malaysia,458,2007,"Drinking water, Unimproved",5.2725483085705,,"WHO, UNICEF"
Malaysia,458,2007,"Drinking water, On premises",83.920471232435,,"WHO, UNICEF"
Malaysia,458,2007,"Drinking water, Limited",0.55576471014857,,"WHO, UNICEF"
Malaysia,458,2007,"Drinking water, Basic service",93.0,,"WHO, UNICEF"
Malaysia,458,2007,"Drinking water, Unimproved",1.9164107289492,,"WHO, UNICEF"
Malaysia,458,2007,"Drinking water, On premises",93.105630159582,,"WHO, UNICEF"
Malaysia,458,2007,"Drinking water, Safely managed service",93.0,,"WHO, UNICEF"
Malaysia,458,2007,"Drinking water, Free of contamination",96.940934658376,,"WHO, UNICEF"
Malaysia,458,2007,"Drinking water, Limited",0.37999484999111,,"WHO, UNICEF"
Malaysia,458,2007,"Drinking water, Basic service",97.0,,"WHO, UNICEF"
Malaysia,458,2007,"Drinking water, Surface water",0.72596397641401,,"WHO, UNICEF"
Myanmar,104,2007,"Drinking water, Safely managed service",63.0,,"WHO, UNICEF"
Myanmar,104,2007,"Drinking water, Free of contamination",67.625583047665,,"WHO, UNICEF"
Myanmar,104,2007,"Drinking water, Available",81.185693490599,,"WHO, UNICEF"
Myanmar,104,2007,"Drinking water, Limited",9.9523805976578,,"WHO, UNICEF"
Myanmar,104,2007,"Drinking water, Basic service",78.0,,"WHO, UNICEF"
Myanmar,104,2007,"Drinking water, On premises",62.770295014083,,"WHO, UNICEF"
Myanmar,104,2007,"Drinking water, Unimproved",7.2292813967268,,"WHO, UNICEF"
Myanmar,104,2007,"Drinking water, Surface water",5.2861351004728,,"WHO, UNICEF"
Myanmar,104,2007,"Drinking water, Surface water",14.190349360764,,"WHO, UNICEF"
Myanmar,104,2007,"Drinking water, Basic service",59.0,,"WHO, UNICEF"
Myanmar,104,2007,"Drinking water, Limited",13.810432461916,,"WHO, UNICEF"
Myanmar,104,2007,"Drinking water, Available",63.060515705976,,"WHO, UNICEF"
Myanmar,104,2007,"Drinking water, Free of contamination",49.736513488714,,"WHO, UNICEF"
Myanmar,104,2007,"Drinking water, Safely managed service",38.0,,"WHO, UNICEF"
Myanmar,104,2007,"Drinking water, On premises",38.192848447663,,"WHO, UNICEF"
Myanmar,104,2007,"Drinking water, Unimproved",13.61531854218,,"WHO, UNICEF"
Myanmar,104,2007,"Drinking water, Available",55.899803839384,,"WHO, UNICEF"
Myanmar,104,2007,"Drinking water, Limited",15.334632199029,,"WHO, UNICEF"
Myanmar,104,2007,"Drinking water, Free of contamination",42.669081037163,,"WHO, UNICEF"
Myanmar,104,2007,"Drinking water, Safely managed service",29.0,,"WHO, UNICEF"
Myanmar,104,2007,"Drinking water, On premises",28.483040136457,,"WHO, UNICEF"
Myanmar,104,2007,"Drinking water, Unimproved",16.138250341731,,"WHO, UNICEF"
Myanmar,104,2007,"Drinking water, Surface water",17.708135647163,,"WHO, UNICEF"
Myanmar,104,2007,"Drinking water, Basic service",51.0,,"WHO, UNICEF"
Philippines,608,2007,"Drinking water, Basic service",84.0,,"WHO, UNICEF"
Philippines,608,2007,"Drinking water, Limited",3.6133226232695,,"WHO, UNICEF"
Philippines,608,2007,"Drinking water, Available",76.868171377304,,"WHO, UNICEF"
Philippines,608,2007,"Drinking water, Free of contamination",31.721173220384,,"WHO, UNICEF"
Philippines,608,2007,"Drinking water, Safely managed service",32.0,,"WHO, UNICEF"
Philippines,608,2007,"Drinking water, On premises",37.270753381666,,"WHO, UNICEF"
Philippines,608,2007,"Drinking water, Unimproved",9.639717252277,,"WHO, UNICEF"
Philippines,608,2007,"Drinking water, Surface water",3.1060659318857,,"WHO, UNICEF"
Philippines,608,2007,"Drinking water, Safely managed service",45.0,,"WHO, UNICEF"
Philippines,608,2007,"Drinking water, On premises",51.840619655783,,"WHO, UNICEF"
Philippines,608,2007,"Drinking water, Unimproved",6.3877312780063,,"WHO, UNICEF"
Philippines,608,2007,"Drinking water, Surface water",1.9316718300061,,"WHO, UNICEF"
Philippines,608,2007,"Drinking water, Free of contamination",44.807958858325,,"WHO, UNICEF"
Philippines,608,2007,"Drinking water, Available",81.433392683824,,"WHO, UNICEF"
Philippines,608,2007,"Drinking water, Limited",2.9874479718059,,"WHO, UNICEF"
Philippines,608,2007,"Drinking water, Basic service",89.0,,"WHO, UNICEF"
Philippines,608,2007,"Drinking water, Surface water",0.52724717083555,,"WHO, UNICEF"
Philippines,608,2007,"Drinking water, Unimproved",2.4987684628949,,"WHO, UNICEF"
Philippines,608,2007,"Drinking water, Safely managed service",61.0,,"WHO, UNICEF"
Philippines,608,2007,"Drinking water, Free of contamination",60.458078566675,,"WHO, UNICEF"
Philippines,608,2007,"Drinking water, Available",86.892815963605,,"WHO, UNICEF"
Philippines,608,2007,"Drinking water, Limited",2.2389822907351,,"WHO, UNICEF"
Philippines,608,2007,"Drinking water, Basic service",95.0,,"WHO, UNICEF"
Philippines,608,2007,"Drinking water, On premises",69.264313975182,,"WHO, UNICEF"
Singapore,702,2007,"Drinking water, Basic service",100.0,,"WHO, UNICEF"
Singapore,702,2007,"Drinking water, Limited",0.0,,"WHO, UNICEF"
Singapore,702,2007,"Drinking water, Free of contamination",100.0,,"WHO, UNICEF"
Singapore,702,2007,"Drinking water, Surface water",0.0,,"WHO, UNICEF"
Singapore,702,2007,"Drinking water, Unimproved",0.0,,"WHO, UNICEF"
Singapore,702,2007,"Drinking water, On premises",100.0,,"WHO, UNICEF"
Singapore,702,2007,"Drinking water, Safely managed service",100.0,,"WHO, UNICEF"
Singapore,702,2007,"Drinking water, Surface water",0.0,,"WHO, UNICEF"
Singapore,702,2007,"Drinking water, Basic service",100.0,,"WHO, UNICEF"
Singapore,702,2007,"Drinking water, Limited",0.0,,"WHO, UNICEF"
Singapore,702,2007,"Drinking water, Free of contamination",100.0,,"WHO, UNICEF"
Singapore,702,2007,"Drinking water, Safely managed service",100.0,,"WHO, UNICEF"
Singapore,702,2007,"Drinking water, Unimproved",0.0,,"WHO, UNICEF"
Singapore,702,2007,"Drinking water, On premises",100.0,,"WHO, UNICEF"
Thailand,764,2007,"Drinking water, Available",94.609616888243,,"WHO, UNICEF"
Thailand,764,2007,"Drinking water, At least basic service",95.098938356544,,"WHO, UNICEF"
Thailand,764,2007,"Drinking water, Basic service",95.0,,"WHO, UNICEF"
Thailand,764,2007,"Drinking water, Limited",0.28235131767933,,"WHO, UNICEF"
Thailand,764,2007,"Drinking water, On premises",90.286035700936,,"WHO, UNICEF"
Thailand,764,2007,"Drinking water, Surface water",0.73772404492995,,"WHO, UNICEF"
Thailand,764,2007,"Drinking water, Unimproved",3.8809862808462,,"WHO, UNICEF"
Thailand,764,2007,"Drinking water, Limited",0.037175910248649,,"WHO, UNICEF"
Thailand,764,2007,"Drinking water, Available",98.690537672381,,"WHO, UNICEF"
Thailand,764,2007,"Drinking water, On premises",97.030320598934,,"WHO, UNICEF"
Thailand,764,2007,"Drinking water, Basic service",98.0,,"WHO, UNICEF"
Thailand,764,2007,"Drinking water, Unimproved",1.0161579150116,,"WHO, UNICEF"
Thailand,764,2007,"Drinking water, Surface water",0.10438532251668,,"WHO, UNICEF"
Thailand,764,2007,"Drinking water, At least basic service",98.842280852223,,"WHO, UNICEF"
Thailand,764,2007,"Drinking water, Surface water",0.48470521633469,,"WHO, UNICEF"
Thailand,764,2007,"Drinking water, Basic service",96.0,,"WHO, UNICEF"
Thailand,764,2007,"Drinking water, Limited",0.18440373893469,,"WHO, UNICEF"
Thailand,764,2007,"Drinking water, Available",96.239944660046,,"WHO, UNICEF"
Thailand,764,2007,"Drinking water, On premises",92.98037747575,,"WHO, UNICEF"
Thailand,764,2007,"Drinking water, Unimproved",2.73648744755,,"WHO, UNICEF"
Thailand,764,2007,"Drinking water, At least basic service",96.594403597181,,"WHO, UNICEF"
Viet Nam,704,2007,"Drinking water, Surface water",7.0480124024418,,"WHO, UNICEF"
Viet Nam,704,2007,"Drinking water, Unimproved",9.6107502635571,,"WHO, UNICEF"
Viet Nam,704,2007,"Drinking water, On premises",72.142201813396,,"WHO, UNICEF"
Viet Nam,704,2007,"Drinking water, Safely managed service",40.0,,"WHO, UNICEF"
Viet Nam,704,2007,"Drinking water, Free of contamination",39.766421408146,,"WHO, UNICEF"
Viet Nam,704,2007,"Drinking water, Available",80.221774820589,,"WHO, UNICEF"
Viet Nam,704,2007,"Drinking water, Limited",0.75331544815516,,"WHO, UNICEF"
Viet Nam,704,2007,"Drinking water, Basic service",83.0,,"WHO, UNICEF"
Viet Nam,704,2007,"Drinking water, Surface water",5.3240807240298,,"WHO, UNICEF"
Viet Nam,704,2007,"Drinking water, Basic service",86.0,,"WHO, UNICEF"
Viet Nam,704,2007,"Drinking water, Limited",0.80134483950085,,"WHO, UNICEF"
Viet Nam,704,2007,"Drinking water, Available",85.015848132859,,"WHO, UNICEF"
Viet Nam,704,2007,"Drinking water, Free of contamination",49.579193316868,,"WHO, UNICEF"
Viet Nam,704,2007,"Drinking water, Safely managed service",50.0,,"WHO, UNICEF"
Viet Nam,704,2007,"Drinking water, On premises",77.925746280924,,"WHO, UNICEF"
Viet Nam,704,2007,"Drinking water, Unimproved",7.429780188888,,"WHO, UNICEF"
Viet Nam,704,2007,"Drinking water, Unimproved",1.9592994229717,,"WHO, UNICEF"
Viet Nam,704,2007,"Drinking water, Surface water",0.99997790283624,,"WHO, UNICEF"
Viet Nam,704,2007,"Drinking water, On premises",92.432491316573,,"WHO, UNICEF"
Viet Nam,704,2007,"Drinking water, Safely managed service",74.0,,"WHO, UNICEF"
Viet Nam,704,2007,"Drinking water, Free of contamination",74.192368071686,,"WHO, UNICEF"
Viet Nam,704,2007,"Drinking water, Available",97.040722674192,,"WHO, UNICEF"
Viet Nam,704,2007,"Drinking water, Limited",0.92181596560185,,"WHO, UNICEF"
Viet Nam,704,2007,"Drinking water, Basic service",96.0,,"WHO, UNICEF"
Brunei Darussalam,96,2008,"Drinking water, At least basic service",99.900023978875,,"WHO, UNICEF"
Brunei Darussalam,96,2008,"Drinking water, Limited",0.0,,"WHO, UNICEF"
Brunei Darussalam,96,2008,"Drinking water, On premises",99.791274420711,,"WHO, UNICEF"
Brunei Darussalam,96,2008,"Drinking water, Unimproved",0.0,,"WHO, UNICEF"
Brunei Darussalam,96,2008,"Drinking water, Surface water",0.099976021125317,,"WHO, UNICEF"
Brunei Darussalam,96,2008,"Drinking water, Basic service",100.0,,"WHO, UNICEF"
Cambodia,116,2008,"Drinking water, Surface water",7.340395632649,,"WHO, UNICEF"
Cambodia,116,2008,"Drinking water, Basic service",86.0,,"WHO, UNICEF"
Cambodia,116,2008,"Drinking water, Limited",1.4147954268322,,"WHO, UNICEF"
Cambodia,116,2008,"Drinking water, Available",75.781348919143,,"WHO, UNICEF"
Cambodia,116,2008,"Drinking water, Free of contamination",50.016076149789,,"WHO, UNICEF"
Cambodia,116,2008,"Drinking water, Safely managed service",50.0,,"WHO, UNICEF"
Cambodia,116,2008,"Drinking water, On premises",73.081123335226,,"WHO, UNICEF"
Cambodia,116,2008,"Drinking water, Unimproved",5.6751241068491,,"WHO, UNICEF"
Cambodia,116,2008,"Drinking water, Surface water",21.417512986004,,"WHO, UNICEF"
Cambodia,116,2008,"Drinking water, Unimproved",18.28325921033,,"WHO, UNICEF"
Cambodia,116,2008,"Drinking water, On premises",38.628704859563,,"WHO, UNICEF"
Cambodia,116,2008,"Drinking water, Safely managed service",14.0,,"WHO, UNICEF"
Cambodia,116,2008,"Drinking water, Free of contamination",13.748223939236,,"WHO, UNICEF"
Cambodia,116,2008,"Drinking water, Available",53.276288294945,,"WHO, UNICEF"
Cambodia,116,2008,"Drinking water, Limited",2.2265739511164,,"WHO, UNICEF"
Cambodia,116,2008,"Drinking water, Basic service",58.0,,"WHO, UNICEF"
Cambodia,116,2008,"Drinking water, Safely managed service",21.0,,"WHO, UNICEF"
Cambodia,116,2008,"Drinking water, On premises",45.371387342387,,"WHO, UNICEF"
Cambodia,116,2008,"Drinking water, Unimproved",15.815721506019,,"WHO, UNICEF"
Cambodia,116,2008,"Drinking water, Surface water",18.662480324962,,"WHO, UNICEF"
Cambodia,116,2008,"Drinking water, Free of contamination",20.846205057428,,"WHO, UNICEF"
Cambodia,116,2008,"Drinking water, Available",57.680753367771,,"WHO, UNICEF"
Cambodia,116,2008,"Drinking water, Limited",2.06770077045,,"WHO, UNICEF"
Cambodia,116,2008,"Drinking water, Basic service",64.0,,"WHO, UNICEF"
Indonesia,360,2008,"Drinking water, Basic service",93.0,,"WHO, UNICEF"
Indonesia,360,2008,"Drinking water, Unimproved",6.4206805190361,,"WHO, UNICEF"
Indonesia,360,2008,"Drinking water, On premises",74.267220354971,,"WHO, UNICEF"
Indonesia,360,2008,"Drinking water, Safely managed service",33.0,,"WHO, UNICEF"
Indonesia,360,2008,"Drinking water, Free of contamination",32.59356004446,,"WHO, UNICEF"
Indonesia,360,2008,"Drinking water, Surface water",0.45486221107948,,"WHO, UNICEF"
Indonesia,360,2008,"Drinking water, Available",85.424875924359,,"WHO, UNICEF"
Indonesia,360,2008,"Drinking water, Limited",0.68678506192705,,"WHO, UNICEF"
Indonesia,360,2008,"Drinking water, Surface water",2.5904496217966,,"WHO, UNICEF"
Indonesia,360,2008,"Drinking water, Unimproved",13.95157424228,,"WHO, UNICEF"
Indonesia,360,2008,"Drinking water, On premises",62.885350784898,,"WHO, UNICEF"
Indonesia,360,2008,"Drinking water, Safely managed service",26.0,,"WHO, UNICEF"
Indonesia,360,2008,"Drinking water, Available",75.885603228163,,"WHO, UNICEF"
Indonesia,360,2008,"Drinking water, Limited",0.68124600952464,,"WHO, UNICEF"
Indonesia,360,2008,"Drinking water, Basic service",83.0,,"WHO, UNICEF"
Indonesia,360,2008,"Drinking water, Free of contamination",26.173036487099,,"WHO, UNICEF"
Indonesia,360,2008,"Drinking water, Surface water",4.5883905543874,,"WHO, UNICEF"
Indonesia,360,2008,"Drinking water, Unimproved",20.997077114561,,"WHO, UNICEF"
Indonesia,360,2008,"Drinking water, On premises",52.237082232621,,"WHO, UNICEF"
Indonesia,360,2008,"Drinking water, Safely managed service",20.0,,"WHO, UNICEF"
Indonesia,360,2008,"Drinking water, Free of contamination",20.166338261715,,"WHO, UNICEF"
Indonesia,360,2008,"Drinking water, Available",66.961169052047,,"WHO, UNICEF"
Indonesia,360,2008,"Drinking water, Limited",0.67606394777458,,"WHO, UNICEF"
Indonesia,360,2008,"Drinking water, Basic service",74.0,,"WHO, UNICEF"
Lao People's Democratic Republic,418,2008,"Drinking water, Basic service",65.0,,"WHO, UNICEF"
Lao People's Democratic Republic,418,2008,"Drinking water, Limited",1.7031911543806,,"WHO, UNICEF"
Lao People's Democratic Republic,418,2008,"Drinking water, Surface water",14.089290004908,,"WHO, UNICEF"
Lao People's Democratic Republic,418,2008,"Drinking water, Unimproved",20.331537287018,,"WHO, UNICEF"
Lao People's Democratic Republic,418,2008,"Drinking water, On premises",33.604328298118,,"WHO, UNICEF"
Lao People's Democratic Republic,418,2008,"Drinking water, Safely managed service",10.0,,"WHO, UNICEF"
Lao People's Democratic Republic,418,2008,"Drinking water, Free of contamination",12.886683914289,,"WHO, UNICEF"
Lao People's Democratic Republic,418,2008,"Drinking water, Available",63.25138316604,,"WHO, UNICEF"
Lao People's Democratic Republic,418,2008,"Drinking water, Basic service",56.0,,"WHO, UNICEF"
Lao People's Democratic Republic,418,2008,"Drinking water, Limited",2.1612406897076,,"WHO, UNICEF"
Lao People's Democratic Republic,418,2008,"Drinking water, Available",54.850660418715,,"WHO, UNICEF"
Lao People's Democratic Republic,418,2008,"Drinking water, Free of contamination",8.4684532501762,,"WHO, UNICEF"
Lao People's Democratic Republic,418,2008,"Drinking water, Safely managed service",7.0,,"WHO, UNICEF"
Lao People's Democratic Republic,418,2008,"Drinking water, On premises",22.325174177403,,"WHO, UNICEF"
Lao People's Democratic Republic,418,2008,"Drinking water, Unimproved",23.786912030197,,"WHO, UNICEF"
Lao People's Democratic Republic,418,2008,"Drinking water, Surface water",18.71084381715,,"WHO, UNICEF"
Lao People's Democratic Republic,418,2008,"Drinking water, Surface water",2.7154319265662,,"WHO, UNICEF"
Lao People's Democratic Republic,418,2008,"Drinking water, Basic service",86.0,,"WHO, UNICEF"
Lao People's Democratic Republic,418,2008,"Drinking water, Unimproved",11.82771041839,,"WHO, UNICEF"
Lao People's Democratic Republic,418,2008,"Drinking water, On premises",61.362841322787,,"WHO, UNICEF"
Lao People's Democratic Republic,418,2008,"Drinking water, Safely managed service",18.0,,"WHO, UNICEF"
Lao People's Democratic Republic,418,2008,"Drinking water, Free of contamination",23.760151240464,,"WHO, UNICEF"
Lao People's Democratic Republic,418,2008,"Drinking water, Available",83.925940778583,,"WHO, UNICEF"
Lao People's Democratic Republic,418,2008,"Drinking water, Limited",0.57590998789338,,"WHO, UNICEF"
Malaysia,458,2008,"Drinking water, Limited",0.29861652233525,,"WHO, UNICEF"
Malaysia,458,2008,"Drinking water, Basic service",98.0,,"WHO, UNICEF"
Malaysia,458,2008,"Drinking water, At least basic service",99.240224256081,,"WHO, UNICEF"
Malaysia,458,2008,"Drinking water, At least basic service",91.927514761521,,"WHO, UNICEF"
Malaysia,458,2008,"Drinking water, Basic service",93.0,,"WHO, UNICEF"
Malaysia,458,2008,"Drinking water, Limited",0.55489445530092,,"WHO, UNICEF"
Malaysia,458,2008,"Drinking water, On premises",83.789062750441,,"WHO, UNICEF"
Malaysia,458,2008,"Drinking water, Unimproved",7.517590783178,,"WHO, UNICEF"
Malaysia,458,2008,"Drinking water, Basic service",97.0,,"WHO, UNICEF"
Malaysia,458,2008,"Drinking water, Limited",0.37748604982354,,"WHO, UNICEF"
Malaysia,458,2008,"Drinking water, Free of contamination",96.982623211645,,"WHO, UNICEF"
Malaysia,458,2008,"Drinking water, Safely managed service",93.0,,"WHO, UNICEF"
Malaysia,458,2008,"Drinking water, On premises",93.175919736947,,"WHO, UNICEF"
Malaysia,458,2008,"Drinking water, Unimproved",2.6327762545605,,"WHO, UNICEF"
Malaysia,458,2008,"Drinking water, Surface water",0.09,,"WHO, UNICEF"
Malaysia,458,2008,"Drinking water, Unimproved",0.37115922158336,,"WHO, UNICEF"
Malaysia,458,2008,"Drinking water, On premises",97.348986281291,,"WHO, UNICEF"
Myanmar,104,2008,"Drinking water, Limited",14.486398730494,,"WHO, UNICEF"
Myanmar,104,2008,"Drinking water, Basic service",53.0,,"WHO, UNICEF"
Myanmar,104,2008,"Drinking water, Free of contamination",43.222016808828,,"WHO, UNICEF"
Myanmar,104,2008,"Drinking water, Safely managed service",30.0,,"WHO, UNICEF"
Myanmar,104,2008,"Drinking water, On premises",29.993046549007,,"WHO, UNICEF"
Myanmar,104,2008,"Drinking water, Unimproved",15.540452042226,,"WHO, UNICEF"
Myanmar,104,2008,"Drinking water, Surface water",17.448669184397,,"WHO, UNICEF"
Myanmar,104,2008,"Drinking water, Available",56.624192563504,,"WHO, UNICEF"
Myanmar,104,2008,"Drinking water, Limited",9.2277172696992,,"WHO, UNICEF"
Myanmar,104,2008,"Drinking water, Surface water",5.2550943026005,,"WHO, UNICEF"
Myanmar,104,2008,"Drinking water, Unimproved",6.81916470105,,"WHO, UNICEF"
Myanmar,104,2008,"Drinking water, On premises",64.474126956642,,"WHO, UNICEF"
Myanmar,104,2008,"Drinking water, Safely managed service",65.0,,"WHO, UNICEF"
Myanmar,104,2008,"Drinking water, Free of contamination",67.966597790178,,"WHO, UNICEF"
Myanmar,104,2008,"Drinking water, Available",81.595087644612,,"WHO, UNICEF"
Myanmar,104,2008,"Drinking water, Basic service",79.0,,"WHO, UNICEF"
Myanmar,104,2008,"Drinking water, Basic service",60.0,,"WHO, UNICEF"
Myanmar,104,2008,"Drinking water, Surface water",13.972646940587,,"WHO, UNICEF"
Myanmar,104,2008,"Drinking water, Limited",12.987306517057,,"WHO, UNICEF"
Myanmar,104,2008,"Drinking water, Available",63.742645943609,,"WHO, UNICEF"
Myanmar,104,2008,"Drinking water, Free of contamination",50.275954738832,,"WHO, UNICEF"
Myanmar,104,2008,"Drinking water, Safely managed service",40.0,,"WHO, UNICEF"
Myanmar,104,2008,"Drinking water, On premises",39.822568257228,,"WHO, UNICEF"
Myanmar,104,2008,"Drinking water, Unimproved",13.054274112797,,"WHO, UNICEF"
Philippines,608,2008,"Drinking water, Surface water",2.824649202107,,"WHO, UNICEF"
Philippines,608,2008,"Drinking water, Unimproved",9.32365422537,,"WHO, UNICEF"
Philippines,608,2008,"Drinking water, On premises",39.527892342283,,"WHO, UNICEF"
Philippines,608,2008,"Drinking water, Safely managed service",32.0,,"WHO, UNICEF"
Philippines,608,2008,"Drinking water, Free of contamination",31.938386319638,,"WHO, UNICEF"
Philippines,608,2008,"Drinking water, Available",77.461918848783,,"WHO, UNICEF"
Philippines,608,2008,"Drinking water, Limited",3.6398107584478,,"WHO, UNICEF"
Philippines,608,2008,"Drinking water, Basic service",85.0,,"WHO, UNICEF"
Philippines,608,2008,"Drinking water, Free of contamination",44.946139623363,,"WHO, UNICEF"
Philippines,608,2008,"Drinking water, Surface water",1.7590749546222,,"WHO, UNICEF"
Philippines,608,2008,"Drinking water, Unimproved",6.1719127766682,,"WHO, UNICEF"
Philippines,608,2008,"Drinking water, On premises",53.71690274409,,"WHO, UNICEF"
Philippines,608,2008,"Drinking water, Basic service",90.0,,"WHO, UNICEF"
Philippines,608,2008,"Drinking water, Limited",2.9822309309385,,"WHO, UNICEF"
Philippines,608,2008,"Drinking water, Available",81.803668764891,,"WHO, UNICEF"
Philippines,608,2008,"Drinking water, Safely managed service",45.0,,"WHO, UNICEF"
Philippines,608,2008,"Drinking water, Available",87.013668876451,,"WHO, UNICEF"
Philippines,608,2008,"Drinking water, Limited",2.1931494637724,,"WHO, UNICEF"
Philippines,608,2008,"Drinking water, Basic service",95.0,,"WHO, UNICEF"
Philippines,608,2008,"Drinking water, Safely managed service",61.0,,"WHO, UNICEF"
Philippines,608,2008,"Drinking water, On premises",70.743400059894,,"WHO, UNICEF"
Philippines,608,2008,"Drinking water, Unimproved",2.3898972403499,,"WHO, UNICEF"
Philippines,608,2008,"Drinking water, Free of contamination",60.555154879786,,"WHO, UNICEF"
Philippines,608,2008,"Drinking water, Surface water",0.48040922939201,,"WHO, UNICEF"
Singapore,702,2008,"Drinking water, Basic service",100.0,,"WHO, UNICEF"
Singapore,702,2008,"Drinking water, Surface water",0.0,,"WHO, UNICEF"
Singapore,702,2008,"Drinking water, Unimproved",0.0,,"WHO, UNICEF"
Singapore,702,2008,"Drinking water, On premises",100.0,,"WHO, UNICEF"
Singapore,702,2008,"Drinking water, Safely managed service",100.0,,"WHO, UNICEF"
Singapore,702,2008,"Drinking water, Free of contamination",100.0,,"WHO, UNICEF"
Singapore,702,2008,"Drinking water, Limited",0.0,,"WHO, UNICEF"
Singapore,702,2008,"Drinking water, Basic service",100.0,,"WHO, UNICEF"
Singapore,702,2008,"Drinking water, Limited",0.0,,"WHO, UNICEF"
Singapore,702,2008,"Drinking water, Free of contamination",100.0,,"WHO, UNICEF"
Singapore,702,2008,"Drinking water, Safely managed service",100.0,,"WHO, UNICEF"
Singapore,702,2008,"Drinking water, On premises",100.0,,"WHO, UNICEF"
Singapore,702,2008,"Drinking water, Unimproved",0.0,,"WHO, UNICEF"
Singapore,702,2008,"Drinking water, Surface water",0.0,,"WHO, UNICEF"
Thailand,764,2008,"Drinking water, Surface water",0.47130110260015,,"WHO, UNICEF"
Thailand,764,2008,"Drinking water, At least basic service",96.918519000691,,"WHO, UNICEF"
Thailand,764,2008,"Drinking water, Basic service",97.0,,"WHO, UNICEF"
Thailand,764,2008,"Drinking water, Limited",0.18619272832434,,"WHO, UNICEF"
Thailand,764,2008,"Drinking water, Available",96.571389851851,,"WHO, UNICEF"
Thailand,764,2008,"Drinking water, On premises",93.665107275336,,"WHO, UNICEF"
Thailand,764,2008,"Drinking water, Unimproved",2.4239871683847,,"WHO, UNICEF"
Thailand,764,2008,"Drinking water, Surface water",0.72777246227742,,"WHO, UNICEF"
Thailand,764,2008,"Drinking water, At least basic service",95.50341332969,,"WHO, UNICEF"
Thailand,764,2008,"Drinking water, Unimproved",3.4910480292955,,"WHO, UNICEF"
Thailand,764,2008,"Drinking water, On premises",91.122424686612,,"WHO, UNICEF"
Thailand,764,2008,"Drinking water, Available",95.006271453732,,"WHO, UNICEF"
Thailand,764,2008,"Drinking water, Limited",0.27776617873681,,"WHO, UNICEF"
Thailand,764,2008,"Drinking water, Basic service",95.0,,"WHO, UNICEF"
Thailand,764,2008,"Drinking water, Unimproved",0.90372948363522,,"WHO, UNICEF"
Thailand,764,2008,"Drinking water, On premises",97.28770187324,,"WHO, UNICEF"
Thailand,764,2008,"Drinking water, Surface water",0.10590311176374,,"WHO, UNICEF"
Thailand,764,2008,"Drinking water, Available",98.801236408638,,"WHO, UNICEF"
Thailand,764,2008,"Drinking water, Limited",0.055726875459314,,"WHO, UNICEF"
Thailand,764,2008,"Drinking water, Basic service",99.0,,"WHO, UNICEF"
Thailand,764,2008,"Drinking water, At least basic service",98.934640529142,,"WHO, UNICEF"
Viet Nam,704,2008,"Drinking water, Surface water",6.4633743128804,,"WHO, UNICEF"
Viet Nam,704,2008,"Drinking water, Unimproved",9.2693325239859,,"WHO, UNICEF"
Viet Nam,704,2008,"Drinking water, Basic service",83.0,,"WHO, UNICEF"
Viet Nam,704,2008,"Drinking water, Limited",0.72784186773899,,"WHO, UNICEF"
Viet Nam,704,2008,"Drinking water, Available",81.113168380038,,"WHO, UNICEF"
Viet Nam,704,2008,"Drinking water, Free of contamination",40.208290613917,,"WHO, UNICEF"
Viet Nam,704,2008,"Drinking water, Safely managed service",40.0,,"WHO, UNICEF"
Viet Nam,704,2008,"Drinking water, On premises",73.972069070501,,"WHO, UNICEF"
Viet Nam,704,2008,"Drinking water, On premises",92.944283996647,,"WHO, UNICEF"
Viet Nam,704,2008,"Drinking water, Basic service",96.0,,"WHO, UNICEF"
Viet Nam,704,2008,"Drinking water, Limited",0.89192230932933,,"WHO, UNICEF"
Viet Nam,704,2008,"Drinking water, Available",97.178114870448,,"WHO, UNICEF"
Viet Nam,704,2008,"Drinking water, Surface water",0.90798275312551,,"WHO, UNICEF"
Viet Nam,704,2008,"Drinking water, Free of contamination",74.297411110463,,"WHO, UNICEF"
Viet Nam,704,2008,"Drinking water, Safely managed service",74.0,,"WHO, UNICEF"
Viet Nam,704,2008,"Drinking water, Unimproved",1.9139023764263,,"WHO, UNICEF"
Viet Nam,704,2008,"Drinking water, Surface water",4.845199846105,,"WHO, UNICEF"
Viet Nam,704,2008,"Drinking water, Unimproved",7.1268437011461,,"WHO, UNICEF"
Viet Nam,704,2008,"Drinking water, On premises",79.498295020363,,"WHO, UNICEF"
Viet Nam,704,2008,"Drinking water, Safely managed service",50.0,,"WHO, UNICEF"
Viet Nam,704,2008,"Drinking water, Free of contamination",50.137768999067,,"WHO, UNICEF"
Viet Nam,704,2008,"Drinking water, Available",85.792565139385,,"WHO, UNICEF"
Viet Nam,704,2008,"Drinking water, Limited",0.77563521093909,,"WHO, UNICEF"
Viet Nam,704,2008,"Drinking water, Basic service",87.0,,"WHO, UNICEF"
Brunei Darussalam,96,2009,"Drinking water, At least basic service",99.90002592117,,"WHO, UNICEF"
Brunei Darussalam,96,2009,"Drinking water, Surface water",0.099974078829609,,"WHO, UNICEF"
Brunei Darussalam,96,2009,"Drinking water, Unimproved",0.0,,"WHO, UNICEF"
Brunei Darussalam,96,2009,"Drinking water, On premises",99.793814467324,,"WHO, UNICEF"
Brunei Darussalam,96,2009,"Drinking water, Limited",0.0,,"WHO, UNICEF"
Brunei Darussalam,96,2009,"Drinking water, Basic service",100.0,,"WHO, UNICEF"
Cambodia,116,2009,"Drinking water, Basic service",86.0,,"WHO, UNICEF"
Cambodia,116,2009,"Drinking water, Surface water",6.8727213596876,,"WHO, UNICEF"
Cambodia,116,2009,"Drinking water, Unimproved",5.2125390756232,,"WHO, UNICEF"
Cambodia,116,2009,"Drinking water, On premises",72.84963687942,,"WHO, UNICEF"
Cambodia,116,2009,"Drinking water, Safely managed service",51.0,,"WHO, UNICEF"
Cambodia,116,2009,"Drinking water, Free of contamination",50.550975249696,,"WHO, UNICEF"
Cambodia,116,2009,"Drinking water, Available",76.591795848351,,"WHO, UNICEF"
Cambodia,116,2009,"Drinking water, Limited",1.7273301988086,,"WHO, UNICEF"
Cambodia,116,2009,"Drinking water, Free of contamination",14.167454942747,,"WHO, UNICEF"
Cambodia,116,2009,"Drinking water, Available",54.900866997179,,"WHO, UNICEF"
Cambodia,116,2009,"Drinking water, Limited",2.815471331015,,"WHO, UNICEF"
Cambodia,116,2009,"Drinking water, Basic service",60.0,,"WHO, UNICEF"
Cambodia,116,2009,"Drinking water, Safely managed service",14.0,,"WHO, UNICEF"
Cambodia,116,2009,"Drinking water, On premises",39.078286678153,,"WHO, UNICEF"
Cambodia,116,2009,"Drinking water, Unimproved",17.280222452118,,"WHO, UNICEF"
Cambodia,116,2009,"Drinking water, Surface water",20.581817272676,,"WHO, UNICEF"
Cambodia,116,2009,"Drinking water, Basic service",65.0,,"WHO, UNICEF"
Cambodia,116,2009,"Drinking water, Limited",2.5986047989894,,"WHO, UNICEF"
Cambodia,116,2009,"Drinking water, Available",59.223869127874,,"WHO, UNICEF"
Cambodia,116,2009,"Drinking water, Free of contamination",21.418690611552,,"WHO, UNICEF"
Cambodia,116,2009,"Drinking water, Safely managed service",21.0,,"WHO, UNICEF"
Cambodia,116,2009,"Drinking water, On premises",45.808916821867,,"WHO, UNICEF"
Cambodia,116,2009,"Drinking water, Unimproved",14.875133185248,,"WHO, UNICEF"
Cambodia,116,2009,"Drinking water, Surface water",17.849594412346,,"WHO, UNICEF"
Indonesia,360,2009,"Drinking water, Surface water",0.42651454845534,,"WHO, UNICEF"
Indonesia,360,2009,"Drinking water, Basic service",94.0,,"WHO, UNICEF"
Indonesia,360,2009,"Drinking water, Limited",0.67983666255545,,"WHO, UNICEF"
Indonesia,360,2009,"Drinking water, Available",85.806158108513,,"WHO, UNICEF"
Indonesia,360,2009,"Drinking water, Free of contamination",32.739036916724,,"WHO, UNICEF"
Indonesia,360,2009,"Drinking water, Safely managed service",33.0,,"WHO, UNICEF"
Indonesia,360,2009,"Drinking water, On premises",74.21850300082,,"WHO, UNICEF"
Indonesia,360,2009,"Drinking water, Unimproved",6.033379975189,,"WHO, UNICEF"
Indonesia,360,2009,"Drinking water, Basic service",84.0,,"WHO, UNICEF"
Indonesia,360,2009,"Drinking water, Limited",0.69853876164099,,"WHO, UNICEF"
Indonesia,360,2009,"Drinking water, Available",76.713837359674,,"WHO, UNICEF"
Indonesia,360,2009,"Drinking water, Free of contamination",26.492394230316,,"WHO, UNICEF"
Indonesia,360,2009,"Drinking water, Safely managed service",27.0,,"WHO, UNICEF"
Indonesia,360,2009,"Drinking water, On premises",63.463392518684,,"WHO, UNICEF"
Indonesia,360,2009,"Drinking water, Unimproved",13.194233153692,,"WHO, UNICEF"
Indonesia,360,2009,"Drinking water, Surface water",2.445787522782,,"WHO, UNICEF"
Indonesia,360,2009,"Drinking water, Surface water",4.3963037502187,,"WHO, UNICEF"
Indonesia,360,2009,"Drinking water, Basic service",76.0,,"WHO, UNICEF"
Indonesia,360,2009,"Drinking water, Limited",0.71660401824161,,"WHO, UNICEF"
Indonesia,360,2009,"Drinking water, Available",67.931108322791,,"WHO, UNICEF"
Indonesia,360,2009,"Drinking water, Free of contamination",20.45844970039,,"WHO, UNICEF"
Indonesia,360,2009,"Drinking water, Safely managed service",20.0,,"WHO, UNICEF"
Indonesia,360,2009,"Drinking water, On premises",53.074492673754,,"WHO, UNICEF"
Indonesia,360,2009,"Drinking water, Unimproved",20.111261930999,,"WHO, UNICEF"
Lao People's Democratic Republic,418,2009,"Drinking water, Unimproved",22.989099081658,,"WHO, UNICEF"
Lao People's Democratic Republic,418,2009,"Drinking water, Surface water",17.093265942474,,"WHO, UNICEF"
Lao People's Democratic Republic,418,2009,"Drinking water, On premises",26.127669561547,,"WHO, UNICEF"
Lao People's Democratic Republic,418,2009,"Drinking water, Safely managed service",7.0,,"WHO, UNICEF"
Lao People's Democratic Republic,418,2009,"Drinking water, Free of contamination",8.8241719628756,,"WHO, UNICEF"
Lao People's Democratic Republic,418,2009,"Drinking water, Available",57.154671049516,,"WHO, UNICEF"
Lao People's Democratic Republic,418,2009,"Drinking water, Limited",2.4100308973736,,"WHO, UNICEF"
Lao People's Democratic Republic,418,2009,"Drinking water, Basic service",58.0,,"WHO, UNICEF"
Lao People's Democratic Republic,418,2009,"Drinking water, Basic service",66.0,,"WHO, UNICEF"
Lao People's Democratic Republic,418,2009,"Drinking water, Limited",1.8781082530463,,"WHO, UNICEF"
Lao People's Democratic Republic,418,2009,"Drinking water, Available",65.350957031309,,"WHO, UNICEF"
Lao People's Democratic Republic,418,2009,"Drinking water, Free of contamination",13.313028474866,,"WHO, UNICEF"
Lao People's Democratic Republic,418,2009,"Drinking water, Safely managed service",10.0,,"WHO, UNICEF"
Lao People's Democratic Republic,418,2009,"Drinking water, On premises",37.655610551576,,"WHO, UNICEF"
Lao People's Democratic Republic,418,2009,"Drinking water, Unimproved",19.462235565201,,"WHO, UNICEF"
Lao People's Democratic Republic,418,2009,"Drinking water, Surface water",12.781417448408,,"WHO, UNICEF"
Lao People's Democratic Republic,418,2009,"Drinking water, Basic service",87.0,,"WHO, UNICEF"
Lao People's Democratic Republic,418,2009,"Drinking water, Limited",0.60537383204786,,"WHO, UNICEF"
Lao People's Democratic Republic,418,2009,"Drinking water, Available",84.962255662017,,"WHO, UNICEF"
Lao People's Democratic Republic,418,2009,"Drinking water, Free of contamination",24.053540842471,,"WHO, UNICEF"
Lao People's Democratic Republic,418,2009,"Drinking water, Safely managed service",19.0,,"WHO, UNICEF"
Lao People's Democratic Republic,418,2009,"Drinking water, On premises",65.238580065215,,"WHO, UNICEF"
Lao People's Democratic Republic,418,2009,"Drinking water, Unimproved",11.023491329331,,"WHO, UNICEF"
Lao People's Democratic Republic,418,2009,"Drinking water, Surface water",2.4644324186355,,"WHO, UNICEF"
Malaysia,458,2009,"Drinking water, Basic service",97.0,,"WHO, UNICEF"
Malaysia,458,2009,"Drinking water, Limited",0.37503019161549,,"WHO, UNICEF"
Malaysia,458,2009,"Drinking water, Free of contamination",97.025598942881,,"WHO, UNICEF"
Malaysia,458,2009,"Drinking water, Safely managed service",93.0,,"WHO, UNICEF"
Malaysia,458,2009,"Drinking water, On premises",93.246288478593,,"WHO, UNICEF"
Malaysia,458,2009,"Drinking water, Unimproved",2.6218923072713,,"WHO, UNICEF"
Malaysia,458,2009,"Drinking water, At least basic service",99.232130227038,,"WHO, UNICEF"
Malaysia,458,2009,"Drinking water, Basic service",98.0,,"WHO, UNICEF"
Malaysia,458,2009,"Drinking water, Limited",0.29859216718266,,"WHO, UNICEF"
Malaysia,458,2009,"Drinking water, On premises",97.341046501548,,"WHO, UNICEF"
Malaysia,458,2009,"Drinking water, Unimproved",0.37927760577914,,"WHO, UNICEF"
Malaysia,458,2009,"Drinking water, Surface water",0.09,,"WHO, UNICEF"
Malaysia,458,2009,"Drinking water, Basic service",93.0,,"WHO, UNICEF"
Malaysia,458,2009,"Drinking water, At least basic service",91.783342541761,,"WHO, UNICEF"
Malaysia,458,2009,"Drinking water, Limited",0.55402420045327,,"WHO, UNICEF"
Malaysia,458,2009,"Drinking water, On premises",83.657654268446,,"WHO, UNICEF"
Malaysia,458,2009,"Drinking water, Unimproved",7.6626332577856,,"WHO, UNICEF"
Myanmar,104,2009,"Drinking water, Basic service",62.0,,"WHO, UNICEF"
Myanmar,104,2009,"Drinking water, Limited",12.143313384295,,"WHO, UNICEF"
Myanmar,104,2009,"Drinking water, Available",64.423591669852,,"WHO, UNICEF"
Myanmar,104,2009,"Drinking water, Free of contamination",50.814599102662,,"WHO, UNICEF"
Myanmar,104,2009,"Drinking water, Safely managed service",42.0,,"WHO, UNICEF"
Myanmar,104,2009,"Drinking water, On premises",41.477826226413,,"WHO, UNICEF"
Myanmar,104,2009,"Drinking water, Unimproved",12.493935752778,,"WHO, UNICEF"
Myanmar,104,2009,"Drinking water, Surface water",13.755803227174,,"WHO, UNICEF"
Myanmar,104,2009,"Drinking water, Limited",8.4952784958654,,"WHO, UNICEF"
Myanmar,104,2009,"Drinking water, Basic service",80.0,,"WHO, UNICEF"
Myanmar,104,2009,"Drinking water, Available",82.004481798626,,"WHO, UNICEF"
Myanmar,104,2009,"Drinking water, Free of contamination",68.307612532692,,"WHO, UNICEF"
Myanmar,104,2009,"Drinking water, Safely managed service",67.0,,"WHO, UNICEF"
Myanmar,104,2009,"Drinking water, On premises",66.191880150997,,"WHO, UNICEF"
Myanmar,104,2009,"Drinking water, Unimproved",6.4090480053732,,"WHO, UNICEF"
Myanmar,104,2009,"Drinking water, Surface water",5.2240535047281,,"WHO, UNICEF"
Myanmar,104,2009,"Drinking water, Unimproved",14.94265374272,,"WHO, UNICEF"
Myanmar,104,2009,"Drinking water, Surface water",17.189202721631,,"WHO, UNICEF"
Myanmar,104,2009,"Drinking water, On premises",31.532243928484,,"WHO, UNICEF"
Myanmar,104,2009,"Drinking water, Safely managed service",32.0,,"WHO, UNICEF"
Myanmar,104,2009,"Drinking water, Free of contamination",43.774952580493,,"WHO, UNICEF"
Myanmar,104,2009,"Drinking water, Available",57.348581287623,,"WHO, UNICEF"
Myanmar,104,2009,"Drinking water, Limited",13.611378159364,,"WHO, UNICEF"
Myanmar,104,2009,"Drinking water, Basic service",55.0,,"WHO, UNICEF"
Philippines,608,2009,"Drinking water, Free of contamination",45.084806894697,,"WHO, UNICEF"
Philippines,608,2009,"Drinking water, Surface water",1.5860581590636,,"WHO, UNICEF"
Philippines,608,2009,"Drinking water, Unimproved",5.9556792445575,,"WHO, UNICEF"
Philippines,608,2009,"Drinking water, On premises",55.61167524015,,"WHO, UNICEF"
Philippines,608,2009,"Drinking water, Safely managed service",45.0,,"WHO, UNICEF"
Philippines,608,2009,"Drinking water, Basic service",90.0,,"WHO, UNICEF"
Philippines,608,2009,"Drinking water, Limited",2.9770626099027,,"WHO, UNICEF"
Philippines,608,2009,"Drinking water, Available",82.175309170431,,"WHO, UNICEF"
Philippines,608,2009,"Drinking water, Basic service",85.0,,"WHO, UNICEF"
Philippines,608,2009,"Drinking water, Limited",3.6663226378232,,"WHO, UNICEF"
Philippines,608,2009,"Drinking water, Available",78.056582917924,,"WHO, UNICEF"
Philippines,608,2009,"Drinking water, Free of contamination",32.155599418891,,"WHO, UNICEF"
Philippines,608,2009,"Drinking water, Safely managed service",32.0,,"WHO, UNICEF"
Philippines,608,2009,"Drinking water, On premises",41.81226149942,,"WHO, UNICEF"
Philippines,608,2009,"Drinking water, Unimproved",9.0075911984627,,"WHO, UNICEF"
Philippines,608,2009,"Drinking water, Surface water",2.5432324723283,,"WHO, UNICEF"
Philippines,608,2009,"Drinking water, Available",87.134461932142,,"WHO, UNICEF"
Philippines,608,2009,"Drinking water, Basic service",95.0,,"WHO, UNICEF"
Philippines,608,2009,"Drinking water, Limited",2.1471581604648,,"WHO, UNICEF"
Philippines,608,2009,"Drinking water, Surface water",0.43357128794847,,"WHO, UNICEF"
Philippines,608,2009,"Drinking water, Unimproved",2.2810260178048,,"WHO, UNICEF"
Philippines,608,2009,"Drinking water, On premises",72.226871824242,,"WHO, UNICEF"
Philippines,608,2009,"Drinking water, Safely managed service",61.0,,"WHO, UNICEF"
Philippines,608,2009,"Drinking water, Free of contamination",60.652231192898,,"WHO, UNICEF"
Singapore,702,2009,"Drinking water, On premises",100.0,,"WHO, UNICEF"
Singapore,702,2009,"Drinking water, Surface water",0.0,,"WHO, UNICEF"
Singapore,702,2009,"Drinking water, Unimproved",0.0,,"WHO, UNICEF"
Singapore,702,2009,"Drinking water, Safely managed service",100.0,,"WHO, UNICEF"
Singapore,702,2009,"Drinking water, Free of contamination",100.0,,"WHO, UNICEF"
Singapore,702,2009,"Drinking water, Limited",0.0,,"WHO, UNICEF"
Singapore,702,2009,"Drinking water, Basic service",100.0,,"WHO, UNICEF"
Singapore,702,2009,"Drinking water, Basic service",100.0,,"WHO, UNICEF"
Singapore,702,2009,"Drinking water, On premises",100.0,,"WHO, UNICEF"
Singapore,702,2009,"Drinking water, Unimproved",0.0,,"WHO, UNICEF"
Singapore,702,2009,"Drinking water, Surface water",0.0,,"WHO, UNICEF"
Singapore,702,2009,"Drinking water, Limited",0.0,,"WHO, UNICEF"
Singapore,702,2009,"Drinking water, Free of contamination",100.0,,"WHO, UNICEF"
Singapore,702,2009,"Drinking water, Safely managed service",100.0,,"WHO, UNICEF"
Thailand,764,2009,"Drinking water, Unimproved",3.1011097777448,,"WHO, UNICEF"
Thailand,764,2009,"Drinking water, On premises",91.962636845953,,"WHO, UNICEF"
Thailand,764,2009,"Drinking water, Surface water",0.7178208796249,,"WHO, UNICEF"
Thailand,764,2009,"Drinking water, Basic service",95.0,,"WHO, UNICEF"
Thailand,764,2009,"Drinking water, At least basic service",95.907936473629,,"WHO, UNICEF"
Thailand,764,2009,"Drinking water, Available",95.402926019221,,"WHO, UNICEF"
Thailand,764,2009,"Drinking water, Limited",0.27313286900157,,"WHO, UNICEF"
Thailand,764,2009,"Drinking water, At least basic service",97.234862535135,,"WHO, UNICEF"
Thailand,764,2009,"Drinking water, Basic service",97.0,,"WHO, UNICEF"
Thailand,764,2009,"Drinking water, Limited",0.18855162053135,,"WHO, UNICEF"
Thailand,764,2009,"Drinking water, Available",96.895764192803,,"WHO, UNICEF"
Thailand,764,2009,"Drinking water, Surface water",0.45813841924086,,"WHO, UNICEF"
Thailand,764,2009,"Drinking water, Unimproved",2.1184474250928,,"WHO, UNICEF"
Thailand,764,2009,"Drinking water, On premises",94.337718994938,,"WHO, UNICEF"
Thailand,764,2009,"Drinking water, Basic service",99.0,,"WHO, UNICEF"
Thailand,764,2009,"Drinking water, At least basic service",99.026958729811,,"WHO, UNICEF"
Thailand,764,2009,"Drinking water, Limited",0.074319316919059,,"WHO, UNICEF"
Thailand,764,2009,"Drinking water, Surface water",0.1074209010108,,"WHO, UNICEF"
Thailand,764,2009,"Drinking water, Unimproved",0.79130105225876,,"WHO, UNICEF"
Thailand,764,2009,"Drinking water, On premises",97.545416012154,,"WHO, UNICEF"
Thailand,764,2009,"Drinking water, Available",98.911935144894,,"WHO, UNICEF"
Viet Nam,704,2009,"Drinking water, Basic service",84.0,,"WHO, UNICEF"
Viet Nam,704,2009,"Drinking water, Limited",0.70162442680605,,"WHO, UNICEF"
Viet Nam,704,2009,"Drinking water, Available",82.004561939486,,"WHO, UNICEF"
Viet Nam,704,2009,"Drinking water, Free of contamination",40.650159819688,,"WHO, UNICEF"
Viet Nam,704,2009,"Drinking water, Safely managed service",41.0,,"WHO, UNICEF"
Viet Nam,704,2009,"Drinking water, On premises",75.824536262202,,"WHO, UNICEF"
Viet Nam,704,2009,"Drinking water, Unimproved",8.9279147844145,,"WHO, UNICEF"
Viet Nam,704,2009,"Drinking water, Surface water",5.878736223319,,"WHO, UNICEF"
Viet Nam,704,2009,"Drinking water, On premises",93.457153793932,,"WHO, UNICEF"
Viet Nam,704,2009,"Drinking water, Surface water",0.81598760341475,,"WHO, UNICEF"
Viet Nam,704,2009,"Drinking water, Basic service",96.0,,"WHO, UNICEF"
Viet Nam,704,2009,"Drinking water, Limited",0.86194043424022,,"WHO, UNICEF"
Viet Nam,704,2009,"Drinking water, Available",97.315507066704,,"WHO, UNICEF"
Viet Nam,704,2009,"Drinking water, Free of contamination",74.40245414924,,"WHO, UNICEF"
Viet Nam,704,2009,"Drinking water, Safely managed service",74.0,,"WHO, UNICEF"
Viet Nam,704,2009,"Drinking water, Unimproved",1.868505329881,,"WHO, UNICEF"
Viet Nam,704,2009,"Drinking water, Available",86.561404243196,,"WHO, UNICEF"
Viet Nam,704,2009,"Drinking water, Free of contamination",50.695516868451,,"WHO, UNICEF"
Viet Nam,704,2009,"Drinking water, Safely managed service",51.0,,"WHO, UNICEF"
Viet Nam,704,2009,"Drinking water, On premises",81.072354769395,,"WHO, UNICEF"
Viet Nam,704,2009,"Drinking water, Basic service",88.0,,"WHO, UNICEF"
Viet Nam,704,2009,"Drinking water, Surface water",4.3719609417107,,"WHO, UNICEF"
Viet Nam,704,2009,"Drinking water, Unimproved",6.8268945818022,,"WHO, UNICEF"
Viet Nam,704,2009,"Drinking water, Limited",0.74933766657286,,"WHO, UNICEF"
Brunei Darussalam,96,2010,"Drinking water, Surface water",0.099972136609368,,"WHO, UNICEF"
Brunei Darussalam,96,2010,"Drinking water, Unimproved",0.0,,"WHO, UNICEF"
Brunei Darussalam,96,2010,"Drinking water, On premises",99.79635451396,,"WHO, UNICEF"
Brunei Darussalam,96,2010,"Drinking water, Limited",0.0,,"WHO, UNICEF"
Brunei Darussalam,96,2010,"Drinking water, Basic service",100.0,,"WHO, UNICEF"
Brunei Darussalam,96,2010,"Drinking water, At least basic service",99.900027863391,,"WHO, UNICEF"
Cambodia,116,2010,"Drinking water, Available",77.402242777559,,"WHO, UNICEF"
Cambodia,116,2010,"Drinking water, Surface water",6.4050470867263,,"WHO, UNICEF"
Cambodia,116,2010,"Drinking water, Basic service",87.0,,"WHO, UNICEF"
Cambodia,116,2010,"Drinking water, Limited",2.0461588643383,,"WHO, UNICEF"
Cambodia,116,2010,"Drinking water, Free of contamination",51.085874349604,,"WHO, UNICEF"
Cambodia,116,2010,"Drinking water, Safely managed service",51.0,,"WHO, UNICEF"
Cambodia,116,2010,"Drinking water, On premises",72.596711368001,,"WHO, UNICEF"
Cambodia,116,2010,"Drinking water, Unimproved",4.7499540443974,,"WHO, UNICEF"
Cambodia,116,2010,"Drinking water, On premises",39.484763612793,,"WHO, UNICEF"
Cambodia,116,2010,"Drinking water, Safely managed service",15.0,,"WHO, UNICEF"
Cambodia,116,2010,"Drinking water, Unimproved",16.277185693906,,"WHO, UNICEF"
Cambodia,116,2010,"Drinking water, Surface water",19.746121559349,,"WHO, UNICEF"
Cambodia,116,2010,"Drinking water, Free of contamination",14.586685946258,,"WHO, UNICEF"
Cambodia,116,2010,"Drinking water, Available",56.525445699414,,"WHO, UNICEF"
Cambodia,116,2010,"Drinking water, Limited",3.435202752725,,"WHO, UNICEF"
Cambodia,116,2010,"Drinking water, Basic service",61.0,,"WHO, UNICEF"
Cambodia,116,2010,"Drinking water, Surface water",17.038683771501,,"WHO, UNICEF"
Cambodia,116,2010,"Drinking water, Unimproved",13.937849310191,,"WHO, UNICEF"
Cambodia,116,2010,"Drinking water, On premises",46.204502515445,,"WHO, UNICEF"
Cambodia,116,2010,"Drinking water, Safely managed service",22.0,,"WHO, UNICEF"
Cambodia,116,2010,"Drinking water, Free of contamination",21.993831524495,,"WHO, UNICEF"
Cambodia,116,2010,"Drinking water, Available",60.762183001736,,"WHO, UNICEF"
Cambodia,116,2010,"Drinking water, Limited",3.1533101703371,,"WHO, UNICEF"
Cambodia,116,2010,"Drinking water, Basic service",66.0,,"WHO, UNICEF"
Indonesia,360,2010,"Drinking water, Limited",0.71548400857971,,"WHO, UNICEF"
Indonesia,360,2010,"Drinking water, Surface water",2.3044652063905,,"WHO, UNICEF"
Indonesia,360,2010,"Drinking water, Unimproved",12.44743903231,,"WHO, UNICEF"
Indonesia,360,2010,"Drinking water, On premises",64.022892677442,,"WHO, UNICEF"
Indonesia,360,2010,"Drinking water, Safely managed service",27.0,,"WHO, UNICEF"
Indonesia,360,2010,"Drinking water, Free of contamination",26.807102922138,,"WHO, UNICEF"
Indonesia,360,2010,"Drinking water, Available",77.529379660045,,"WHO, UNICEF"
Indonesia,360,2010,"Drinking water, Basic service",85.0,,"WHO, UNICEF"
Indonesia,360,2010,"Drinking water, On premises",74.16640679691,,"WHO, UNICEF"
Indonesia,360,2010,"Drinking water, Basic service",94.0,,"WHO, UNICEF"
Indonesia,360,2010,"Drinking water, Limited",0.67279927022123,,"WHO, UNICEF"
Indonesia,360,2010,"Drinking water, Available",86.187440292666,,"WHO, UNICEF"
Indonesia,360,2010,"Drinking water, Free of contamination",32.884513788989,,"WHO, UNICEF"
Indonesia,360,2010,"Drinking water, Safely managed service",33.0,,"WHO, UNICEF"
Indonesia,360,2010,"Drinking water, Unimproved",5.646079431342,,"WHO, UNICEF"
Indonesia,360,2010,"Drinking water, Surface water",0.3981668858312,,"WHO, UNICEF"
Indonesia,360,2010,"Drinking water, Basic service",77.0,,"WHO, UNICEF"
Indonesia,360,2010,"Drinking water, Limited",0.75802212332815,,"WHO, UNICEF"
Indonesia,360,2010,"Drinking water, Available",68.901047593536,,"WHO, UNICEF"
Indonesia,360,2010,"Drinking water, Free of contamination",20.750561139065,,"WHO, UNICEF"
Indonesia,360,2010,"Drinking water, Safely managed service",21.0,,"WHO, UNICEF"
Indonesia,360,2010,"Drinking water, On premises",53.914209086802,,"WHO, UNICEF"
Indonesia,360,2010,"Drinking water, Unimproved",19.225446747437,,"WHO, UNICEF"
Indonesia,360,2010,"Drinking water, Surface water",4.2042169460501,,"WHO, UNICEF"
Lao People's Democratic Republic,418,2010,"Drinking water, Surface water",15.475688067797,,"WHO, UNICEF"
Lao People's Democratic Republic,418,2010,"Drinking water, Unimproved",22.191286133118,,"WHO, UNICEF"
Lao People's Democratic Republic,418,2010,"Drinking water, On premises",30.161129517971,,"WHO, UNICEF"
Lao People's Democratic Republic,418,2010,"Drinking water, Safely managed service",7.0,,"WHO, UNICEF"
Lao People's Democratic Republic,418,2010,"Drinking water, Free of contamination",9.1798906755751,,"WHO, UNICEF"
Lao People's Democratic Republic,418,2010,"Drinking water, Available",59.458681680319,,"WHO, UNICEF"
Lao People's Democratic Republic,418,2010,"Drinking water, Limited",2.6715602107192,,"WHO, UNICEF"
Lao People's Democratic Republic,418,2010,"Drinking water, Basic service",60.0,,"WHO, UNICEF"
Lao People's Democratic Republic,418,2010,"Drinking water, Basic service",68.0,,"WHO, UNICEF"
Lao People's Democratic Republic,418,2010,"Drinking water, Surface water",11.488523856542,,"WHO, UNICEF"
Lao People's Democratic Republic,418,2010,"Drinking water, Unimproved",18.592020491681,,"WHO, UNICEF"
Lao People's Democratic Republic,418,2010,"Drinking water, On premises",41.894883175359,,"WHO, UNICEF"
Lao People's Democratic Republic,418,2010,"Drinking water, Safely managed service",11.0,,"WHO, UNICEF"
Lao People's Democratic Republic,418,2010,"Drinking water, Free of contamination",13.73970917396,,"WHO, UNICEF"
Lao People's Democratic Republic,418,2010,"Drinking water, Available",67.437633063287,,"WHO, UNICEF"
Lao People's Democratic Republic,418,2010,"Drinking water, Limited",2.0594039080004,,"WHO, UNICEF"
Lao People's Democratic Republic,418,2010,"Drinking water, Surface water",2.2134329107049,,"WHO, UNICEF"
Lao People's Democratic Republic,418,2010,"Drinking water, Available",85.99857054545,,"WHO, UNICEF"
Lao People's Democratic Republic,418,2010,"Drinking water, Basic service",88.0,,"WHO, UNICEF"
Lao People's Democratic Republic,418,2010,"Drinking water, Limited",0.6353829596315,,"WHO, UNICEF"
Lao People's Democratic Republic,418,2010,"Drinking water, Free of contamination",24.346930444479,,"WHO, UNICEF"
Lao People's Democratic Republic,418,2010,"Drinking water, Safely managed service",19.0,,"WHO, UNICEF"
Lao People's Democratic Republic,418,2010,"Drinking water, On premises",69.19038230802,,"WHO, UNICEF"
Lao People's Democratic Republic,418,2010,"Drinking water, Unimproved",10.219272240272,,"WHO, UNICEF"
Malaysia,458,2010,"Drinking water, Safely managed service",93.0,,"WHO, UNICEF"
Malaysia,458,2010,"Drinking water, Free of contamination",97.069955959496,,"WHO, UNICEF"
Malaysia,458,2010,"Drinking water, Limited",0.37262182520101,,"WHO, UNICEF"
Malaysia,458,2010,"Drinking water, Basic service",97.0,,"WHO, UNICEF"
Malaysia,458,2010,"Drinking water, On premises",93.316964986771,,"WHO, UNICEF"
Malaysia,458,2010,"Drinking water, Unimproved",2.6096297222903,,"WHO, UNICEF"
Malaysia,458,2010,"Drinking water, Unimproved",0.38739598997492,,"WHO, UNICEF"
Malaysia,458,2010,"Drinking water, On premises",97.333106721805,,"WHO, UNICEF"
Malaysia,458,2010,"Drinking water, Limited",0.29856781203007,,"WHO, UNICEF"
Malaysia,458,2010,"Drinking water, Basic service",99.0,,"WHO, UNICEF"
Malaysia,458,2010,"Drinking water, At least basic service",99.224036197995,,"WHO, UNICEF"
Malaysia,458,2010,"Drinking water, Surface water",0.09,,"WHO, UNICEF"
Malaysia,458,2010,"Drinking water, At least basic service",91.639170322001,,"WHO, UNICEF"
Malaysia,458,2010,"Drinking water, Basic service",94.0,,"WHO, UNICEF"
Malaysia,458,2010,"Drinking water, Limited",0.55315394560563,,"WHO, UNICEF"
Malaysia,458,2010,"Drinking water, On premises",83.526245786452,,"WHO, UNICEF"
Malaysia,458,2010,"Drinking water, Unimproved",7.8076757323931,,"WHO, UNICEF"
Myanmar,104,2010,"Drinking water, Unimproved",5.9989313096965,,"WHO, UNICEF"
Myanmar,104,2010,"Drinking water, Surface water",5.1930127068558,,"WHO, UNICEF"
Myanmar,104,2010,"Drinking water, Basic service",82.0,,"WHO, UNICEF"
Myanmar,104,2010,"Drinking water, Limited",7.7550642761564,,"WHO, UNICEF"
Myanmar,104,2010,"Drinking water, Available",82.413875952639,,"WHO, UNICEF"
Myanmar,104,2010,"Drinking water, Free of contamination",68.648627275205,,"WHO, UNICEF"
Myanmar,104,2010,"Drinking water, Safely managed service",68.0,,"WHO, UNICEF"
Myanmar,104,2010,"Drinking water, On premises",67.923554597148,,"WHO, UNICEF"
Myanmar,104,2010,"Drinking water, Available",65.103842186596,,"WHO, UNICEF"
Myanmar,104,2010,"Drinking water, Free of contamination",51.352934933855,,"WHO, UNICEF"
Myanmar,104,2010,"Drinking water, Safely managed service",44.0,,"WHO, UNICEF"
Myanmar,104,2010,"Drinking water, On premises",43.159234251965,,"WHO, UNICEF"
Myanmar,104,2010,"Drinking water, Unimproved",11.934133070803,,"WHO, UNICEF"
Myanmar,104,2010,"Drinking water, Surface water",13.539584084816,,"WHO, UNICEF"
Myanmar,104,2010,"Drinking water, Limited",11.278461687664,,"WHO, UNICEF"
Myanmar,104,2010,"Drinking water, Basic service",64.0,,"WHO, UNICEF"
Myanmar,104,2010,"Drinking water, Free of contamination",44.327888352158,,"WHO, UNICEF"
Myanmar,104,2010,"Drinking water, Surface water",16.929736258865,,"WHO, UNICEF"
Myanmar,104,2010,"Drinking water, Unimproved",14.344855443215,,"WHO, UNICEF"
Myanmar,104,2010,"Drinking water, On premises",33.100632274888,,"WHO, UNICEF"
Myanmar,104,2010,"Drinking water, Safely managed service",34.0,,"WHO, UNICEF"
Myanmar,104,2010,"Drinking water, Available",58.072970011742,,"WHO, UNICEF"
Myanmar,104,2010,"Drinking water, Limited",12.709570485642,,"WHO, UNICEF"
Myanmar,104,2010,"Drinking water, Basic service",57.0,,"WHO, UNICEF"
Philippines,608,2010,"Drinking water, Unimproved",8.6915281715557,,"WHO, UNICEF"
Philippines,608,2010,"Drinking water, Basic service",86.0,,"WHO, UNICEF"
Philippines,608,2010,"Drinking water, Limited",3.6928582613955,,"WHO, UNICEF"
Philippines,608,2010,"Drinking water, Available",78.652163584726,,"WHO, UNICEF"
Philippines,608,2010,"Drinking water, Free of contamination",32.372812518145,,"WHO, UNICEF"
Philippines,608,2010,"Drinking water, Safely managed service",33.0,,"WHO, UNICEF"
Philippines,608,2010,"Drinking water, Surface water",2.2618157425496,,"WHO, UNICEF"
Philippines,608,2010,"Drinking water, On premises",44.123860853074,,"WHO, UNICEF"
Philippines,608,2010,"Drinking water, Basic service",90.0,,"WHO, UNICEF"
Philippines,608,2010,"Drinking water, Surface water",1.4118034080197,,"WHO, UNICEF"
Philippines,608,2010,"Drinking water, On premises",57.537992391969,,"WHO, UNICEF"
Philippines,608,2010,"Drinking water, Safely managed service",45.0,,"WHO, UNICEF"
Philippines,608,2010,"Drinking water, Free of contamination",45.23644441525,,"WHO, UNICEF"
Philippines,608,2010,"Drinking water, Available",82.552089031054,,"WHO, UNICEF"
Philippines,608,2010,"Drinking water, Limited",2.9712408735357,,"WHO, UNICEF"
Philippines,608,2010,"Drinking water, Unimproved",5.7361667112653,,"WHO, UNICEF"
Philippines,608,2010,"Drinking water, On premises",73.714729268227,,"WHO, UNICEF"
Philippines,608,2010,"Drinking water, Surface water",0.38673334650491,,"WHO, UNICEF"
Philippines,608,2010,"Drinking water, Unimproved",2.1721547952598,,"WHO, UNICEF"
Philippines,608,2010,"Drinking water, Safely managed service",61.0,,"WHO, UNICEF"
Philippines,608,2010,"Drinking water, Free of contamination",60.749307506009,,"WHO, UNICEF"
Philippines,608,2010,"Drinking water, Available",87.255195130679,,"WHO, UNICEF"
Philippines,608,2010,"Drinking water, Limited",2.1010083808124,,"WHO, UNICEF"
Philippines,608,2010,"Drinking water, Basic service",96.0,,"WHO, UNICEF"
Singapore,702,2010,"Drinking water, Basic service",100.0,,"WHO, UNICEF"
Singapore,702,2010,"Drinking water, Limited",0.0,,"WHO, UNICEF"
Singapore,702,2010,"Drinking water, Free of contamination",100.0,,"WHO, UNICEF"
Singapore,702,2010,"Drinking water, Safely managed service",100.0,,"WHO, UNICEF"
Singapore,702,2010,"Drinking water, On premises",100.0,,"WHO, UNICEF"
Singapore,702,2010,"Drinking water, Unimproved",0.0,,"WHO, UNICEF"
Singapore,702,2010,"Drinking water, Surface water",0.0,,"WHO, UNICEF"
Singapore,702,2010,"Drinking water, Limited",0.0,,"WHO, UNICEF"
Singapore,702,2010,"Drinking water, Surface water",0.0,,"WHO, UNICEF"
Singapore,702,2010,"Drinking water, Unimproved",0.0,,"WHO, UNICEF"
Singapore,702,2010,"Drinking water, On premises",100.0,,"WHO, UNICEF"
Singapore,702,2010,"Drinking water, Safely managed service",100.0,,"WHO, UNICEF"
Singapore,702,2010,"Drinking water, Free of contamination",100.0,,"WHO, UNICEF"
Singapore,702,2010,"Drinking water, Basic service",100.0,,"WHO, UNICEF"
Thailand,764,2010,"Drinking water, At least basic service",97.543425316075,,"WHO, UNICEF"
Thailand,764,2010,"Drinking water, Basic service",97.0,,"WHO, UNICEF"
Thailand,764,2010,"Drinking water, Limited",0.19148491176111,,"WHO, UNICEF"
Thailand,764,2010,"Drinking water, Available",97.213081894754,,"WHO, UNICEF"
Thailand,764,2010,"Drinking water, On premises",94.998063891912,,"WHO, UNICEF"
Thailand,764,2010,"Drinking water, Unimproved",1.8198875015913,,"WHO, UNICEF"
Thailand,764,2010,"Drinking water, Surface water",0.44520227057288,,"WHO, UNICEF"
Thailand,764,2010,"Drinking water, At least basic service",96.31250778836,,"WHO, UNICEF"
Thailand,764,2010,"Drinking water, Unimproved",2.7111715261941,,"WHO, UNICEF"
Thailand,764,2010,"Drinking water, Basic service",96.0,,"WHO, UNICEF"
Thailand,764,2010,"Drinking water, Limited",0.26845138847361,,"WHO, UNICEF"
Thailand,764,2010,"Drinking water, Available",95.799580584709,,"WHO, UNICEF"
Thailand,764,2010,"Drinking water, On premises",92.806672178959,,"WHO, UNICEF"
Thailand,764,2010,"Drinking water, Surface water",0.70786929697237,,"WHO, UNICEF"
Thailand,764,2010,"Drinking water, Available",99.022633881151,,"WHO, UNICEF"
Thailand,764,2010,"Drinking water, At least basic service",99.119235454232,,"WHO, UNICEF"
Thailand,764,2010,"Drinking water, Basic service",99.0,,"WHO, UNICEF"
Thailand,764,2010,"Drinking water, Limited",0.092953234627885,,"WHO, UNICEF"
Thailand,764,2010,"Drinking water, On premises",97.803463015678,,"WHO, UNICEF"
Thailand,764,2010,"Drinking water, Unimproved",0.6788726208823,,"WHO, UNICEF"
Thailand,764,2010,"Drinking water, Surface water",0.10893869025786,,"WHO, UNICEF"
Viet Nam,704,2010,"Drinking water, Surface water",5.2940981337579,,"WHO, UNICEF"
Viet Nam,704,2010,"Drinking water, Free of contamination",41.092029025459,,"WHO, UNICEF"
Viet Nam,704,2010,"Drinking water, Unimproved",8.5864970448431,,"WHO, UNICEF"
Viet Nam,704,2010,"Drinking water, On premises",77.699603388498,,"WHO, UNICEF"
Viet Nam,704,2010,"Drinking water, Safely managed service",41.0,,"WHO, UNICEF"
Viet Nam,704,2010,"Drinking water, Basic service",85.0,,"WHO, UNICEF"
Viet Nam,704,2010,"Drinking water, Limited",0.67466312535637,,"WHO, UNICEF"
Viet Nam,704,2010,"Drinking water, Available",82.895955498934,,"WHO, UNICEF"
Viet Nam,704,2010,"Drinking water, Surface water",0.72399245370403,,"WHO, UNICEF"
Viet Nam,704,2010,"Drinking water, Unimproved",1.8231082833356,,"WHO, UNICEF"
Viet Nam,704,2010,"Drinking water, On premises",93.971100708426,,"WHO, UNICEF"
Viet Nam,704,2010,"Drinking water, Safely managed service",74.0,,"WHO, UNICEF"
Viet Nam,704,2010,"Drinking water, Free of contamination",74.507497188017,,"WHO, UNICEF"
Viet Nam,704,2010,"Drinking water, Available",97.45289926296,,"WHO, UNICEF"
Viet Nam,704,2010,"Drinking water, Limited",0.83187034033452,,"WHO, UNICEF"
Viet Nam,704,2010,"Drinking water, Basic service",96.0,,"WHO, UNICEF"
Viet Nam,704,2010,"Drinking water, Available",87.323740995725,,"WHO, UNICEF"
Viet Nam,704,2010,"Drinking water, Basic service",89.0,,"WHO, UNICEF"
Viet Nam,704,2010,"Drinking water, Limited",0.72248084369656,,"WHO, UNICEF"
Viet Nam,704,2010,"Drinking water, Free of contamination",51.256012254706,,"WHO, UNICEF"
Viet Nam,704,2010,"Drinking water, Safely managed service",51.0,,"WHO, UNICEF"
Viet Nam,704,2010,"Drinking water, On premises",82.648904678168,,"WHO, UNICEF"
Viet Nam,704,2010,"Drinking water, Unimproved",6.5292772963058,,"WHO, UNICEF"
Viet Nam,704,2010,"Drinking water, Surface water",3.9040090158851,,"WHO, UNICEF"
Brunei Darussalam,96,2011,"Drinking water, Limited",0.0,,"WHO, UNICEF"
Brunei Darussalam,96,2011,"Drinking water, Basic service",100.0,,"WHO, UNICEF"
Brunei Darussalam,96,2011,"Drinking water, At least basic service",99.900029805535,,"WHO, UNICEF"
Brunei Darussalam,96,2011,"Drinking water, Surface water",0.099970194464589,,"WHO, UNICEF"
Brunei Darussalam,96,2011,"Drinking water, Unimproved",3.33066907388e-16,,"WHO, UNICEF"
Brunei Darussalam,96,2011,"Drinking water, On premises",99.798894560619,,"WHO, UNICEF"
Cambodia,116,2011,"Drinking water, Limited",3.7315038816718,,"WHO, UNICEF"
Cambodia,116,2011,"Drinking water, Basic service",68.0,,"WHO, UNICEF"
Cambodia,116,2011,"Drinking water, On premises",46.558282600417,,"WHO, UNICEF"
Cambodia,116,2011,"Drinking water, Available",62.295573943869,,"WHO, UNICEF"
Cambodia,116,2011,"Drinking water, Free of contamination",22.571645004515,,"WHO, UNICEF"
Cambodia,116,2011,"Drinking water, Safely managed service",23.0,,"WHO, UNICEF"
Cambodia,116,2011,"Drinking water, Surface water",16.229804229276,,"WHO, UNICEF"
Cambodia,116,2011,"Drinking water, Unimproved",13.003949125779,,"WHO, UNICEF"
Cambodia,116,2011,"Drinking water, Free of contamination",15.005916949769,,"WHO, UNICEF"
Cambodia,116,2011,"Drinking water, Unimproved",15.274148935695,,"WHO, UNICEF"
Cambodia,116,2011,"Drinking water, On premises",39.848135663481,,"WHO, UNICEF"
Cambodia,116,2011,"Drinking water, Safely managed service",15.0,,"WHO, UNICEF"
Cambodia,116,2011,"Drinking water, Available",58.150024401647,,"WHO, UNICEF"
Cambodia,116,2011,"Drinking water, Basic service",63.0,,"WHO, UNICEF"
Cambodia,116,2011,"Drinking water, Limited",4.0857682162461,,"WHO, UNICEF"
Cambodia,116,2011,"Drinking water, Surface water",18.910425846021,,"WHO, UNICEF"
Cambodia,116,2011,"Drinking water, Surface water",5.9373728137649,,"WHO, UNICEF"
Cambodia,116,2011,"Drinking water, Unimproved",4.2873690131718,,"WHO, UNICEF"
Cambodia,116,2011,"Drinking water, On premises",72.322346800969,,"WHO, UNICEF"
Cambodia,116,2011,"Drinking water, Safely managed service",52.0,,"WHO, UNICEF"
Cambodia,116,2011,"Drinking water, Free of contamination",51.620773449511,,"WHO, UNICEF"
Cambodia,116,2011,"Drinking water, Available",78.212689706767,,"WHO, UNICEF"
Cambodia,116,2011,"Drinking water, Limited",2.3712814234214,,"WHO, UNICEF"
Cambodia,116,2011,"Drinking water, Basic service",88.0,,"WHO, UNICEF"
Indonesia,360,2011,"Drinking water, Surface water",4.0121301418814,,"WHO, UNICEF"
Indonesia,360,2011,"Drinking water, Unimproved",18.339631563876,,"WHO, UNICEF"
Indonesia,360,2011,"Drinking water, On premises",54.756231471763,,"WHO, UNICEF"
Indonesia,360,2011,"Drinking water, Safely managed service",21.0,,"WHO, UNICEF"
Indonesia,360,2011,"Drinking water, Free of contamination",21.04267257774,,"WHO, UNICEF"
Indonesia,360,2011,"Drinking water, Available",69.87098686428,,"WHO, UNICEF"
Indonesia,360,2011,"Drinking water, Limited",0.80031826303414,,"WHO, UNICEF"
Indonesia,360,2011,"Drinking water, Basic service",77.0,,"WHO, UNICEF"
Indonesia,360,2011,"Drinking water, Basic service",94.0,,"WHO, UNICEF"
Indonesia,360,2011,"Drinking water, Surface water",0.36981922320706,,"WHO, UNICEF"
Indonesia,360,2011,"Drinking water, Unimproved",5.2587788874949,,"WHO, UNICEF"
Indonesia,360,2011,"Drinking water, On premises",74.110931743241,,"WHO, UNICEF"
Indonesia,360,2011,"Drinking water, Free of contamination",33.029990661254,,"WHO, UNICEF"
Indonesia,360,2011,"Drinking water, Available",86.56872247682,,"WHO, UNICEF"
Indonesia,360,2011,"Drinking water, Limited",0.6656728849244,,"WHO, UNICEF"
Indonesia,360,2011,"Drinking water, Safely managed service",33.0,,"WHO, UNICEF"
Indonesia,360,2011,"Drinking water, Basic service",86.0,,"WHO, UNICEF"
Indonesia,360,2011,"Drinking water, Limited",0.73219443165242,,"WHO, UNICEF"
Indonesia,360,2011,"Drinking water, Available",78.319205331072,,"WHO, UNICEF"
Indonesia,360,2011,"Drinking water, Free of contamination",27.107655738976,,"WHO, UNICEF"
Indonesia,360,2011,"Drinking water, Safely managed service",27.0,,"WHO, UNICEF"
Indonesia,360,2011,"Drinking water, On premises",64.548741249035,,"WHO, UNICEF"
Indonesia,360,2011,"Drinking water, Unimproved",11.72137501484,,"WHO, UNICEF"
Indonesia,360,2011,"Drinking water, Surface water",2.169302990077,,"WHO, UNICEF"
Lao People's Democratic Republic,418,2011,"Drinking water, Basic service",70.0,,"WHO, UNICEF"
Lao People's Democratic Republic,418,2011,"Drinking water, Limited",2.2468139288181,,"WHO, UNICEF"
Lao People's Democratic Republic,418,2011,"Drinking water, Surface water",10.210895498426,,"WHO, UNICEF"
Lao People's Democratic Republic,418,2011,"Drinking water, Unimproved",17.720890790847,,"WHO, UNICEF"
Lao People's Democratic Republic,418,2011,"Drinking water, On premises",46.319393463047,,"WHO, UNICEF"
Lao People's Democratic Republic,418,2011,"Drinking water, Safely managed service",11.0,,"WHO, UNICEF"
Lao People's Democratic Republic,418,2011,"Drinking water, Free of contamination",14.16671351363,,"WHO, UNICEF"
Lao People's Democratic Republic,418,2011,"Drinking water, Available",69.511145765966,,"WHO, UNICEF"
Lao People's Democratic Republic,418,2011,"Drinking water, Free of contamination",9.5356093882744,,"WHO, UNICEF"
Lao People's Democratic Republic,418,2011,"Drinking water, Surface water",13.858110193121,,"WHO, UNICEF"
Lao People's Democratic Republic,418,2011,"Drinking water, Unimproved",21.393473184579,,"WHO, UNICEF"
Lao People's Democratic Republic,418,2011,"Drinking water, On premises",34.425554046673,,"WHO, UNICEF"
Lao People's Democratic Republic,418,2011,"Drinking water, Safely managed service",7.0,,"WHO, UNICEF"
Lao People's Democratic Republic,418,2011,"Drinking water, Basic service",62.0,,"WHO, UNICEF"
Lao People's Democratic Republic,418,2011,"Drinking water, Limited",2.9458286297444,,"WHO, UNICEF"
Lao People's Democratic Republic,418,2011,"Drinking water, Available",61.762692311121,,"WHO, UNICEF"
Lao People's Democratic Republic,418,2011,"Drinking water, Available",87.034885428883,,"WHO, UNICEF"
Lao People's Democratic Republic,418,2011,"Drinking water, Surface water",1.9624334027742,,"WHO, UNICEF"
Lao People's Democratic Republic,418,2011,"Drinking water, Limited",0.6659373706443,,"WHO, UNICEF"
Lao People's Democratic Republic,418,2011,"Drinking water, Basic service",89.0,,"WHO, UNICEF"
Lao People's Democratic Republic,418,2011,"Drinking water, Free of contamination",24.640320046486,,"WHO, UNICEF"
Lao People's Democratic Republic,418,2011,"Drinking water, Safely managed service",19.0,,"WHO, UNICEF"
Lao People's Democratic Republic,418,2011,"Drinking water, On premises",73.2182480512,,"WHO, UNICEF"
Lao People's Democratic Republic,418,2011,"Drinking water, Unimproved",9.4150531512139,,"WHO, UNICEF"
Malaysia,458,2011,"Drinking water, On premises",93.370209785275,,"WHO, UNICEF"
Malaysia,458,2011,"Drinking water, Basic service",97.0,,"WHO, UNICEF"
Malaysia,458,2011,"Drinking water, Limited",0.37058285294325,,"WHO, UNICEF"
Malaysia,458,2011,"Drinking water, Free of contamination",97.106186884834,,"WHO, UNICEF"
Malaysia,458,2011,"Drinking water, Safely managed service",93.0,,"WHO, UNICEF"
Malaysia,458,2011,"Drinking water, Unimproved",2.6055254705588,,"WHO, UNICEF"
Malaysia,458,2011,"Drinking water, At least basic service",91.494998102241,,"WHO, UNICEF"
Malaysia,458,2011,"Drinking water, Unimproved",7.9527182070007,,"WHO, UNICEF"
Malaysia,458,2011,"Drinking water, On premises",83.394837304457,,"WHO, UNICEF"
Malaysia,458,2011,"Drinking water, Basic service",94.0,,"WHO, UNICEF"
Malaysia,458,2011,"Drinking water, Limited",0.55228369075799,,"WHO, UNICEF"
Malaysia,458,2011,"Drinking water, At least basic service",99.215942168952,,"WHO, UNICEF"
Malaysia,458,2011,"Drinking water, On premises",97.325166942061,,"WHO, UNICEF"
Malaysia,458,2011,"Drinking water, Unimproved",0.39551437417072,,"WHO, UNICEF"
Malaysia,458,2011,"Drinking water, Surface water",0.09,,"WHO, UNICEF"
Malaysia,458,2011,"Drinking water, Limited",0.29854345687748,,"WHO, UNICEF"
Malaysia,458,2011,"Drinking water, Basic service",99.0,,"WHO, UNICEF"
Myanmar,104,2011,"Drinking water, Unimproved",11.375047401139,,"WHO, UNICEF"
Myanmar,104,2011,"Drinking water, Surface water",13.324232440399,,"WHO, UNICEF"
Myanmar,104,2011,"Drinking water, Safely managed service",45.0,,"WHO, UNICEF"
Myanmar,104,2011,"Drinking water, Free of contamination",51.890463131041,,"WHO, UNICEF"
Myanmar,104,2011,"Drinking water, Available",65.782892801035,,"WHO, UNICEF"
Myanmar,104,2011,"Drinking water, Limited",10.392964115676,,"WHO, UNICEF"
Myanmar,104,2011,"Drinking water, Basic service",66.0,,"WHO, UNICEF"
Myanmar,104,2011,"Drinking water, On premises",44.86601203254,,"WHO, UNICEF"
Myanmar,104,2011,"Drinking water, Surface water",5.1619719089834,,"WHO, UNICEF"
Myanmar,104,2011,"Drinking water, Basic service",83.0,,"WHO, UNICEF"
Myanmar,104,2011,"Drinking water, Limited",7.0070746105723,,"WHO, UNICEF"
Myanmar,104,2011,"Drinking water, Available",82.823270106653,,"WHO, UNICEF"
Myanmar,104,2011,"Drinking water, Free of contamination",68.989642017719,,"WHO, UNICEF"
Myanmar,104,2011,"Drinking water, Safely managed service",70.0,,"WHO, UNICEF"
Myanmar,104,2011,"Drinking water, On premises",69.669150295095,,"WHO, UNICEF"
Myanmar,104,2011,"Drinking water, Unimproved",5.5888146140197,,"WHO, UNICEF"
Myanmar,104,2011,"Drinking water, Limited",11.780975709326,,"WHO, UNICEF"
Myanmar,104,2011,"Drinking water, Surface water",16.670269796099,,"WHO, UNICEF"
Myanmar,104,2011,"Drinking water, Unimproved",13.74705714371,,"WHO, UNICEF"
Myanmar,104,2011,"Drinking water, On premises",34.698211588219,,"WHO, UNICEF"
Myanmar,104,2011,"Drinking water, Safely managed service",35.0,,"WHO, UNICEF"
Myanmar,104,2011,"Drinking water, Free of contamination",44.880824123823,,"WHO, UNICEF"
Myanmar,104,2011,"Drinking water, Basic service",59.0,,"WHO, UNICEF"
Myanmar,104,2011,"Drinking water, Available",58.797358735862,,"WHO, UNICEF"
Philippines,608,2011,"Drinking water, Limited",3.7194176291648,,"WHO, UNICEF"
Philippines,608,2011,"Drinking water, Safely managed service",33.0,,"WHO, UNICEF"
Philippines,608,2011,"Drinking water, On premises",46.462690403247,,"WHO, UNICEF"
Philippines,608,2011,"Drinking water, Unimproved",8.3754651446486,,"WHO, UNICEF"
Philippines,608,2011,"Drinking water, Surface water",1.9803990127709,,"WHO, UNICEF"
Philippines,608,2011,"Drinking water, Basic service",86.0,,"WHO, UNICEF"
Philippines,608,2011,"Drinking water, Free of contamination",32.590025617398,,"WHO, UNICEF"
Philippines,608,2011,"Drinking water, Available",79.24866084919,,"WHO, UNICEF"
Philippines,608,2011,"Drinking water, Basic service",91.0,,"WHO, UNICEF"
Philippines,608,2011,"Drinking water, Surface water",1.2336089728322,,"WHO, UNICEF"
Philippines,608,2011,"Drinking water, Unimproved",5.5020328024844,,"WHO, UNICEF"
Philippines,608,2011,"Drinking water, On premises",59.547663128614,,"WHO, UNICEF"
Philippines,608,2011,"Drinking water, Safely managed service",46.0,,"WHO, UNICEF"
Philippines,608,2011,"Drinking water, Free of contamination",45.452885520683,,"WHO, UNICEF"
Philippines,608,2011,"Drinking water, Available",82.948329224257,,"WHO, UNICEF"
Philippines,608,2011,"Drinking water, Limited",2.961604958237,,"WHO, UNICEF"
Philippines,608,2011,"Drinking water, Limited",2.0547001248152,,"WHO, UNICEF"
Philippines,608,2011,"Drinking water, Basic service",96.0,,"WHO, UNICEF"
Philippines,608,2011,"Drinking water, Available",87.375868472061,,"WHO, UNICEF"
Philippines,608,2011,"Drinking water, Free of contamination",60.84638381912,,"WHO, UNICEF"
Philippines,608,2011,"Drinking water, Safely managed service",61.0,,"WHO, UNICEF"
Philippines,608,2011,"Drinking water, On premises",75.206972391849,,"WHO, UNICEF"
Philippines,608,2011,"Drinking water, Unimproved",2.0632835727147,,"WHO, UNICEF"
Philippines,608,2011,"Drinking water, Surface water",0.33989540506137,,"WHO, UNICEF"
Singapore,702,2011,"Drinking water, Free of contamination",100.0,,"WHO, UNICEF"
Singapore,702,2011,"Drinking water, Unimproved",0.0,,"WHO, UNICEF"
Singapore,702,2011,"Drinking water, On premises",100.0,,"WHO, UNICEF"
Singapore,702,2011,"Drinking water, Safely managed service",100.0,,"WHO, UNICEF"
Singapore,702,2011,"Drinking water, Surface water",0.0,,"WHO, UNICEF"
Singapore,702,2011,"Drinking water, Basic service",100.0,,"WHO, UNICEF"
Singapore,702,2011,"Drinking water, Limited",0.0,,"WHO, UNICEF"
Singapore,702,2011,"Drinking water, Limited",0.0,,"WHO, UNICEF"
Singapore,702,2011,"Drinking water, Basic service",100.0,,"WHO, UNICEF"
Singapore,702,2011,"Drinking water, Free of contamination",100.0,,"WHO, UNICEF"
Singapore,702,2011,"Drinking water, Safely managed service",100.0,,"WHO, UNICEF"
Singapore,702,2011,"Drinking water, On premises",100.0,,"WHO, UNICEF"
Singapore,702,2011,"Drinking water, Unimproved",0.0,,"WHO, UNICEF"
Singapore,702,2011,"Drinking water, Surface water",0.0,,"WHO, UNICEF"
Thailand,764,2011,"Drinking water, Surface water",0.43533429136221,,"WHO, UNICEF"
Thailand,764,2011,"Drinking water, Unimproved",1.5368780797412,,"WHO, UNICEF"
Thailand,764,2011,"Drinking water, On premises",95.624510666367,,"WHO, UNICEF"
Thailand,764,2011,"Drinking water, Available",97.509058546498,,"WHO, UNICEF"
Thailand,764,2011,"Drinking water, Limited",0.19573915906985,,"WHO, UNICEF"
Thailand,764,2011,"Drinking water, Basic service",97.0,,"WHO, UNICEF"
Thailand,764,2011,"Drinking water, At least basic service",97.832048469827,,"WHO, UNICEF"
Thailand,764,2011,"Drinking water, Unimproved",2.3212332746434,,"WHO, UNICEF"
Thailand,764,2011,"Drinking water, On premises",93.654530685631,,"WHO, UNICEF"
Thailand,764,2011,"Drinking water, Surface water",0.69791771431984,,"WHO, UNICEF"
Thailand,764,2011,"Drinking water, Available",96.196235150198,,"WHO, UNICEF"
Thailand,764,2011,"Drinking water, Limited",0.26372173715289,,"WHO, UNICEF"
Thailand,764,2011,"Drinking water, Basic service",96.0,,"WHO, UNICEF"
Thailand,764,2011,"Drinking water, At least basic service",96.717127273884,,"WHO, UNICEF"
Thailand,764,2011,"Drinking water, Limited",0.11162862858578,,"WHO, UNICEF"
Thailand,764,2011,"Drinking water, Available",99.133332617407,,"WHO, UNICEF"
Thailand,764,2011,"Drinking water, Basic service",99.0,,"WHO, UNICEF"
Thailand,764,2011,"Drinking water, On premises",98.061842883811,,"WHO, UNICEF"
Thailand,764,2011,"Drinking water, Unimproved",0.56644418950587,,"WHO, UNICEF"
Thailand,764,2011,"Drinking water, Surface water",0.11045647950492,,"WHO, UNICEF"
Thailand,764,2011,"Drinking water, At least basic service",99.211470702403,,"WHO, UNICEF"
Viet Nam,704,2011,"Drinking water, Surface water",0.63199730399327,,"WHO, UNICEF"
Viet Nam,704,2011,"Drinking water, Unimproved",1.7777112367903,,"WHO, UNICEF"
Viet Nam,704,2011,"Drinking water, On premises",94.486124740131,,"WHO, UNICEF"
Viet Nam,704,2011,"Drinking water, Safely managed service",74.0,,"WHO, UNICEF"
Viet Nam,704,2011,"Drinking water, Free of contamination",74.612540226794,,"WHO, UNICEF"
Viet Nam,704,2011,"Drinking water, Available",97.590291459216,,"WHO, UNICEF"
Viet Nam,704,2011,"Drinking water, Limited",0.80171202761223,,"WHO, UNICEF"
Viet Nam,704,2011,"Drinking water, Basic service",97.0,,"WHO, UNICEF"
Viet Nam,704,2011,"Drinking water, Safely managed service",52.0,,"WHO, UNICEF"
Viet Nam,704,2011,"Drinking water, On premises",84.224724558757,,"WHO, UNICEF"
Viet Nam,704,2011,"Drinking water, Unimproved",6.2350232360039,,"WHO, UNICEF"
Viet Nam,704,2011,"Drinking water, Free of contamination",51.814738859139,,"WHO, UNICEF"
Viet Nam,704,2011,"Drinking water, Surface water",3.442184588886,,"WHO, UNICEF"
Viet Nam,704,2011,"Drinking water, Available",88.077301684199,,"WHO, UNICEF"
Viet Nam,704,2011,"Drinking water, Limited",0.6950555114022,,"WHO, UNICEF"
Viet Nam,704,2011,"Drinking water, Basic service",89.0,,"WHO, UNICEF"
Viet Nam,704,2011,"Drinking water, Limited",0.64695796338997,,"WHO, UNICEF"
Viet Nam,704,2011,"Drinking water, Safely managed service",41.0,,"WHO, UNICEF"
Viet Nam,704,2011,"Drinking water, On premises",79.59727044939,,"WHO, UNICEF"
Viet Nam,704,2011,"Drinking water, Unimproved",8.2450793052719,,"WHO, UNICEF"
Viet Nam,704,2011,"Drinking water, Surface water",4.7094600441965,,"WHO, UNICEF"
Viet Nam,704,2011,"Drinking water, Free of contamination",41.53389823123,,"WHO, UNICEF"
Viet Nam,704,2011,"Drinking water, Available",83.787349058382,,"WHO, UNICEF"
Viet Nam,704,2011,"Drinking water, Basic service",86.0,,"WHO, UNICEF"
Brunei Darussalam,96,2012,"Drinking water, At least basic service",99.900031747605,,"WHO, UNICEF"
Brunei Darussalam,96,2012,"Drinking water, Basic service",100.0,,"WHO, UNICEF"
Brunei Darussalam,96,2012,"Drinking water, Limited",0.0,,"WHO, UNICEF"
Brunei Darussalam,96,2012,"Drinking water, Surface water",0.099968252395268,,"WHO, UNICEF"
Brunei Darussalam,96,2012,"Drinking water, Unimproved",3.0531133177199997e-15,,"WHO, UNICEF"
Brunei Darussalam,96,2012,"Drinking water, On premises",99.801434607302,,"WHO, UNICEF"
Cambodia,116,2012,"Drinking water, Surface water",5.4696985408036,,"WHO, UNICEF"
Cambodia,116,2012,"Drinking water, Unimproved",3.8247839819458,,"WHO, UNICEF"
Cambodia,116,2012,"Drinking water, On premises",72.026543178323,,"WHO, UNICEF"
Cambodia,116,2012,"Drinking water, Safely managed service",52.0,,"WHO, UNICEF"
Cambodia,116,2012,"Drinking water, Free of contamination",52.155672549419,,"WHO, UNICEF"
Cambodia,116,2012,"Drinking water, Available",79.023136635975,,"WHO, UNICEF"
Cambodia,116,2012,"Drinking water, Limited",2.7026978760578,,"WHO, UNICEF"
Cambodia,116,2012,"Drinking water, Basic service",88.0,,"WHO, UNICEF"
Cambodia,116,2012,"Drinking water, Safely managed service",15.0,,"WHO, UNICEF"
Cambodia,116,2012,"Drinking water, Basic service",64.0,,"WHO, UNICEF"
Cambodia,116,2012,"Drinking water, Limited",4.7671677215785,,"WHO, UNICEF"
Cambodia,116,2012,"Drinking water, Available",59.774603103882,,"WHO, UNICEF"
Cambodia,116,2012,"Drinking water, Free of contamination",15.42514795328,,"WHO, UNICEF"
Cambodia,116,2012,"Drinking water, On premises",40.16840283022,,"WHO, UNICEF"
Cambodia,116,2012,"Drinking water, Unimproved",14.271112177483,,"WHO, UNICEF"
Cambodia,116,2012,"Drinking water, Surface water",18.074730132693,,"WHO, UNICEF"
Cambodia,116,2012,"Drinking water, Safely managed service",23.0,,"WHO, UNICEF"
Cambodia,116,2012,"Drinking water, Surface water",15.423009743692,,"WHO, UNICEF"
Cambodia,116,2012,"Drinking water, Unimproved",12.073517272493,,"WHO, UNICEF"
Cambodia,116,2012,"Drinking water, On premises",46.870400338639,,"WHO, UNICEF"
Cambodia,116,2012,"Drinking water, Free of contamination",23.152148730425,,"WHO, UNICEF"
Cambodia,116,2012,"Drinking water, Available",63.823917747541,,"WHO, UNICEF"
Cambodia,116,2012,"Drinking water, Limited",4.3328652344049,,"WHO, UNICEF"
Cambodia,116,2012,"Drinking water, Basic service",69.0,,"WHO, UNICEF"
Indonesia,360,2012,"Drinking water, Surface water",0.34147156058292,,"WHO, UNICEF"
Indonesia,360,2012,"Drinking water, Basic service",94.0,,"WHO, UNICEF"
Indonesia,360,2012,"Drinking water, Limited",0.65845750666496,,"WHO, UNICEF"
Indonesia,360,2012,"Drinking water, Available",86.950004660973,,"WHO, UNICEF"
Indonesia,360,2012,"Drinking water, Free of contamination",33.175467533519,,"WHO, UNICEF"
Indonesia,360,2012,"Drinking water, Safely managed service",33.0,,"WHO, UNICEF"
Indonesia,360,2012,"Drinking water, On premises",74.052077839811,,"WHO, UNICEF"
Indonesia,360,2012,"Drinking water, Unimproved",4.8714783436478,,"WHO, UNICEF"
Indonesia,360,2012,"Drinking water, Basic service",78.0,,"WHO, UNICEF"
Indonesia,360,2012,"Drinking water, Limited",0.84349243735964,,"WHO, UNICEF"
Indonesia,360,2012,"Drinking water, Available",70.840926135024,,"WHO, UNICEF"
Indonesia,360,2012,"Drinking water, Free of contamination",21.334784016415,,"WHO, UNICEF"
Indonesia,360,2012,"Drinking water, Surface water",3.8200433377127,,"WHO, UNICEF"
Indonesia,360,2012,"Drinking water, Safely managed service",21.0,,"WHO, UNICEF"
Indonesia,360,2012,"Drinking water, On premises",55.600559828638,,"WHO, UNICEF"
Indonesia,360,2012,"Drinking water, Unimproved",17.453816380314,,"WHO, UNICEF"
Indonesia,360,2012,"Drinking water, Free of contamination",27.406212848135,,"WHO, UNICEF"
Indonesia,360,2012,"Drinking water, Surface water",2.0363709001215,,"WHO, UNICEF"
Indonesia,360,2012,"Drinking water, Unimproved",11.002096705404,,"WHO, UNICEF"
Indonesia,360,2012,"Drinking water, On premises",65.061760156372,,"WHO, UNICEF"
Indonesia,360,2012,"Drinking water, Safely managed service",27.0,,"WHO, UNICEF"
Indonesia,360,2012,"Drinking water, Available",79.101017226216,,"WHO, UNICEF"
Indonesia,360,2012,"Drinking water, Limited",0.74861392852451,,"WHO, UNICEF"
Indonesia,360,2012,"Drinking water, Basic service",86.0,,"WHO, UNICEF"
Lao People's Democratic Republic,418,2012,"Drinking water, On premises",77.322177294757,,"WHO, UNICEF"
Lao People's Democratic Republic,418,2012,"Drinking water, Surface water",1.7114338948436,,"WHO, UNICEF"
Lao People's Democratic Republic,418,2012,"Drinking water, Unimproved",8.6108340621554,,"WHO, UNICEF"
Lao People's Democratic Republic,418,2012,"Drinking water, Safely managed service",19.0,,"WHO, UNICEF"
Lao People's Democratic Republic,418,2012,"Drinking water, Free of contamination",24.933709648493,,"WHO, UNICEF"
Lao People's Democratic Republic,418,2012,"Drinking water, Available",88.071200312317,,"WHO, UNICEF"
Lao People's Democratic Republic,418,2012,"Drinking water, Limited",0.69703706508629,,"WHO, UNICEF"
Lao People's Democratic Republic,418,2012,"Drinking water, Basic service",90.0,,"WHO, UNICEF"
Lao People's Democratic Republic,418,2012,"Drinking water, Limited",3.2328361544493,,"WHO, UNICEF"
Lao People's Democratic Republic,418,2012,"Drinking water, Surface water",12.240532318444,,"WHO, UNICEF"
Lao People's Democratic Republic,418,2012,"Drinking water, Unimproved",20.59566023604,,"WHO, UNICEF"
Lao People's Democratic Republic,418,2012,"Drinking water, On premises",38.920943147653,,"WHO, UNICEF"
Lao People's Democratic Republic,418,2012,"Drinking water, Safely managed service",7.0,,"WHO, UNICEF"
Lao People's Democratic Republic,418,2012,"Drinking water, Basic service",64.0,,"WHO, UNICEF"
Lao People's Democratic Republic,418,2012,"Drinking water, Available",64.066702941923,,"WHO, UNICEF"
Lao People's Democratic Republic,418,2012,"Drinking water, Free of contamination",9.8913281009738,,"WHO, UNICEF"
Lao People's Democratic Republic,418,2012,"Drinking water, Basic service",72.0,,"WHO, UNICEF"
Lao People's Democratic Republic,418,2012,"Drinking water, Surface water",8.9487146177915,,"WHO, UNICEF"
Lao People's Democratic Republic,418,2012,"Drinking water, Unimproved",16.848725819048,,"WHO, UNICEF"
Lao People's Democratic Republic,418,2012,"Drinking water, On premises",50.926704495976,,"WHO, UNICEF"
Lao People's Democratic Republic,418,2012,"Drinking water, Safely managed service",11.0,,"WHO, UNICEF"
Lao People's Democratic Republic,418,2012,"Drinking water, Free of contamination",14.594178192023,,"WHO, UNICEF"
Lao People's Democratic Republic,418,2012,"Drinking water, Available",71.571467813688,,"WHO, UNICEF"
Lao People's Democratic Republic,418,2012,"Drinking water, Limited",2.4400438318791,,"WHO, UNICEF"
Malaysia,458,2012,"Drinking water, At least basic service",99.207848139909,,"WHO, UNICEF"
Malaysia,458,2012,"Drinking water, Basic service",99.0,,"WHO, UNICEF"
Malaysia,458,2012,"Drinking water, Limited",0.29851910172491,,"WHO, UNICEF"
Malaysia,458,2012,"Drinking water, On premises",97.317227162318,,"WHO, UNICEF"
Malaysia,458,2012,"Drinking water, Unimproved",0.40363275836649,,"WHO, UNICEF"
Malaysia,458,2012,"Drinking water, Surface water",0.09,,"WHO, UNICEF"
Malaysia,458,2012,"Drinking water, Unimproved",8.0977606816083,,"WHO, UNICEF"
Malaysia,458,2012,"Drinking water, On premises",83.263428822463,,"WHO, UNICEF"
Malaysia,458,2012,"Drinking water, Limited",0.55141343591033,,"WHO, UNICEF"
Malaysia,458,2012,"Drinking water, Basic service",94.0,,"WHO, UNICEF"
Malaysia,458,2012,"Drinking water, At least basic service",91.350825882481,,"WHO, UNICEF"
Malaysia,458,2012,"Drinking water, Basic service",97.0,,"WHO, UNICEF"
Malaysia,458,2012,"Drinking water, Limited",0.36863405644798,,"WHO, UNICEF"
Malaysia,458,2012,"Drinking water, Free of contamination",97.141965381428,,"WHO, UNICEF"
Malaysia,458,2012,"Drinking water, Safely managed service",94.0,,"WHO, UNICEF"
Malaysia,458,2012,"Drinking water, On premises",93.420811210875,,"WHO, UNICEF"
Malaysia,458,2012,"Drinking water, Unimproved",2.6018775565461,,"WHO, UNICEF"
Myanmar,104,2012,"Drinking water, On premises",36.324981868477,,"WHO, UNICEF"
Myanmar,104,2012,"Drinking water, Surface water",16.410803333333,,"WHO, UNICEF"
Myanmar,104,2012,"Drinking water, Basic service",61.0,,"WHO, UNICEF"
Myanmar,104,2012,"Drinking water, Limited",10.825593830417,,"WHO, UNICEF"
Myanmar,104,2012,"Drinking water, Available",59.521747459981,,"WHO, UNICEF"
Myanmar,104,2012,"Drinking water, Free of contamination",45.433759895488,,"WHO, UNICEF"
Myanmar,104,2012,"Drinking water, Safely managed service",37.0,,"WHO, UNICEF"
Myanmar,104,2012,"Drinking water, Unimproved",13.149258844204,,"WHO, UNICEF"
Myanmar,104,2012,"Drinking water, Unimproved",5.178697918343,,"WHO, UNICEF"
Myanmar,104,2012,"Drinking water, Surface water",5.1309311111111,,"WHO, UNICEF"
Myanmar,104,2012,"Drinking water, On premises",71.428667244839,,"WHO, UNICEF"
Myanmar,104,2012,"Drinking water, Safely managed service",70.0,,"WHO, UNICEF"
Myanmar,104,2012,"Drinking water, Available",83.232664260667,,"WHO, UNICEF"
Myanmar,104,2012,"Drinking water, Limited",6.2513094991133,,"WHO, UNICEF"
Myanmar,104,2012,"Drinking water, Basic service",84.0,,"WHO, UNICEF"
Myanmar,104,2012,"Drinking water, Free of contamination",69.330656760232,,"WHO, UNICEF"
Myanmar,104,2012,"Drinking water, Safely managed service",47.0,,"WHO, UNICEF"
Myanmar,104,2012,"Drinking water, Surface water",13.109636221254,,"WHO, UNICEF"
Myanmar,104,2012,"Drinking water, Unimproved",10.816593618226,,"WHO, UNICEF"
Myanmar,104,2012,"Drinking water, On premises",46.598426472263,,"WHO, UNICEF"
Myanmar,104,2012,"Drinking water, Free of contamination",52.427425985685,,"WHO, UNICEF"
Myanmar,104,2012,"Drinking water, Available",66.460984779924,,"WHO, UNICEF"
Myanmar,104,2012,"Drinking water, Limited",9.4868839420419,,"WHO, UNICEF"
Myanmar,104,2012,"Drinking water, Basic service",68.0,,"WHO, UNICEF"
Philippines,608,2012,"Drinking water, Surface water",0.29305746361783,,"WHO, UNICEF"
Philippines,608,2012,"Drinking water, Basic service",96.0,,"WHO, UNICEF"
Philippines,608,2012,"Drinking water, Limited",2.0082333924731,,"WHO, UNICEF"
Philippines,608,2012,"Drinking water, Available",87.496481956289,,"WHO, UNICEF"
Philippines,608,2012,"Drinking water, Free of contamination",60.943460132231,,"WHO, UNICEF"
Philippines,608,2012,"Drinking water, Safely managed service",61.0,,"WHO, UNICEF"
Philippines,608,2012,"Drinking water, On premises",76.703601195108,,"WHO, UNICEF"
Philippines,608,2012,"Drinking water, Unimproved",1.9544123501696,,"WHO, UNICEF"
Philippines,608,2012,"Drinking water, Surface water",1.6989822829922,,"WHO, UNICEF"
Philippines,608,2012,"Drinking water, Free of contamination",32.807238716652,,"WHO, UNICEF"
Philippines,608,2012,"Drinking water, Unimproved",8.0594021177413,,"WHO, UNICEF"
Philippines,608,2012,"Drinking water, On premises",48.828750149939,,"WHO, UNICEF"
Philippines,608,2012,"Drinking water, Safely managed service",33.0,,"WHO, UNICEF"
Philippines,608,2012,"Drinking water, Available",79.846074711315,,"WHO, UNICEF"
Philippines,608,2012,"Drinking water, Limited",3.7460007411311,,"WHO, UNICEF"
Philippines,608,2012,"Drinking water, Basic service",87.0,,"WHO, UNICEF"
Philippines,608,2012,"Drinking water, Available",83.343228270707,,"WHO, UNICEF"
Philippines,608,2012,"Drinking water, Basic service",91.0,,"WHO, UNICEF"
Philippines,608,2012,"Drinking water, Limited",2.9516325345615,,"WHO, UNICEF"
Philippines,608,2012,"Drinking water, Free of contamination",45.668867621774,,"WHO, UNICEF"
Philippines,608,2012,"Drinking water, Safely managed service",46.0,,"WHO, UNICEF"
Philippines,608,2012,"Drinking water, On premises",61.570901338293,,"WHO, UNICEF"
Philippines,608,2012,"Drinking water, Unimproved",5.268689845272,,"WHO, UNICEF"
Philippines,608,2012,"Drinking water, Surface water",1.0563059407393,,"WHO, UNICEF"
Singapore,702,2012,"Drinking water, Free of contamination",100.0,,"WHO, UNICEF"
Singapore,702,2012,"Drinking water, Basic service",100.0,,"WHO, UNICEF"
Singapore,702,2012,"Drinking water, Limited",0.0,,"WHO, UNICEF"
Singapore,702,2012,"Drinking water, Safely managed service",100.0,,"WHO, UNICEF"
Singapore,702,2012,"Drinking water, On premises",100.0,,"WHO, UNICEF"
Singapore,702,2012,"Drinking water, Unimproved",0.0,,"WHO, UNICEF"
Singapore,702,2012,"Drinking water, Surface water",0.0,,"WHO, UNICEF"
Singapore,702,2012,"Drinking water, Free of contamination",100.0,,"WHO, UNICEF"
Singapore,702,2012,"Drinking water, Limited",0.0,,"WHO, UNICEF"
Singapore,702,2012,"Drinking water, Surface water",0.0,,"WHO, UNICEF"
Singapore,702,2012,"Drinking water, Unimproved",0.0,,"WHO, UNICEF"
Singapore,702,2012,"Drinking water, On premises",100.0,,"WHO, UNICEF"
Singapore,702,2012,"Drinking water, Safely managed service",100.0,,"WHO, UNICEF"
Singapore,702,2012,"Drinking water, Basic service",100.0,,"WHO, UNICEF"
Thailand,764,2012,"Drinking water, Surface water",0.68796613166732,,"WHO, UNICEF"
Thailand,764,2012,"Drinking water, On premises",94.506212365969,,"WHO, UNICEF"
Thailand,764,2012,"Drinking water, Unimproved",1.9312950230926,,"WHO, UNICEF"
Thailand,764,2012,"Drinking water, Available",96.592889715687,,"WHO, UNICEF"
Thailand,764,2012,"Drinking water, Limited",0.25894391503945,,"WHO, UNICEF"
Thailand,764,2012,"Drinking water, Basic service",97.0,,"WHO, UNICEF"
Thailand,764,2012,"Drinking water, At least basic service",97.121794930201,,"WHO, UNICEF"
Thailand,764,2012,"Drinking water, Limited",0.13034549879276,,"WHO, UNICEF"
Thailand,764,2012,"Drinking water, Available",99.244031353664,,"WHO, UNICEF"
Thailand,764,2012,"Drinking water, Basic service",99.0,,"WHO, UNICEF"
Thailand,764,2012,"Drinking water, At least basic service",99.303664474326,,"WHO, UNICEF"
Thailand,764,2012,"Drinking water, On premises",98.320555616554,,"WHO, UNICEF"
Thailand,764,2012,"Drinking water, Unimproved",0.45401575812941,,"WHO, UNICEF"
Thailand,764,2012,"Drinking water, Surface water",0.11197426875198,,"WHO, UNICEF"
Thailand,764,2012,"Drinking water, Unimproved",1.2599448182169,,"WHO, UNICEF"
Thailand,764,2012,"Drinking water, Surface water",0.42620662513997,,"WHO, UNICEF"
Thailand,764,2012,"Drinking water, At least basic service",98.113346192189,,"WHO, UNICEF"
Thailand,764,2012,"Drinking water, Basic service",98.0,,"WHO, UNICEF"
Thailand,764,2012,"Drinking water, Limited",0.20050236445453,,"WHO, UNICEF"
Thailand,764,2012,"Drinking water, Available",97.797701684531,,"WHO, UNICEF"
Thailand,764,2012,"Drinking water, On premises",96.239641312189,,"WHO, UNICEF"
Viet Nam,704,2012,"Drinking water, Available",88.822044391065,,"WHO, UNICEF"
Viet Nam,704,2012,"Drinking water, Surface water",2.9865700697916,,"WHO, UNICEF"
Viet Nam,704,2012,"Drinking water, Unimproved",5.9441331555549,,"WHO, UNICEF"
Viet Nam,704,2012,"Drinking water, On premises",85.799197659406,,"WHO, UNICEF"
Viet Nam,704,2012,"Drinking water, Safely managed service",52.0,,"WHO, UNICEF"
Viet Nam,704,2012,"Drinking water, Free of contamination",52.371949797639,,"WHO, UNICEF"
Viet Nam,704,2012,"Drinking water, Limited",0.66707572102079,,"WHO, UNICEF"
Viet Nam,704,2012,"Drinking water, Basic service",90.0,,"WHO, UNICEF"
Viet Nam,704,2012,"Drinking water, Surface water",4.1248219546351,,"WHO, UNICEF"
Viet Nam,704,2012,"Drinking water, Unimproved",7.9036615657005,,"WHO, UNICEF"
Viet Nam,704,2012,"Drinking water, On premises",81.517537444876,,"WHO, UNICEF"
Viet Nam,704,2012,"Drinking water, Safely managed service",42.0,,"WHO, UNICEF"
Viet Nam,704,2012,"Drinking water, Free of contamination",41.975767437002,,"WHO, UNICEF"
Viet Nam,704,2012,"Drinking water, Available",84.678742617831,,"WHO, UNICEF"
Viet Nam,704,2012,"Drinking water, Limited",0.61850894090684,,"WHO, UNICEF"
Viet Nam,704,2012,"Drinking water, Basic service",87.0,,"WHO, UNICEF"
Viet Nam,704,2012,"Drinking water, On premises",95.002225889046,,"WHO, UNICEF"
Viet Nam,704,2012,"Drinking water, Unimproved",1.7323141902449,,"WHO, UNICEF"
Viet Nam,704,2012,"Drinking water, Surface water",0.54000215428255,,"WHO, UNICEF"
Viet Nam,704,2012,"Drinking water, Safely managed service",75.0,,"WHO, UNICEF"
Viet Nam,704,2012,"Drinking water, Free of contamination",74.717583265571,,"WHO, UNICEF"
Viet Nam,704,2012,"Drinking water, Available",97.727683655473,,"WHO, UNICEF"
Viet Nam,704,2012,"Drinking water, Limited",0.77146549607336,,"WHO, UNICEF"
Viet Nam,704,2012,"Drinking water, Basic service",97.0,,"WHO, UNICEF"
Brunei Darussalam,96,2013,"Drinking water, On premises",99.803974654007,,"WHO, UNICEF"
Brunei Darussalam,96,2013,"Drinking water, At least basic service",99.900033689599,,"WHO, UNICEF"
Brunei Darussalam,96,2013,"Drinking water, Basic service",100.0,,"WHO, UNICEF"
Brunei Darussalam,96,2013,"Drinking water, Limited",0.0,,"WHO, UNICEF"
Brunei Darussalam,96,2013,"Drinking water, Unimproved",0.0,,"WHO, UNICEF"
Brunei Darussalam,96,2013,"Drinking water, Surface water",0.099966310401401,,"WHO, UNICEF"
Cambodia,116,2013,"Drinking water, Surface water",5.0020242678423,,"WHO, UNICEF"
Cambodia,116,2013,"Drinking water, Unimproved",3.36219895072,,"WHO, UNICEF"
Cambodia,116,2013,"Drinking water, On premises",71.709300500063,,"WHO, UNICEF"
Cambodia,116,2013,"Drinking water, Safely managed service",52.0,,"WHO, UNICEF"
Cambodia,116,2013,"Drinking water, Free of contamination",52.690571649327,,"WHO, UNICEF"
Cambodia,116,2013,"Drinking water, Available",79.833583565183,,"WHO, UNICEF"
Cambodia,116,2013,"Drinking water, Limited",3.0404082222475,,"WHO, UNICEF"
Cambodia,116,2013,"Drinking water, Basic service",89.0,,"WHO, UNICEF"
Cambodia,116,2013,"Drinking water, Available",65.346909392309,,"WHO, UNICEF"
Cambodia,116,2013,"Drinking water, Basic service",70.0,,"WHO, UNICEF"
Cambodia,116,2013,"Drinking water, Limited",4.9570909439967,,"WHO, UNICEF"
Cambodia,116,2013,"Drinking water, Free of contamination",23.734991268817,,"WHO, UNICEF"
Cambodia,116,2013,"Drinking water, Safely managed service",24.0,,"WHO, UNICEF"
Cambodia,116,2013,"Drinking water, On premises",47.140694360665,,"WHO, UNICEF"
Cambodia,116,2013,"Drinking water, Unimproved",11.146731354137,,"WHO, UNICEF"
Cambodia,116,2013,"Drinking water, Surface water",14.618478804838,,"WHO, UNICEF"
Cambodia,116,2013,"Drinking water, Surface water",17.239034419366,,"WHO, UNICEF"
Cambodia,116,2013,"Drinking water, Basic service",65.0,,"WHO, UNICEF"
Cambodia,116,2013,"Drinking water, Limited",5.479401268722,,"WHO, UNICEF"
Cambodia,116,2013,"Drinking water, Available",61.399181806116,,"WHO, UNICEF"
Cambodia,116,2013,"Drinking water, Free of contamination",15.844378956791,,"WHO, UNICEF"
Cambodia,116,2013,"Drinking water, Safely managed service",16.0,,"WHO, UNICEF"
Cambodia,116,2013,"Drinking water, On premises",40.445565113007,,"WHO, UNICEF"
Cambodia,116,2013,"Drinking water, Unimproved",13.268075419271,,"WHO, UNICEF"
Indonesia,360,2013,"Drinking water, Basic service",94.0,,"WHO, UNICEF"
Indonesia,360,2013,"Drinking water, Surface water",0.31312389795878,,"WHO, UNICEF"
Indonesia,360,2013,"Drinking water, Unimproved",4.4841777998007,,"WHO, UNICEF"
Indonesia,360,2013,"Drinking water, On premises",73.989845086622,,"WHO, UNICEF"
Indonesia,360,2013,"Drinking water, Safely managed service",33.0,,"WHO, UNICEF"
Indonesia,360,2013,"Drinking water, Free of contamination",33.320944405784,,"WHO, UNICEF"
Indonesia,360,2013,"Drinking water, Available",87.331286845127,,"WHO, UNICEF"
Indonesia,360,2013,"Drinking water, Limited",0.65115313544291,,"WHO, UNICEF"
Indonesia,360,2013,"Drinking water, Surface water",1.9057351305748,,"WHO, UNICEF"
Indonesia,360,2013,"Drinking water, Unimproved",10.28984888145,,"WHO, UNICEF"
Indonesia,360,2013,"Drinking water, On premises",65.561480172113,,"WHO, UNICEF"
Indonesia,360,2013,"Drinking water, Safely managed service",28.0,,"WHO, UNICEF"
Indonesia,360,2013,"Drinking water, Free of contamination",27.702539492124,,"WHO, UNICEF"
Indonesia,360,2013,"Drinking water, Available",79.874502224837,,"WHO, UNICEF"
Indonesia,360,2013,"Drinking water, Limited",0.76472743881583,,"WHO, UNICEF"
Indonesia,360,2013,"Drinking water, Basic service",86.0,,"WHO, UNICEF"
Indonesia,360,2013,"Drinking water, Basic service",78.0,,"WHO, UNICEF"
Indonesia,360,2013,"Drinking water, Surface water",3.627956533544,,"WHO, UNICEF"
Indonesia,360,2013,"Drinking water, Unimproved",16.568001196752,,"WHO, UNICEF"
Indonesia,360,2013,"Drinking water, On premises",56.447194157427,,"WHO, UNICEF"
Indonesia,360,2013,"Drinking water, Safely managed service",22.0,,"WHO, UNICEF"
Indonesia,360,2013,"Drinking water, Free of contamination",21.62689545509,,"WHO, UNICEF"
Indonesia,360,2013,"Drinking water, Available",71.810865405768,,"WHO, UNICEF"
Indonesia,360,2013,"Drinking water, Limited",0.88754464630462,,"WHO, UNICEF"
Lao People's Democratic Republic,418,2013,"Drinking water, Surface water",7.7026762364303,,"WHO, UNICEF"
Lao People's Democratic Republic,418,2013,"Drinking water, Unimproved",15.97599929348,,"WHO, UNICEF"
Lao People's Democratic Republic,418,2013,"Drinking water, On premises",55.712403734336,,"WHO, UNICEF"
Lao People's Democratic Republic,418,2013,"Drinking water, Safely managed service",11.0,,"WHO, UNICEF"
Lao People's Democratic Republic,418,2013,"Drinking water, Free of contamination",15.021489608001,,"WHO, UNICEF"
Lao People's Democratic Republic,418,2013,"Drinking water, Available",73.617389160607,,"WHO, UNICEF"
Lao People's Democratic Republic,418,2013,"Drinking water, Limited",2.6389236050562,,"WHO, UNICEF"
Lao People's Democratic Republic,418,2013,"Drinking water, Basic service",74.0,,"WHO, UNICEF"
Lao People's Democratic Republic,418,2013,"Drinking water, Limited",0.72868204295746,,"WHO, UNICEF"
Lao People's Democratic Republic,418,2013,"Drinking water, Basic service",90.0,,"WHO, UNICEF"
Lao People's Democratic Republic,418,2013,"Drinking water, Surface water",1.4604343869129,,"WHO, UNICEF"
Lao People's Democratic Republic,418,2013,"Drinking water, Unimproved",7.8066149730969,,"WHO, UNICEF"
Lao People's Democratic Republic,418,2013,"Drinking water, On premises",81.50217003869,,"WHO, UNICEF"
Lao People's Democratic Republic,418,2013,"Drinking water, Safely managed service",19.0,,"WHO, UNICEF"
Lao People's Democratic Republic,418,2013,"Drinking water, Free of contamination",25.227099250501,,"WHO, UNICEF"
Lao People's Democratic Republic,418,2013,"Drinking water, Available",89.10751519575,,"WHO, UNICEF"
Lao People's Democratic Republic,418,2013,"Drinking water, Surface water",10.622954443768,,"WHO, UNICEF"
Lao People's Democratic Republic,418,2013,"Drinking water, Basic service",66.0,,"WHO, UNICEF"
Lao People's Democratic Republic,418,2013,"Drinking water, Limited",3.5325827848339,,"WHO, UNICEF"
Lao People's Democratic Republic,418,2013,"Drinking water, Available",66.370713572725,,"WHO, UNICEF"
Lao People's Democratic Republic,418,2013,"Drinking water, Free of contamination",10.247046813673,,"WHO, UNICEF"
Lao People's Democratic Republic,418,2013,"Drinking water, Safely managed service",8.0,,"WHO, UNICEF"
Lao People's Democratic Republic,418,2013,"Drinking water, On premises",43.647296820912,,"WHO, UNICEF"
Lao People's Democratic Republic,418,2013,"Drinking water, Unimproved",19.797847287501,,"WHO, UNICEF"
Malaysia,458,2013,"Drinking water, Unimproved",8.2428031562159,,"WHO, UNICEF"
Malaysia,458,2013,"Drinking water, At least basic service",91.206653662721,,"WHO, UNICEF"
Malaysia,458,2013,"Drinking water, Basic service",94.0,,"WHO, UNICEF"
Malaysia,458,2013,"Drinking water, Limited",0.55054318106269,,"WHO, UNICEF"
Malaysia,458,2013,"Drinking water, On premises",83.132020340468,,"WHO, UNICEF"
Malaysia,458,2013,"Drinking water, Surface water",0.09,,"WHO, UNICEF"
Malaysia,458,2013,"Drinking water, At least basic service",99.199754110865,,"WHO, UNICEF"
Malaysia,458,2013,"Drinking water, Basic service",99.0,,"WHO, UNICEF"
Malaysia,458,2013,"Drinking water, Limited",0.29849474657232,,"WHO, UNICEF"
Malaysia,458,2013,"Drinking water, On premises",97.309287382574,,"WHO, UNICEF"
Malaysia,458,2013,"Drinking water, Unimproved",0.41175114256228,,"WHO, UNICEF"
Malaysia,458,2013,"Drinking water, Free of contamination",97.178717111449,,"WHO, UNICEF"
Malaysia,458,2013,"Drinking water, Unimproved",2.5972565786818,,"WHO, UNICEF"
Malaysia,458,2013,"Drinking water, On premises",93.471498718508,,"WHO, UNICEF"
Malaysia,458,2013,"Drinking water, Safely managed service",94.0,,"WHO, UNICEF"
Malaysia,458,2013,"Drinking water, Basic service",97.0,,"WHO, UNICEF"
Malaysia,458,2013,"Drinking water, Limited",0.36672424474483,,"WHO, UNICEF"
Myanmar,104,2013,"Drinking water, Surface water",5.0998903132388,,"WHO, UNICEF"
Myanmar,104,2013,"Drinking water, Safely managed service",71.0,,"WHO, UNICEF"
Myanmar,104,2013,"Drinking water, On premises",73.202105446378,,"WHO, UNICEF"
Myanmar,104,2013,"Drinking water, Unimproved",4.7685812226662,,"WHO, UNICEF"
Myanmar,104,2013,"Drinking water, Free of contamination",69.671671502745,,"WHO, UNICEF"
Myanmar,104,2013,"Drinking water, Available",83.64205841468,,"WHO, UNICEF"
Myanmar,104,2013,"Drinking water, Limited",5.4877689417789,,"WHO, UNICEF"
Myanmar,104,2013,"Drinking water, Basic service",86.0,,"WHO, UNICEF"
Myanmar,104,2013,"Drinking water, Basic service",63.0,,"WHO, UNICEF"
Myanmar,104,2013,"Drinking water, Surface water",16.151336870567,,"WHO, UNICEF"
Myanmar,104,2013,"Drinking water, Unimproved",12.551460544699,,"WHO, UNICEF"
Myanmar,104,2013,"Drinking water, On premises",37.980943115661,,"WHO, UNICEF"
Myanmar,104,2013,"Drinking water, Safely managed service",39.0,,"WHO, UNICEF"
Myanmar,104,2013,"Drinking water, Free of contamination",45.986695667153,,"WHO, UNICEF"
Myanmar,104,2013,"Drinking water, Available",60.2461361841,,"WHO, UNICEF"
Myanmar,104,2013,"Drinking water, Limited",9.843424848914,,"WHO, UNICEF"
Myanmar,104,2013,"Drinking water, Basic service",70.0,,"WHO, UNICEF"
Myanmar,104,2013,"Drinking water, Surface water",12.895912620075,,"WHO, UNICEF"
Myanmar,104,2013,"Drinking water, Unimproved",10.25885616273,,"WHO, UNICEF"
Myanmar,104,2013,"Drinking water, On premises",48.356041447256,,"WHO, UNICEF"
Myanmar,104,2013,"Drinking water, Safely managed service",48.0,,"WHO, UNICEF"
Myanmar,104,2013,"Drinking water, Free of contamination",52.963579752668,,"WHO, UNICEF"
Myanmar,104,2013,"Drinking water, Available",67.137874021177,,"WHO, UNICEF"
Myanmar,104,2013,"Drinking water, Limited",8.560379496966,,"WHO, UNICEF"
Philippines,608,2013,"Drinking water, Surface water",0.24621952217429,,"WHO, UNICEF"
Philippines,608,2013,"Drinking water, Unimproved",1.8455411276246,,"WHO, UNICEF"
Philippines,608,2013,"Drinking water, On premises",78.204615678003,,"WHO, UNICEF"
Philippines,608,2013,"Drinking water, Safely managed service",61.0,,"WHO, UNICEF"
Philippines,608,2013,"Drinking water, Free of contamination",61.040536445342,,"WHO, UNICEF"
Philippines,608,2013,"Drinking water, Available",87.617035583361,,"WHO, UNICEF"
Philippines,608,2013,"Drinking water, Limited",1.9616081837863,,"WHO, UNICEF"
Philippines,608,2013,"Drinking water, Basic service",96.0,,"WHO, UNICEF"
Philippines,608,2013,"Drinking water, Unimproved",5.036074324829,,"WHO, UNICEF"
Philippines,608,2013,"Drinking water, Surface water",0.87988256601487,,"WHO, UNICEF"
Philippines,608,2013,"Drinking water, On premises",63.60785090343,,"WHO, UNICEF"
Philippines,608,2013,"Drinking water, Safely managed service",46.0,,"WHO, UNICEF"
Philippines,608,2013,"Drinking water, Free of contamination",45.884674559585,,"WHO, UNICEF"
Philippines,608,2013,"Drinking water, Available",83.736856454129,,"WHO, UNICEF"
Philippines,608,2013,"Drinking water, Limited",2.941304483519,,"WHO, UNICEF"
Philippines,608,2013,"Drinking water, Basic service",91.0,,"WHO, UNICEF"
Philippines,608,2013,"Drinking water, Basic service",87.0,,"WHO, UNICEF"
Philippines,608,2013,"Drinking water, Surface water",1.4175655532135,,"WHO, UNICEF"
Philippines,608,2013,"Drinking water, Unimproved",7.7433390908343,,"WHO, UNICEF"
Philippines,608,2013,"Drinking water, On premises",51.222040093149,,"WHO, UNICEF"
Philippines,608,2013,"Drinking water, Safely managed service",33.0,,"WHO, UNICEF"
Philippines,608,2013,"Drinking water, Free of contamination",33.024451815905,,"WHO, UNICEF"
Philippines,608,2013,"Drinking water, Available",80.444405171101,,"WHO, UNICEF"
Philippines,608,2013,"Drinking water, Limited",3.7726075972943,,"WHO, UNICEF"
Singapore,702,2013,"Drinking water, Free of contamination",100.0,,"WHO, UNICEF"
Singapore,702,2013,"Drinking water, Safely managed service",100.0,,"WHO, UNICEF"
Singapore,702,2013,"Drinking water, On premises",100.0,,"WHO, UNICEF"
Singapore,702,2013,"Drinking water, Unimproved",0.0,,"WHO, UNICEF"
Singapore,702,2013,"Drinking water, Surface water",0.0,,"WHO, UNICEF"
Singapore,702,2013,"Drinking water, Limited",0.0,,"WHO, UNICEF"
Singapore,702,2013,"Drinking water, Basic service",100.0,,"WHO, UNICEF"
Singapore,702,2013,"Drinking water, Surface water",0.0,,"WHO, UNICEF"
Singapore,702,2013,"Drinking water, Unimproved",0.0,,"WHO, UNICEF"
Singapore,702,2013,"Drinking water, On premises",100.0,,"WHO, UNICEF"
Singapore,702,2013,"Drinking water, Safely managed service",100.0,,"WHO, UNICEF"
Singapore,702,2013,"Drinking water, Free of contamination",100.0,,"WHO, UNICEF"
Singapore,702,2013,"Drinking water, Limited",0.0,,"WHO, UNICEF"
Singapore,702,2013,"Drinking water, Basic service",100.0,,"WHO, UNICEF"
Thailand,764,2013,"Drinking water, Unimproved",0.9871506593401,,"WHO, UNICEF"
Thailand,764,2013,"Drinking water, Surface water",0.4172446535739,,"WHO, UNICEF"
Thailand,764,2013,"Drinking water, On premises",96.848151084653,,"WHO, UNICEF"
Thailand,764,2013,"Drinking water, Available",98.082091220459,,"WHO, UNICEF"
Thailand,764,2013,"Drinking water, Limited",0.20560876126306,,"WHO, UNICEF"
Thailand,764,2013,"Drinking water, Basic service",98.0,,"WHO, UNICEF"
Thailand,764,2013,"Drinking water, At least basic service",98.389995925823,,"WHO, UNICEF"
Thailand,764,2013,"Drinking water, Basic service",97.0,,"WHO, UNICEF"
Thailand,764,2013,"Drinking water, Surface water",0.67801454901479,,"WHO, UNICEF"
Thailand,764,2013,"Drinking water, Unimproved",1.5413567715419,,"WHO, UNICEF"
Thailand,764,2013,"Drinking water, On premises",95.361717219971,,"WHO, UNICEF"
Thailand,764,2013,"Drinking water, Available",96.989544281175,,"WHO, UNICEF"
Thailand,764,2013,"Drinking water, Limited",0.25411792213326,,"WHO, UNICEF"
Thailand,764,2013,"Drinking water, At least basic service",97.52651075731,,"WHO, UNICEF"
Thailand,764,2013,"Drinking water, Unimproved",0.34158732675295,,"WHO, UNICEF"
Thailand,764,2013,"Drinking water, Available",99.354730089921,,"WHO, UNICEF"
Thailand,764,2013,"Drinking water, On premises",98.579601213907,,"WHO, UNICEF"
Thailand,764,2013,"Drinking water, Basic service",99.0,,"WHO, UNICEF"
Thailand,764,2013,"Drinking water, Surface water",0.11349205799904,,"WHO, UNICEF"
Thailand,764,2013,"Drinking water, At least basic service",99.395816769999,,"WHO, UNICEF"
Thailand,764,2013,"Drinking water, Limited",0.14910384524883,,"WHO, UNICEF"
Viet Nam,704,2013,"Drinking water, Unimproved",1.6869171436996,,"WHO, UNICEF"
Viet Nam,704,2013,"Drinking water, Basic service",97.0,,"WHO, UNICEF"
Viet Nam,704,2013,"Drinking water, Limited",0.7411307457179,,"WHO, UNICEF"
Viet Nam,704,2013,"Drinking water, Available",97.865075851729,,"WHO, UNICEF"
Viet Nam,704,2013,"Drinking water, Free of contamination",74.822626304348,,"WHO, UNICEF"
Viet Nam,704,2013,"Drinking water, Safely managed service",75.0,,"WHO, UNICEF"
Viet Nam,704,2013,"Drinking water, On premises",95.519404155171,,"WHO, UNICEF"
Viet Nam,704,2013,"Drinking water, Surface water",0.44800700457179,,"WHO, UNICEF"
Viet Nam,704,2013,"Drinking water, Unimproved",5.6569348266902,,"WHO, UNICEF"
Viet Nam,704,2013,"Drinking water, Basic service",91.0,,"WHO, UNICEF"
Viet Nam,704,2013,"Drinking water, Limited",0.63854803950364,,"WHO, UNICEF"
Viet Nam,704,2013,"Drinking water, Available",89.557261578432,,"WHO, UNICEF"
Viet Nam,704,2013,"Drinking water, Free of contamination",52.926250654006,,"WHO, UNICEF"
Viet Nam,704,2013,"Drinking water, Safely managed service",53.0,,"WHO, UNICEF"
Viet Nam,704,2013,"Drinking water, On premises",87.371016842776,,"WHO, UNICEF"
Viet Nam,704,2013,"Drinking water, Surface water",2.537421778782,,"WHO, UNICEF"
Viet Nam,704,2013,"Drinking water, Limited",0.58931605790696,,"WHO, UNICEF"
Viet Nam,704,2013,"Drinking water, Basic service",88.0,,"WHO, UNICEF"
Viet Nam,704,2013,"Drinking water, Surface water",3.5401838650737,,"WHO, UNICEF"
Viet Nam,704,2013,"Drinking water, Unimproved",7.5622438261294,,"WHO, UNICEF"
Viet Nam,704,2013,"Drinking water, On premises",83.460404374958,,"WHO, UNICEF"
Viet Nam,704,2013,"Drinking water, Safely managed service",42.0,,"WHO, UNICEF"
Viet Nam,704,2013,"Drinking water, Free of contamination",42.417636642773,,"WHO, UNICEF"
Viet Nam,704,2013,"Drinking water, Available",85.570136177279,,"WHO, UNICEF"
Brunei Darussalam,96,2014,"Drinking water, Surface water",0.099964368482984,,"WHO, UNICEF"
Brunei Darussalam,96,2014,"Drinking water, Unimproved",0.0,,"WHO, UNICEF"
Brunei Darussalam,96,2014,"Drinking water, On premises",99.806514700737,,"WHO, UNICEF"
Brunei Darussalam,96,2014,"Drinking water, Limited",0.0,,"WHO, UNICEF"
Brunei Darussalam,96,2014,"Drinking water, Basic service",100.0,,"WHO, UNICEF"
Brunei Darussalam,96,2014,"Drinking water, At least basic service",99.900035631517,,"WHO, UNICEF"
Cambodia,116,2014,"Drinking water, Limited",3.3844124619907,,"WHO, UNICEF"
Cambodia,116,2014,"Drinking water, Free of contamination",53.225470749234,,"WHO, UNICEF"
Cambodia,116,2014,"Drinking water, Safely managed service",53.0,,"WHO, UNICEF"
Cambodia,116,2014,"Drinking water, On premises",71.37061876619,,"WHO, UNICEF"
Cambodia,116,2014,"Drinking water, Unimproved",2.8996139194943,,"WHO, UNICEF"
Cambodia,116,2014,"Drinking water, Surface water",4.5343499948809,,"WHO, UNICEF"
Cambodia,116,2014,"Drinking water, Available",80.644030494391,,"WHO, UNICEF"
Cambodia,116,2014,"Drinking water, Basic service",89.0,,"WHO, UNICEF"
Cambodia,116,2014,"Drinking water, Free of contamination",16.263609960302,,"WHO, UNICEF"
Cambodia,116,2014,"Drinking water, Surface water",16.403338706038,,"WHO, UNICEF"
Cambodia,116,2014,"Drinking water, Unimproved",12.265038661059,,"WHO, UNICEF"
Cambodia,116,2014,"Drinking water, On premises",40.679622511844,,"WHO, UNICEF"
Cambodia,116,2014,"Drinking water, Safely managed service",16.0,,"WHO, UNICEF"
Cambodia,116,2014,"Drinking water, Available",63.023760508351,,"WHO, UNICEF"
Cambodia,116,2014,"Drinking water, Limited",6.222468857677,,"WHO, UNICEF"
Cambodia,116,2014,"Drinking water, Basic service",67.0,,"WHO, UNICEF"
Cambodia,116,2014,"Drinking water, Basic service",72.0,,"WHO, UNICEF"
Cambodia,116,2014,"Drinking water, Limited",5.6038008176852,,"WHO, UNICEF"
Cambodia,116,2014,"Drinking water, Available",66.864801610229,,"WHO, UNICEF"
Cambodia,116,2014,"Drinking water, Free of contamination",24.320925402083,,"WHO, UNICEF"
Cambodia,116,2014,"Drinking water, Safely managed service",24.0,,"WHO, UNICEF"
Cambodia,116,2014,"Drinking water, On premises",47.369951669497,,"WHO, UNICEF"
Cambodia,116,2014,"Drinking water, Unimproved",10.223471793352,,"WHO, UNICEF"
Cambodia,116,2014,"Drinking water, Surface water",13.81601754981,,"WHO, UNICEF"
Indonesia,360,2014,"Drinking water, Surface water",3.4358697293753,,"WHO, UNICEF"
Indonesia,360,2014,"Drinking water, Basic service",79.0,,"WHO, UNICEF"
Indonesia,360,2014,"Drinking water, Unimproved",15.68218601319,,"WHO, UNICEF"
Indonesia,360,2014,"Drinking water, On premises",57.296134458131,,"WHO, UNICEF"
Indonesia,360,2014,"Drinking water, Safely managed service",22.0,,"WHO, UNICEF"
Indonesia,360,2014,"Drinking water, Free of contamination",21.919006893765,,"WHO, UNICEF"
Indonesia,360,2014,"Drinking water, Available",72.780804676513,,"WHO, UNICEF"
Indonesia,360,2014,"Drinking water, Limited",0.93247488986907,,"WHO, UNICEF"
Indonesia,360,2014,"Drinking water, Limited",0.78050969030372,,"WHO, UNICEF"
Indonesia,360,2014,"Drinking water, Basic service",87.0,,"WHO, UNICEF"
Indonesia,360,2014,"Drinking water, Available",80.640140866661,,"WHO, UNICEF"
Indonesia,360,2014,"Drinking water, Free of contamination",27.996989399156,,"WHO, UNICEF"
Indonesia,360,2014,"Drinking water, Safely managed service",28.0,,"WHO, UNICEF"
Indonesia,360,2014,"Drinking water, On premises",66.048336204379,,"WHO, UNICEF"
Indonesia,360,2014,"Drinking water, Unimproved",9.584256676484,,"WHO, UNICEF"
Indonesia,360,2014,"Drinking water, Surface water",1.7772915811069,,"WHO, UNICEF"
Indonesia,360,2014,"Drinking water, Surface water",0.28477623533465,,"WHO, UNICEF"
Indonesia,360,2014,"Drinking water, Safely managed service",33.0,,"WHO, UNICEF"
Indonesia,360,2014,"Drinking water, On premises",73.924233483673,,"WHO, UNICEF"
Indonesia,360,2014,"Drinking water, Unimproved",4.0968772559537,,"WHO, UNICEF"
Indonesia,360,2014,"Drinking water, Free of contamination",33.466421278049,,"WHO, UNICEF"
Indonesia,360,2014,"Drinking water, Available",87.712569029281,,"WHO, UNICEF"
Indonesia,360,2014,"Drinking water, Limited",0.64375977125829,,"WHO, UNICEF"
Indonesia,360,2014,"Drinking water, Basic service",94.0,,"WHO, UNICEF"
Lao People's Democratic Republic,418,2014,"Drinking water, Available",68.674724203527,,"WHO, UNICEF"
Lao People's Democratic Republic,418,2014,"Drinking water, Free of contamination",10.602765526372,,"WHO, UNICEF"
Lao People's Democratic Republic,418,2014,"Drinking water, Safely managed service",8.0,,"WHO, UNICEF"
Lao People's Democratic Republic,418,2014,"Drinking water, On premises",48.604615066449,,"WHO, UNICEF"
Lao People's Democratic Republic,418,2014,"Drinking water, Unimproved",19.000034338962,,"WHO, UNICEF"
Lao People's Democratic Republic,418,2014,"Drinking water, Surface water",9.0053765690914,,"WHO, UNICEF"
Lao People's Democratic Republic,418,2014,"Drinking water, Limited",3.845068520898,,"WHO, UNICEF"
Lao People's Democratic Republic,418,2014,"Drinking water, Basic service",68.0,,"WHO, UNICEF"
Lao People's Democratic Republic,418,2014,"Drinking water, Limited",2.843105810552,,"WHO, UNICEF"
Lao People's Democratic Republic,418,2014,"Drinking water, Surface water",6.4727092709498,,"WHO, UNICEF"
Lao People's Democratic Republic,418,2014,"Drinking water, Unimproved",15.102360523293,,"WHO, UNICEF"
Lao People's Democratic Republic,418,2014,"Drinking water, On premises",60.674708803153,,"WHO, UNICEF"
Lao People's Democratic Republic,418,2014,"Drinking water, Safely managed service",12.0,,"WHO, UNICEF"
Lao People's Democratic Republic,418,2014,"Drinking water, Free of contamination",15.449086192463,,"WHO, UNICEF"
Lao People's Democratic Republic,418,2014,"Drinking water, Basic service",75.0,,"WHO, UNICEF"
Lao People's Democratic Republic,418,2014,"Drinking water, Available",75.649393280528,,"WHO, UNICEF"
Lao People's Democratic Republic,418,2014,"Drinking water, Safely managed service",20.0,,"WHO, UNICEF"
Lao People's Democratic Republic,418,2014,"Drinking water, On premises",85.758226282999,,"WHO, UNICEF"
Lao People's Democratic Republic,418,2014,"Drinking water, Free of contamination",25.520488852508,,"WHO, UNICEF"
Lao People's Democratic Republic,418,2014,"Drinking water, Available",90.143830079183,,"WHO, UNICEF"
Lao People's Democratic Republic,418,2014,"Drinking water, Limited",0.7608723042578,,"WHO, UNICEF"
Lao People's Democratic Republic,418,2014,"Drinking water, Basic service",91.0,,"WHO, UNICEF"
Lao People's Democratic Republic,418,2014,"Drinking water, Unimproved",7.0023958840385,,"WHO, UNICEF"
Lao People's Democratic Republic,418,2014,"Drinking water, Surface water",1.2094348789823,,"WHO, UNICEF"
Malaysia,458,2014,"Drinking water, At least basic service",91.062481442961,,"WHO, UNICEF"
Malaysia,458,2014,"Drinking water, Basic service",94.0,,"WHO, UNICEF"
Malaysia,458,2014,"Drinking water, Limited",0.54967292621505,,"WHO, UNICEF"
Malaysia,458,2014,"Drinking water, On premises",83.000611858474,,"WHO, UNICEF"
Malaysia,458,2014,"Drinking water, Unimproved",8.3878456308234,,"WHO, UNICEF"
Malaysia,458,2014,"Drinking water, Unimproved",2.5914657084446,,"WHO, UNICEF"
Malaysia,458,2014,"Drinking water, On premises",93.52266553247,,"WHO, UNICEF"
Malaysia,458,2014,"Drinking water, Safely managed service",94.0,,"WHO, UNICEF"
Malaysia,458,2014,"Drinking water, Free of contamination",97.216639479001,,"WHO, UNICEF"
Malaysia,458,2014,"Drinking water, Limited",0.36484564473595,,"WHO, UNICEF"
Malaysia,458,2014,"Drinking water, Basic service",97.0,,"WHO, UNICEF"
Malaysia,458,2014,"Drinking water, Limited",0.29847039141973,,"WHO, UNICEF"
Malaysia,458,2014,"Drinking water, Basic service",99.0,,"WHO, UNICEF"
Malaysia,458,2014,"Drinking water, At least basic service",99.191660081822,,"WHO, UNICEF"
Malaysia,458,2014,"Drinking water, Unimproved",0.41986952675807,,"WHO, UNICEF"
Malaysia,458,2014,"Drinking water, Surface water",0.09,,"WHO, UNICEF"
Malaysia,458,2014,"Drinking water, On premises",97.301347602831,,"WHO, UNICEF"
Myanmar,104,2014,"Drinking water, Available",84.051452568694,,"WHO, UNICEF"
Myanmar,104,2014,"Drinking water, Basic service",87.0,,"WHO, UNICEF"
Myanmar,104,2014,"Drinking water, Limited",4.7164529385693,,"WHO, UNICEF"
Myanmar,104,2014,"Drinking water, Surface water",5.0688495153664,,"WHO, UNICEF"
Myanmar,104,2014,"Drinking water, Free of contamination",70.012686245259,,"WHO, UNICEF"
Myanmar,104,2014,"Drinking water, Safely managed service",71.0,,"WHO, UNICEF"
Myanmar,104,2014,"Drinking water, On premises",74.989464899714,,"WHO, UNICEF"
Myanmar,104,2014,"Drinking water, Unimproved",4.3584645269894,,"WHO, UNICEF"
Myanmar,104,2014,"Drinking water, Basic service",72.0,,"WHO, UNICEF"
Myanmar,104,2014,"Drinking water, Limited",7.6134768036567,,"WHO, UNICEF"
Myanmar,104,2014,"Drinking water, Available",67.814018372571,,"WHO, UNICEF"
Myanmar,104,2014,"Drinking water, Free of contamination",53.499391007952,,"WHO, UNICEF"
Myanmar,104,2014,"Drinking water, Safely managed service",50.0,,"WHO, UNICEF"
Myanmar,104,2014,"Drinking water, On premises",50.1394734802,,"WHO, UNICEF"
Myanmar,104,2014,"Drinking water, Unimproved",9.7016885470373,,"WHO, UNICEF"
Myanmar,104,2014,"Drinking water, Surface water",12.682844212157,,"WHO, UNICEF"
Myanmar,104,2014,"Drinking water, Basic service",65.0,,"WHO, UNICEF"
Myanmar,104,2014,"Drinking water, Limited",8.8344687648178,,"WHO, UNICEF"
Myanmar,104,2014,"Drinking water, Available",60.97052490822,,"WHO, UNICEF"
Myanmar,104,2014,"Drinking water, Free of contamination",46.539631438819,,"WHO, UNICEF"
Myanmar,104,2014,"Drinking water, On premises",39.666095329773,,"WHO, UNICEF"
Myanmar,104,2014,"Drinking water, Unimproved",11.953662245193,,"WHO, UNICEF"
Myanmar,104,2014,"Drinking water, Surface water",15.891870407801,,"WHO, UNICEF"
Myanmar,104,2014,"Drinking water, Safely managed service",41.0,,"WHO, UNICEF"
Philippines,608,2014,"Drinking water, Basic service",92.0,,"WHO, UNICEF"
Philippines,608,2014,"Drinking water, Limited",2.9306554837111,,"WHO, UNICEF"
Philippines,608,2014,"Drinking water, Available",84.129062666502,,"WHO, UNICEF"
Philippines,608,2014,"Drinking water, Free of contamination",46.099744665005,,"WHO, UNICEF"
Philippines,608,2014,"Drinking water, Safely managed service",46.0,,"WHO, UNICEF"
Philippines,608,2014,"Drinking water, On premises",65.657833496638,,"WHO, UNICEF"
Philippines,608,2014,"Drinking water, Unimproved",4.804303063775,,"WHO, UNICEF"
Philippines,608,2014,"Drinking water, Surface water",0.70436472835251,,"WHO, UNICEF"
Philippines,608,2014,"Drinking water, Surface water",0.19938158073073,,"WHO, UNICEF"
Philippines,608,2014,"Drinking water, Unimproved",1.7366699050795,,"WHO, UNICEF"
Philippines,608,2014,"Drinking water, On premises",79.710015840535,,"WHO, UNICEF"
Philippines,608,2014,"Drinking water, Safely managed service",61.0,,"WHO, UNICEF"
Philippines,608,2014,"Drinking water, Free of contamination",61.137612758453,,"WHO, UNICEF"
Philippines,608,2014,"Drinking water, Available",87.737529353279,,"WHO, UNICEF"
Philippines,608,2014,"Drinking water, Limited",1.9148244987546,,"WHO, UNICEF"
Philippines,608,2014,"Drinking water, Basic service",96.0,,"WHO, UNICEF"
Philippines,608,2014,"Drinking water, Basic service",88.0,,"WHO, UNICEF"
Philippines,608,2014,"Drinking water, Limited",3.7992381976546,,"WHO, UNICEF"
Philippines,608,2014,"Drinking water, Available",81.043652228549,,"WHO, UNICEF"
Philippines,608,2014,"Drinking water, Free of contamination",33.241664915159,,"WHO, UNICEF"
Philippines,608,2014,"Drinking water, Safely managed service",33.0,,"WHO, UNICEF"
Philippines,608,2014,"Drinking water, On premises",53.642560232876,,"WHO, UNICEF"
Philippines,608,2014,"Drinking water, Unimproved",7.4272760639273,,"WHO, UNICEF"
Philippines,608,2014,"Drinking water, Surface water",1.1361488234348,,"WHO, UNICEF"
Singapore,702,2014,"Drinking water, Basic service",100.0,,"WHO, UNICEF"
Singapore,702,2014,"Drinking water, Surface water",0.0,,"WHO, UNICEF"
Singapore,702,2014,"Drinking water, Unimproved",0.0,,"WHO, UNICEF"
Singapore,702,2014,"Drinking water, On premises",100.0,,"WHO, UNICEF"
Singapore,702,2014,"Drinking water, Safely managed service",100.0,,"WHO, UNICEF"
Singapore,702,2014,"Drinking water, Free of contamination",100.0,,"WHO, UNICEF"
Singapore,702,2014,"Drinking water, Limited",0.0,,"WHO, UNICEF"
Singapore,702,2014,"Drinking water, Basic service",100.0,,"WHO, UNICEF"
Singapore,702,2014,"Drinking water, Surface water",0.0,,"WHO, UNICEF"
Singapore,702,2014,"Drinking water, Unimproved",0.0,,"WHO, UNICEF"
Singapore,702,2014,"Drinking water, On premises",100.0,,"WHO, UNICEF"
Singapore,702,2014,"Drinking water, Safely managed service",100.0,,"WHO, UNICEF"
Singapore,702,2014,"Drinking water, Free of contamination",100.0,,"WHO, UNICEF"
Singapore,702,2014,"Drinking water, Limited",0.0,,"WHO, UNICEF"
Thailand,764,2014,"Drinking water, Limited",0.21106027390492,,"WHO, UNICEF"
Thailand,764,2014,"Drinking water, At least basic service",98.662012067639,,"WHO, UNICEF"
Thailand,764,2014,"Drinking water, Surface water",0.4084432242311,,"WHO, UNICEF"
Thailand,764,2014,"Drinking water, Unimproved",0.71848443422463,,"WHO, UNICEF"
Thailand,764,2014,"Drinking water, On premises",97.44998002002,,"WHO, UNICEF"
Thailand,764,2014,"Drinking water, Available",98.362249561966,,"WHO, UNICEF"
Thailand,764,2014,"Drinking water, Basic service",98.0,,"WHO, UNICEF"
Thailand,764,2014,"Drinking water, Available",97.386198846664,,"WHO, UNICEF"
Thailand,764,2014,"Drinking water, Surface water",0.66806296636227,,"WHO, UNICEF"
Thailand,764,2014,"Drinking water, Unimproved",1.1514185199912,,"WHO, UNICEF"
Thailand,764,2014,"Drinking water, On premises",96.221045247639,,"WHO, UNICEF"
Thailand,764,2014,"Drinking water, Limited",0.24924375843435,,"WHO, UNICEF"
Thailand,764,2014,"Drinking water, Basic service",97.0,,"WHO, UNICEF"
Thailand,764,2014,"Drinking water, At least basic service",97.931274755212,,"WHO, UNICEF"
Thailand,764,2014,"Drinking water, Unimproved",0.2291588953765,,"WHO, UNICEF"
Thailand,764,2014,"Drinking water, On premises",98.838979675869,,"WHO, UNICEF"
Thailand,764,2014,"Drinking water, At least basic service",99.487927589423,,"WHO, UNICEF"
Thailand,764,2014,"Drinking water, Basic service",99.0,,"WHO, UNICEF"
Thailand,764,2014,"Drinking water, Limited",0.16790366795399,,"WHO, UNICEF"
Thailand,764,2014,"Drinking water, Surface water",0.1150098472461,,"WHO, UNICEF"
Thailand,764,2014,"Drinking water, Available",99.465428826177,,"WHO, UNICEF"
Viet Nam,704,2014,"Drinking water, Basic service",89.0,,"WHO, UNICEF"
Viet Nam,704,2014,"Drinking water, Limited",0.55937931439036,,"WHO, UNICEF"
Viet Nam,704,2014,"Drinking water, Available",86.461529736727,,"WHO, UNICEF"
Viet Nam,704,2014,"Drinking water, Free of contamination",42.859505848544,,"WHO, UNICEF"
Viet Nam,704,2014,"Drinking water, Safely managed service",43.0,,"WHO, UNICEF"
Viet Nam,704,2014,"Drinking water, On premises",85.425871239635,,"WHO, UNICEF"
Viet Nam,704,2014,"Drinking water, Unimproved",7.220826086558,,"WHO, UNICEF"
Viet Nam,704,2014,"Drinking water, Surface water",2.9555457755123,,"WHO, UNICEF"
Viet Nam,704,2014,"Drinking water, Limited",0.71070777654587,,"WHO, UNICEF"
Viet Nam,704,2014,"Drinking water, Basic service",97.0,,"WHO, UNICEF"
Viet Nam,704,2014,"Drinking water, Available",97.991457502313,,"WHO, UNICEF"
Viet Nam,704,2014,"Drinking water, Free of contamination",74.927669343125,,"WHO, UNICEF"
Viet Nam,704,2014,"Drinking water, Safely managed service",75.0,,"WHO, UNICEF"
Viet Nam,704,2014,"Drinking water, On premises",96.037659538506,,"WHO, UNICEF"
Viet Nam,704,2014,"Drinking water, Unimproved",1.6415200971543,,"WHO, UNICEF"
Viet Nam,704,2014,"Drinking water, Surface water",0.35601185486107,,"WHO, UNICEF"
Viet Nam,704,2014,"Drinking water, Basic service",92.0,,"WHO, UNICEF"
Viet Nam,704,2014,"Drinking water, Surface water",2.0947101269277,,"WHO, UNICEF"
Viet Nam,704,2014,"Drinking water, Unimproved",5.3732390298508,,"WHO, UNICEF"
Viet Nam,704,2014,"Drinking water, On premises",88.939964796913,,"WHO, UNICEF"
Viet Nam,704,2014,"Drinking water, Safely managed service",53.0,,"WHO, UNICEF"
Viet Nam,704,2014,"Drinking water, Free of contamination",53.478877994295,,"WHO, UNICEF"
Viet Nam,704,2014,"Drinking water, Available",90.279665173008,,"WHO, UNICEF"
Viet Nam,704,2014,"Drinking water, Limited",0.60949173334373,,"WHO, UNICEF"
Brunei Darussalam,96,2015,"Drinking water, Basic service",100.0,,"WHO, UNICEF"
Brunei Darussalam,96,2015,"Drinking water, On premises",99.809054747489,,"WHO, UNICEF"
Brunei Darussalam,96,2015,"Drinking water, Limited",0.0,,"WHO, UNICEF"
Brunei Darussalam,96,2015,"Drinking water, Surface water",0.099962426640011,,"WHO, UNICEF"
Brunei Darussalam,96,2015,"Drinking water, Unimproved",0.0,,"WHO, UNICEF"
Brunei Darussalam,96,2015,"Drinking water, At least basic service",99.90003757336,,"WHO, UNICEF"
Cambodia,116,2015,"Drinking water, Basic service",90.0,,"WHO, UNICEF"
Cambodia,116,2015,"Drinking water, Surface water",4.0666757219196,,"WHO, UNICEF"
Cambodia,116,2015,"Drinking water, Unimproved",2.4370288882683,,"WHO, UNICEF"
Cambodia,116,2015,"Drinking water, On premises",71.010497976704,,"WHO, UNICEF"
Cambodia,116,2015,"Drinking water, Safely managed service",53.0,,"WHO, UNICEF"
Cambodia,116,2015,"Drinking water, Free of contamination",53.760369849142,,"WHO, UNICEF"
Cambodia,116,2015,"Drinking water, Available",81.454477423599,,"WHO, UNICEF"
Cambodia,116,2015,"Drinking water, Limited",3.7347105952872,,"WHO, UNICEF"
Cambodia,116,2015,"Drinking water, Limited",6.9963704884431,,"WHO, UNICEF"
Cambodia,116,2015,"Drinking water, Basic service",68.0,,"WHO, UNICEF"
Cambodia,116,2015,"Drinking water, Available",64.648339210585,,"WHO, UNICEF"
Cambodia,116,2015,"Drinking water, Free of contamination",16.682840963813,,"WHO, UNICEF"
Cambodia,116,2015,"Drinking water, Safely managed service",17.0,,"WHO, UNICEF"
Cambodia,116,2015,"Drinking water, On premises",40.87057502673,,"WHO, UNICEF"
Cambodia,116,2015,"Drinking water, Unimproved",11.262001902847,,"WHO, UNICEF"
Cambodia,116,2015,"Drinking water, Surface water",15.56764299271,,"WHO, UNICEF"
Cambodia,116,2015,"Drinking water, Available",68.377284012905,,"WHO, UNICEF"
Cambodia,116,2015,"Drinking water, Surface water",13.015808013727,,"WHO, UNICEF"
Cambodia,116,2015,"Drinking water, Unimproved",9.3039185393882,,"WHO, UNICEF"
Cambodia,116,2015,"Drinking water, On premises",47.558020514541,,"WHO, UNICEF"
Cambodia,116,2015,"Drinking water, Safely managed service",25.0,,"WHO, UNICEF"
Cambodia,116,2015,"Drinking water, Free of contamination",24.909602957339,,"WHO, UNICEF"
Cambodia,116,2015,"Drinking water, Limited",6.2726732396078,,"WHO, UNICEF"
Cambodia,116,2015,"Drinking water, Basic service",73.0,,"WHO, UNICEF"
Indonesia,360,2015,"Drinking water, Free of contamination",33.611898150314,,"WHO, UNICEF"
Indonesia,360,2015,"Drinking water, Surface water",0.2564285727105,,"WHO, UNICEF"
Indonesia,360,2015,"Drinking water, Unimproved",3.7095767121066,,"WHO, UNICEF"
Indonesia,360,2015,"Drinking water, On premises",73.855243030964,,"WHO, UNICEF"
Indonesia,360,2015,"Drinking water, Safely managed service",34.0,,"WHO, UNICEF"
Indonesia,360,2015,"Drinking water, Basic service",94.0,,"WHO, UNICEF"
Indonesia,360,2015,"Drinking water, Limited",0.63627741411104,,"WHO, UNICEF"
Indonesia,360,2015,"Drinking water, Available",88.093851213434,,"WHO, UNICEF"
Indonesia,360,2015,"Drinking water, Available",81.397486656251,,"WHO, UNICEF"
Indonesia,360,2015,"Drinking water, Unimproved",8.8856660740539,,"WHO, UNICEF"
Indonesia,360,2015,"Drinking water, Free of contamination",28.28921669032,,"WHO, UNICEF"
Indonesia,360,2015,"Drinking water, Safely managed service",28.0,,"WHO, UNICEF"
Indonesia,360,2015,"Drinking water, On premises",66.521714901928,,"WHO, UNICEF"
Indonesia,360,2015,"Drinking water, Basic service",87.0,,"WHO, UNICEF"
Indonesia,360,2015,"Drinking water, Limited",0.79594966370294,,"WHO, UNICEF"
Indonesia,360,2015,"Drinking water, Surface water",1.6511347680594,,"WHO, UNICEF"
Indonesia,360,2015,"Drinking water, Available",73.750743947257,,"WHO, UNICEF"
Indonesia,360,2015,"Drinking water, Limited",0.97828316805301,,"WHO, UNICEF"
Indonesia,360,2015,"Drinking water, Free of contamination",22.21111833244,,"WHO, UNICEF"
Indonesia,360,2015,"Drinking water, Safely managed service",22.0,,"WHO, UNICEF"
Indonesia,360,2015,"Drinking water, On premises",58.147380730748,,"WHO, UNICEF"
Indonesia,360,2015,"Drinking water, Unimproved",14.796370829628,,"WHO, UNICEF"
Indonesia,360,2015,"Drinking water, Surface water",3.2437829252067,,"WHO, UNICEF"
Indonesia,360,2015,"Drinking water, Basic service",79.0,,"WHO, UNICEF"
Lao People's Democratic Republic,418,2015,"Drinking water, Surface water",5.2591649988725,,"WHO, UNICEF"
Lao People's Democratic Republic,418,2015,"Drinking water, Unimproved",14.227922914565,,"WHO, UNICEF"
Lao People's Democratic Republic,418,2015,"Drinking water, On premises",65.810256734137,,"WHO, UNICEF"
Lao People's Democratic Republic,418,2015,"Drinking water, Safely managed service",12.0,,"WHO, UNICEF"
Lao People's Democratic Republic,418,2015,"Drinking water, Free of contamination",15.876808129823,,"WHO, UNICEF"
Lao People's Democratic Republic,418,2015,"Drinking water, Available",77.667017212293,,"WHO, UNICEF"
Lao People's Democratic Republic,418,2015,"Drinking water, Limited",3.0523402750428,,"WHO, UNICEF"
Lao People's Democratic Republic,418,2015,"Drinking water, Basic service",77.0,,"WHO, UNICEF"
Lao People's Democratic Republic,418,2015,"Drinking water, Unimproved",18.202221390422,,"WHO, UNICEF"
Lao People's Democratic Republic,418,2015,"Drinking water, Surface water",7.3877986944149,,"WHO, UNICEF"
Lao People's Democratic Republic,418,2015,"Drinking water, On premises",53.792897884263,,"WHO, UNICEF"
Lao People's Democratic Republic,418,2015,"Drinking water, Safely managed service",8.0,,"WHO, UNICEF"
Lao People's Democratic Republic,418,2015,"Drinking water, Free of contamination",10.958484239072,,"WHO, UNICEF"
Lao People's Democratic Republic,418,2015,"Drinking water, Basic service",70.0,,"WHO, UNICEF"
Lao People's Democratic Republic,418,2015,"Drinking water, Limited",4.1702933626419,,"WHO, UNICEF"
Lao People's Democratic Republic,418,2015,"Drinking water, Available",70.978734834329,,"WHO, UNICEF"
Lao People's Democratic Republic,418,2015,"Drinking water, Basic service",92.0,,"WHO, UNICEF"
Lao People's Democratic Republic,418,2015,"Drinking water, Limited",0.79360784898734,,"WHO, UNICEF"
Lao People's Democratic Republic,418,2015,"Drinking water, Available",91.180144962617,,"WHO, UNICEF"
Lao People's Democratic Republic,418,2015,"Drinking water, Free of contamination",25.813878454515,,"WHO, UNICEF"
Lao People's Democratic Republic,418,2015,"Drinking water, Safely managed service",20.0,,"WHO, UNICEF"
Lao People's Democratic Republic,418,2015,"Drinking water, On premises",90.090346027685,,"WHO, UNICEF"
Lao People's Democratic Republic,418,2015,"Drinking water, Unimproved",6.19817679498,,"WHO, UNICEF"
Lao People's Democratic Republic,418,2015,"Drinking water, Surface water",0.95843537105162,,"WHO, UNICEF"
Malaysia,458,2015,"Drinking water, Limited",0.29844603626714,,"WHO, UNICEF"
Malaysia,458,2015,"Drinking water, Basic service",99.0,,"WHO, UNICEF"
Malaysia,458,2015,"Drinking water, At least basic service",99.183566052779,,"WHO, UNICEF"
Malaysia,458,2015,"Drinking water, On premises",97.293407823087,,"WHO, UNICEF"
Malaysia,458,2015,"Drinking water, Unimproved",0.42798791095385,,"WHO, UNICEF"
Malaysia,458,2015,"Drinking water, Surface water",0.09,,"WHO, UNICEF"
Malaysia,458,2015,"Drinking water, On premises",82.869203376479,,"WHO, UNICEF"
Malaysia,458,2015,"Drinking water, Unimproved",8.532888105431,,"WHO, UNICEF"
Malaysia,458,2015,"Drinking water, At least basic service",90.918309223202,,"WHO, UNICEF"
Malaysia,458,2015,"Drinking water, Basic service",94.0,,"WHO, UNICEF"
Malaysia,458,2015,"Drinking water, Limited",0.5488026713674,,"WHO, UNICEF"
Malaysia,458,2015,"Drinking water, Basic service",97.0,,"WHO, UNICEF"
Malaysia,458,2015,"Drinking water, Limited",0.36300551715849,,"WHO, UNICEF"
Malaysia,458,2015,"Drinking water, Free of contamination",97.25545178873,,"WHO, UNICEF"
Malaysia,458,2015,"Drinking water, Safely managed service",94.0,,"WHO, UNICEF"
Malaysia,458,2015,"Drinking water, On premises",93.573840962697,,"WHO, UNICEF"
Malaysia,458,2015,"Drinking water, Unimproved",2.58478726238,,"WHO, UNICEF"
Myanmar,104,2015,"Drinking water, Surface water",12.469069542683,,"WHO, UNICEF"
Myanmar,104,2015,"Drinking water, Unimproved",9.1441291385378,,"WHO, UNICEF"
Myanmar,104,2015,"Drinking water, On premises",51.953247157265,,"WHO, UNICEF"
Myanmar,104,2015,"Drinking water, Safely managed service",51.0,,"WHO, UNICEF"
Myanmar,104,2015,"Drinking water, Free of contamination",54.037875685117,,"WHO, UNICEF"
Myanmar,104,2015,"Drinking water, Available",68.492364874242,,"WHO, UNICEF"
Myanmar,104,2015,"Drinking water, Limited",6.6457993995475,,"WHO, UNICEF"
Myanmar,104,2015,"Drinking water, Basic service",74.0,,"WHO, UNICEF"
Myanmar,104,2015,"Drinking water, Available",61.694913632339,,"WHO, UNICEF"
Myanmar,104,2015,"Drinking water, Surface water",15.632403945035,,"WHO, UNICEF"
Myanmar,104,2015,"Drinking water, Unimproved",11.355863945688,,"WHO, UNICEF"
Myanmar,104,2015,"Drinking water, On premises",41.380438510811,,"WHO, UNICEF"
Myanmar,104,2015,"Drinking water, Safely managed service",43.0,,"WHO, UNICEF"
Myanmar,104,2015,"Drinking water, Free of contamination",47.092567210484,,"WHO, UNICEF"
Myanmar,104,2015,"Drinking water, Limited",7.7987255781281,,"WHO, UNICEF"
Myanmar,104,2015,"Drinking water, Basic service",67.0,,"WHO, UNICEF"
Myanmar,104,2015,"Drinking water, On premises",76.790745604847,,"WHO, UNICEF"
Myanmar,104,2015,"Drinking water, Safely managed service",71.0,,"WHO, UNICEF"
Myanmar,104,2015,"Drinking water, Free of contamination",70.353700987772,,"WHO, UNICEF"
Myanmar,104,2015,"Drinking water, Available",84.460846722707,,"WHO, UNICEF"
Myanmar,104,2015,"Drinking water, Limited",3.9373614894847,,"WHO, UNICEF"
Myanmar,104,2015,"Drinking water, Basic service",88.0,,"WHO, UNICEF"
Myanmar,104,2015,"Drinking water, Surface water",5.0378087174941,,"WHO, UNICEF"
Myanmar,104,2015,"Drinking water, Unimproved",3.9483478313127,,"WHO, UNICEF"
Philippines,608,2015,"Drinking water, Limited",1.8678823373781,,"WHO, UNICEF"
Philippines,608,2015,"Drinking water, Basic service",97.0,,"WHO, UNICEF"
Philippines,608,2015,"Drinking water, Available",87.857963266043,,"WHO, UNICEF"
Philippines,608,2015,"Drinking water, Free of contamination",61.234689071564,,"WHO, UNICEF"
Philippines,608,2015,"Drinking water, Safely managed service",61.0,,"WHO, UNICEF"
Philippines,608,2015,"Drinking water, On premises",81.219801682704,,"WHO, UNICEF"
Philippines,608,2015,"Drinking water, Unimproved",1.6277986825344,,"WHO, UNICEF"
Philippines,608,2015,"Drinking water, Surface water",0.15254363928719,,"WHO, UNICEF"
Philippines,608,2015,"Drinking water, Free of contamination",33.458878014412,,"WHO, UNICEF"
Philippines,608,2015,"Drinking water, Basic service",89.0,,"WHO, UNICEF"
Philippines,608,2015,"Drinking water, Limited",3.8258925422118,,"WHO, UNICEF"
Philippines,608,2015,"Drinking water, Available",81.643815883658,,"WHO, UNICEF"
Philippines,608,2015,"Drinking water, Safely managed service",34.0,,"WHO, UNICEF"
Philippines,608,2015,"Drinking water, On premises",56.090310569123,,"WHO, UNICEF"
Philippines,608,2015,"Drinking water, Unimproved",7.11121303702,,"WHO, UNICEF"
Philippines,608,2015,"Drinking water, Surface water",0.85473209365614,,"WHO, UNICEF"
Philippines,608,2015,"Drinking water, Limited",2.9196470697778,,"WHO, UNICEF"
Philippines,608,2015,"Drinking water, Basic service",92.0,,"WHO, UNICEF"
Philippines,608,2015,"Drinking water, Available",84.519970386363,,"WHO, UNICEF"
Philippines,608,2015,"Drinking water, Free of contamination",46.314633355209,,"WHO, UNICEF"
Philippines,608,2015,"Drinking water, Safely managed service",46.0,,"WHO, UNICEF"
Philippines,608,2015,"Drinking water, On premises",67.721242856459,,"WHO, UNICEF"
Philippines,608,2015,"Drinking water, Unimproved",4.5732711836238,,"WHO, UNICEF"
Philippines,608,2015,"Drinking water, Surface water",0.52973118758374,,"WHO, UNICEF"
Singapore,702,2015,"Drinking water, Free of contamination",100.0,,"WHO, UNICEF"
Singapore,702,2015,"Drinking water, Safely managed service",100.0,,"WHO, UNICEF"
Singapore,702,2015,"Drinking water, On premises",100.0,,"WHO, UNICEF"
Singapore,702,2015,"Drinking water, Unimproved",0.0,,"WHO, UNICEF"
Singapore,702,2015,"Drinking water, Surface water",0.0,,"WHO, UNICEF"
Singapore,702,2015,"Drinking water, Basic service",100.0,,"WHO, UNICEF"
Singapore,702,2015,"Drinking water, Limited",0.0,,"WHO, UNICEF"
Singapore,702,2015,"Drinking water, Surface water",0.0,,"WHO, UNICEF"
Singapore,702,2015,"Drinking water, Free of contamination",100.0,,"WHO, UNICEF"
Singapore,702,2015,"Drinking water, Safely managed service",100.0,,"WHO, UNICEF"
Singapore,702,2015,"Drinking water, On premises",100.0,,"WHO, UNICEF"
Singapore,702,2015,"Drinking water, Unimproved",0.0,,"WHO, UNICEF"
Singapore,702,2015,"Drinking water, Basic service",100.0,,"WHO, UNICEF"
Singapore,702,2015,"Drinking water, Limited",0.0,,"WHO, UNICEF"
Thailand,764,2015,"Drinking water, Unimproved",0.76148026844045,,"WHO, UNICEF"
Thailand,764,2015,"Drinking water, On premises",97.084196448973,,"WHO, UNICEF"
Thailand,764,2015,"Drinking water, Surface water",0.65811138370974,,"WHO, UNICEF"
Thailand,764,2015,"Drinking water, At least basic service",98.336086923907,,"WHO, UNICEF"
Thailand,764,2015,"Drinking water, Basic service",98.0,,"WHO, UNICEF"
Thailand,764,2015,"Drinking water, Limited",0.24432142394271,,"WHO, UNICEF"
Thailand,764,2015,"Drinking water, Available",97.782853412152,,"WHO, UNICEF"
Thailand,764,2015,"Drinking water, Limited",0.18674496690822,,"WHO, UNICEF"
Thailand,764,2015,"Drinking water, Basic service",99.0,,"WHO, UNICEF"
Thailand,764,2015,"Drinking water, At least basic service",99.579996932599,,"WHO, UNICEF"
Thailand,764,2015,"Drinking water, Available",99.576127562434,,"WHO, UNICEF"
Thailand,764,2015,"Drinking water, On premises",99.09869100244,,"WHO, UNICEF"
Thailand,764,2015,"Drinking water, Unimproved",0.11673046400007,,"WHO, UNICEF"
Thailand,764,2015,"Drinking water, Surface water",0.11652763649316,,"WHO, UNICEF"
Thailand,764,2015,"Drinking water, Available",98.638139616456,,"WHO, UNICEF"
Thailand,764,2015,"Drinking water, Limited",0.21686091251162,,"WHO, UNICEF"
Thailand,764,2015,"Drinking water, At least basic service",98.929359396204,,"WHO, UNICEF"
Thailand,764,2015,"Drinking water, Basic service",98.0,,"WHO, UNICEF"
Thailand,764,2015,"Drinking water, Surface water",0.39980843527603,,"WHO, UNICEF"
Thailand,764,2015,"Drinking water, Unimproved",0.45397125600874,,"WHO, UNICEF"
Thailand,764,2015,"Drinking water, On premises",98.044991501963,,"WHO, UNICEF"
Viet Nam,704,2015,"Drinking water, Surface water",2.3709076859511,,"WHO, UNICEF"
Viet Nam,704,2015,"Drinking water, Basic service",90.0,,"WHO, UNICEF"
Viet Nam,704,2015,"Drinking water, Limited",0.52869871035702,,"WHO, UNICEF"
Viet Nam,704,2015,"Drinking water, Available",87.352923296175,,"WHO, UNICEF"
Viet Nam,704,2015,"Drinking water, Free of contamination",43.301375054315,,"WHO, UNICEF"
Viet Nam,704,2015,"Drinking water, Safely managed service",43.0,,"WHO, UNICEF"
Viet Nam,704,2015,"Drinking water, On premises",87.413938038908,,"WHO, UNICEF"
Viet Nam,704,2015,"Drinking water, Unimproved",6.8794083469866,,"WHO, UNICEF"
Viet Nam,704,2015,"Drinking water, Surface water",1.6585888642007,,"WHO, UNICEF"
Viet Nam,704,2015,"Drinking water, Unimproved",5.0931839242664,,"WHO, UNICEF"
Viet Nam,704,2015,"Drinking water, On premises",90.505111776788,,"WHO, UNICEF"
Viet Nam,704,2015,"Drinking water, Safely managed service",54.0,,"WHO, UNICEF"
Viet Nam,704,2015,"Drinking water, Free of contamination",54.029422346304,,"WHO, UNICEF"
Viet Nam,704,2015,"Drinking water, Available",90.957008026368,,"WHO, UNICEF"
Viet Nam,704,2015,"Drinking water, Limited",0.57991862010221,,"WHO, UNICEF"
Viet Nam,704,2015,"Drinking water, Basic service",92.0,,"WHO, UNICEF"
Viet Nam,704,2015,"Drinking water, Surface water",0.26401670515031,,"WHO, UNICEF"
Viet Nam,704,2015,"Drinking water, Safely managed service",75.0,,"WHO, UNICEF"
Viet Nam,704,2015,"Drinking water, Unimproved",1.5961230506089,,"WHO, UNICEF"
Viet Nam,704,2015,"Drinking water, On premises",96.556992039051,,"WHO, UNICEF"
Viet Nam,704,2015,"Drinking water, Free of contamination",75.032712381902,,"WHO, UNICEF"
Viet Nam,704,2015,"Drinking water, Available",98.013061455376,,"WHO, UNICEF"
Viet Nam,704,2015,"Drinking water, Limited",0.68019658855725,,"WHO, UNICEF"
Viet Nam,704,2015,"Drinking water, Basic service",97.0,,"WHO, UNICEF"
Brunei Darussalam,96,2016,"Drinking water, On premises",99.811594794265,,"WHO, UNICEF"
Brunei Darussalam,96,2016,"Drinking water, At least basic service",99.900039515128,,"WHO, UNICEF"
Brunei Darussalam,96,2016,"Drinking water, Basic service",100.0,,"WHO, UNICEF"
Brunei Darussalam,96,2016,"Drinking water, Limited",0.0,,"WHO, UNICEF"
Brunei Darussalam,96,2016,"Drinking water, Unimproved",0.0,,"WHO, UNICEF"
Brunei Darussalam,96,2016,"Drinking water, Surface water",0.099960484872479,,"WHO, UNICEF"
Cambodia,116,2016,"Drinking water, Unimproved",1.9744438570426,,"WHO, UNICEF"
Cambodia,116,2016,"Drinking water, Surface water",3.5990014489582,,"WHO, UNICEF"
Cambodia,116,2016,"Drinking water, On premises",70.628938131603,,"WHO, UNICEF"
Cambodia,116,2016,"Drinking water, Safely managed service",54.0,,"WHO, UNICEF"
Cambodia,116,2016,"Drinking water, Free of contamination",54.29526894905,,"WHO, UNICEF"
Cambodia,116,2016,"Drinking water, Available",82.264924352807,,"WHO, UNICEF"
Cambodia,116,2016,"Drinking water, Limited",4.0913026221369,,"WHO, UNICEF"
Cambodia,116,2016,"Drinking water, Basic service",90.0,,"WHO, UNICEF"
Cambodia,116,2016,"Drinking water, On premises",47.705069583167,,"WHO, UNICEF"
Cambodia,116,2016,"Drinking water, Unimproved",8.3881545358786,,"WHO, UNICEF"
Cambodia,116,2016,"Drinking water, Safely managed service",25.0,,"WHO, UNICEF"
Cambodia,116,2016,"Drinking water, Surface water",12.217905301046,,"WHO, UNICEF"
Cambodia,116,2016,"Drinking water, Basic service",74.0,,"WHO, UNICEF"
Cambodia,116,2016,"Drinking water, Limited",6.9633582726902,,"WHO, UNICEF"
Cambodia,116,2016,"Drinking water, Available",69.884232936437,,"WHO, UNICEF"
Cambodia,116,2016,"Drinking water, Free of contamination",25.501040147582,,"WHO, UNICEF"
Cambodia,116,2016,"Drinking water, Surface water",14.731947279383,,"WHO, UNICEF"
Cambodia,116,2016,"Drinking water, Unimproved",10.258965144636,,"WHO, UNICEF"
Cambodia,116,2016,"Drinking water, On premises",41.018422657665,,"WHO, UNICEF"
Cambodia,116,2016,"Drinking water, Safely managed service",17.0,,"WHO, UNICEF"
Cambodia,116,2016,"Drinking water, Free of contamination",17.102071967324,,"WHO, UNICEF"
Cambodia,116,2016,"Drinking water, Available",66.272917912819,,"WHO, UNICEF"
Cambodia,116,2016,"Drinking water, Limited",7.8011061610205,,"WHO, UNICEF"
Cambodia,116,2016,"Drinking water, Basic service",69.0,,"WHO, UNICEF"
Indonesia,360,2016,"Drinking water, Available",88.475133397588,,"WHO, UNICEF"
Indonesia,360,2016,"Drinking water, Free of contamination",33.757375022579,,"WHO, UNICEF"
Indonesia,360,2016,"Drinking water, Limited",0.62870606400116,,"WHO, UNICEF"
Indonesia,360,2016,"Drinking water, Basic service",95.0,,"WHO, UNICEF"
Indonesia,360,2016,"Drinking water, Safely managed service",34.0,,"WHO, UNICEF"
Indonesia,360,2016,"Drinking water, On premises",73.782873728495,,"WHO, UNICEF"
Indonesia,360,2016,"Drinking water, Unimproved",3.3222761682595,,"WHO, UNICEF"
Indonesia,360,2016,"Drinking water, Surface water",0.22808091008637,,"WHO, UNICEF"
Indonesia,360,2016,"Drinking water, On premises",66.981556327208,,"WHO, UNICEF"
Indonesia,360,2016,"Drinking water, Basic service",88.0,,"WHO, UNICEF"
Indonesia,360,2016,"Drinking water, Limited",0.81103084305859,,"WHO, UNICEF"
Indonesia,360,2016,"Drinking water, Available",82.146575006018,,"WHO, UNICEF"
Indonesia,360,2016,"Drinking water, Free of contamination",28.579230814496,,"WHO, UNICEF"
Indonesia,360,2016,"Drinking water, Safely managed service",29.0,,"WHO, UNICEF"
Indonesia,360,2016,"Drinking water, Unimproved",8.1940475450142,,"WHO, UNICEF"
Indonesia,360,2016,"Drinking water, Surface water",1.5272545460894,,"WHO, UNICEF"
Indonesia,360,2016,"Drinking water, Limited",1.0249694808564,,"WHO, UNICEF"
Indonesia,360,2016,"Drinking water, Available",74.720683218002,,"WHO, UNICEF"
Indonesia,360,2016,"Drinking water, Free of contamination",22.503229771115,,"WHO, UNICEF"
Indonesia,360,2016,"Drinking water, Safely managed service",23.0,,"WHO, UNICEF"
Indonesia,360,2016,"Drinking water, On premises",59.00093297528,,"WHO, UNICEF"
Indonesia,360,2016,"Drinking water, Unimproved",13.910555646066,,"WHO, UNICEF"
Indonesia,360,2016,"Drinking water, Surface water",3.051696121038,,"WHO, UNICEF"
Indonesia,360,2016,"Drinking water, Basic service",80.0,,"WHO, UNICEF"
Lao People's Democratic Republic,418,2016,"Drinking water, Free of contamination",11.314202951771,,"WHO, UNICEF"
Lao People's Democratic Republic,418,2016,"Drinking water, Surface water",5.7702208197384,,"WHO, UNICEF"
Lao People's Democratic Republic,418,2016,"Drinking water, Unimproved",17.404408441883,,"WHO, UNICEF"
Lao People's Democratic Republic,418,2016,"Drinking water, On premises",59.212145274357,,"WHO, UNICEF"
Lao People's Democratic Republic,418,2016,"Drinking water, Safely managed service",10.0,,"WHO, UNICEF"
Lao People's Democratic Republic,418,2016,"Drinking water, Available",73.282745465131,,"WHO, UNICEF"
Lao People's Democratic Republic,418,2016,"Drinking water, Limited",4.5082573100654,,"WHO, UNICEF"
Lao People's Democratic Republic,418,2016,"Drinking water, Basic service",72.0,,"WHO, UNICEF"
Lao People's Democratic Republic,418,2016,"Drinking water, Surface water",0.70743586312096,,"WHO, UNICEF"
Lao People's Democratic Republic,418,2016,"Drinking water, Unimproved",5.3939577059216,,"WHO, UNICEF"
Lao People's Democratic Republic,418,2016,"Drinking water, On premises",93.898606430957,,"WHO, UNICEF"
Lao People's Democratic Republic,418,2016,"Drinking water, Safely managed service",23.0,,"WHO, UNICEF"
Lao People's Democratic Republic,418,2016,"Drinking water, Free of contamination",26.107268056523,,"WHO, UNICEF"
Lao People's Democratic Republic,418,2016,"Drinking water, Available",92.21645984605,,"WHO, UNICEF"
Lao People's Democratic Republic,418,2016,"Drinking water, Limited",0.0,,"WHO, UNICEF"
Lao People's Democratic Republic,418,2016,"Drinking water, Basic service",93.0,,"WHO, UNICEF"
Lao People's Democratic Republic,418,2016,"Drinking water, Safely managed service",14.0,,"WHO, UNICEF"
Lao People's Democratic Republic,418,2016,"Drinking water, On premises",70.913967505344,,"WHO, UNICEF"
Lao People's Democratic Republic,418,2016,"Drinking water, Surface water",4.0622395901903,,"WHO, UNICEF"
Lao People's Democratic Republic,418,2016,"Drinking water, Unimproved",13.352565445059,,"WHO, UNICEF"
Lao People's Democratic Republic,418,2016,"Drinking water, Basic service",79.0,,"WHO, UNICEF"
Lao People's Democratic Republic,418,2016,"Drinking water, Limited",2.987351556862,,"WHO, UNICEF"
Lao People's Democratic Republic,418,2016,"Drinking water, Available",79.670220860019,,"WHO, UNICEF"
Lao People's Democratic Republic,418,2016,"Drinking water, Free of contamination",16.304790831303,,"WHO, UNICEF"
Malaysia,458,2016,"Drinking water, Unimproved",8.6779305800386,,"WHO, UNICEF"
Malaysia,458,2016,"Drinking water, On premises",82.737794894485,,"WHO, UNICEF"
Malaysia,458,2016,"Drinking water, Limited",0.54793241651976,,"WHO, UNICEF"
Malaysia,458,2016,"Drinking water, Basic service",94.0,,"WHO, UNICEF"
Malaysia,458,2016,"Drinking water, At least basic service",90.774137003442,,"WHO, UNICEF"
Malaysia,458,2016,"Drinking water, At least basic service",99.175472023736,,"WHO, UNICEF"
Malaysia,458,2016,"Drinking water, Basic service",99.0,,"WHO, UNICEF"
Malaysia,458,2016,"Drinking water, Limited",0.29842168111455,,"WHO, UNICEF"
Malaysia,458,2016,"Drinking water, Surface water",0.09,,"WHO, UNICEF"
Malaysia,458,2016,"Drinking water, Unimproved",0.43610629514963,,"WHO, UNICEF"
Malaysia,458,2016,"Drinking water, On premises",97.285468043344,,"WHO, UNICEF"
Malaysia,458,2016,"Drinking water, Basic service",97.0,,"WHO, UNICEF"
Malaysia,458,2016,"Drinking water, Unimproved",2.5771025824968,,"WHO, UNICEF"
Malaysia,458,2016,"Drinking water, On premises",93.625275896539,,"WHO, UNICEF"
Malaysia,458,2016,"Drinking water, Safely managed service",94.0,,"WHO, UNICEF"
Malaysia,458,2016,"Drinking water, Free of contamination",97.295273421886,,"WHO, UNICEF"
Malaysia,458,2016,"Drinking water, Limited",0.36119859965995,,"WHO, UNICEF"
Myanmar,104,2016,"Drinking water, Unimproved",8.5861940596065,,"WHO, UNICEF"
Myanmar,104,2016,"Drinking water, On premises",53.797660467945,,"WHO, UNICEF"
Myanmar,104,2016,"Drinking water, Safely managed service",53.0,,"WHO, UNICEF"
Myanmar,104,2016,"Drinking water, Free of contamination",54.579167468787,,"WHO, UNICEF"
Myanmar,104,2016,"Drinking water, Available",69.172994169892,,"WHO, UNICEF"
Myanmar,104,2016,"Drinking water, Limited",5.6575449242486,,"WHO, UNICEF"
Myanmar,104,2016,"Drinking water, Basic service",76.0,,"WHO, UNICEF"
Myanmar,104,2016,"Drinking water, Surface water",12.254586648186,,"WHO, UNICEF"
Myanmar,104,2016,"Drinking water, Limited",3.1504945945248,,"WHO, UNICEF"
Myanmar,104,2016,"Drinking water, Surface water",5.0067679196217,,"WHO, UNICEF"
Myanmar,104,2016,"Drinking water, Unimproved",3.5382311356359,,"WHO, UNICEF"
Myanmar,104,2016,"Drinking water, On premises",78.605947561775,,"WHO, UNICEF"
Myanmar,104,2016,"Drinking water, Safely managed service",72.0,,"WHO, UNICEF"
Myanmar,104,2016,"Drinking water, Free of contamination",70.694715730286,,"WHO, UNICEF"
Myanmar,104,2016,"Drinking water, Available",84.870240876721,,"WHO, UNICEF"
Myanmar,104,2016,"Drinking water, Basic service",90.0,,"WHO, UNICEF"
Myanmar,104,2016,"Drinking water, Basic service",69.0,,"WHO, UNICEF"
Myanmar,104,2016,"Drinking water, Limited",6.7361952888449,,"WHO, UNICEF"
Myanmar,104,2016,"Drinking water, Available",62.419302356458,,"WHO, UNICEF"
Myanmar,104,2016,"Drinking water, Free of contamination",47.645502982149,,"WHO, UNICEF"
Myanmar,104,2016,"Drinking water, Safely managed service",45.0,,"WHO, UNICEF"
Myanmar,104,2016,"Drinking water, On premises",43.123972658777,,"WHO, UNICEF"
Myanmar,104,2016,"Drinking water, Unimproved",10.758065646182,,"WHO, UNICEF"
Myanmar,104,2016,"Drinking water, Surface water",15.372937482269,,"WHO, UNICEF"
Philippines,608,2016,"Drinking water, Available",87.978337321651,,"WHO, UNICEF"
Philippines,608,2016,"Drinking water, Free of contamination",61.331765384675,,"WHO, UNICEF"
Philippines,608,2016,"Drinking water, Safely managed service",61.0,,"WHO, UNICEF"
Philippines,608,2016,"Drinking water, On premises",82.73397320451,,"WHO, UNICEF"
Philippines,608,2016,"Drinking water, Unimproved",1.5189274599893,,"WHO, UNICEF"
Philippines,608,2016,"Drinking water, Surface water",0.10570569784365,,"WHO, UNICEF"
Philippines,608,2016,"Drinking water, Limited",1.8207816996568,,"WHO, UNICEF"
Philippines,608,2016,"Drinking water, Basic service",97.0,,"WHO, UNICEF"
Philippines,608,2016,"Drinking water, Basic service",93.0,,"WHO, UNICEF"
Philippines,608,2016,"Drinking water, Limited",2.9082967603744,,"WHO, UNICEF"
Philippines,608,2016,"Drinking water, Available",84.90951249488,,"WHO, UNICEF"
Philippines,608,2016,"Drinking water, Free of contamination",46.529064943606,,"WHO, UNICEF"
Philippines,608,2016,"Drinking water, Safely managed service",47.0,,"WHO, UNICEF"
Philippines,608,2016,"Drinking water, On premises",69.797685316686,,"WHO, UNICEF"
Philippines,608,2016,"Drinking water, Unimproved",4.3430260404838,,"WHO, UNICEF"
Philippines,608,2016,"Drinking water, Surface water",0.3559937808177,,"WHO, UNICEF"
Philippines,608,2016,"Drinking water, Basic service",89.0,,"WHO, UNICEF"
Philippines,608,2016,"Drinking water, Limited",3.8525706309661,,"WHO, UNICEF"
Philippines,608,2016,"Drinking water, Available",82.244896136428,,"WHO, UNICEF"
Philippines,608,2016,"Drinking water, Free of contamination",33.676091113666,,"WHO, UNICEF"
Philippines,608,2016,"Drinking water, Safely managed service",34.0,,"WHO, UNICEF"
Philippines,608,2016,"Drinking water, On premises",58.565291101889,,"WHO, UNICEF"
Philippines,608,2016,"Drinking water, Unimproved",6.7951500101129,,"WHO, UNICEF"
Philippines,608,2016,"Drinking water, Surface water",0.57331536387744,,"WHO, UNICEF"
Singapore,702,2016,"Drinking water, Safely managed service",100.0,,"WHO, UNICEF"
Singapore,702,2016,"Drinking water, Limited",0.0,,"WHO, UNICEF"
Singapore,702,2016,"Drinking water, Basic service",100.0,,"WHO, UNICEF"
Singapore,702,2016,"Drinking water, Unimproved",0.0,,"WHO, UNICEF"
Singapore,702,2016,"Drinking water, Surface water",0.0,,"WHO, UNICEF"
Singapore,702,2016,"Drinking water, On premises",100.0,,"WHO, UNICEF"
Singapore,702,2016,"Drinking water, Free of contamination",100.0,,"WHO, UNICEF"
Singapore,702,2016,"Drinking water, Surface water",0.0,,"WHO, UNICEF"
Singapore,702,2016,"Drinking water, Unimproved",0.0,,"WHO, UNICEF"
Singapore,702,2016,"Drinking water, On premises",100.0,,"WHO, UNICEF"
Singapore,702,2016,"Drinking water, Safely managed service",100.0,,"WHO, UNICEF"
Singapore,702,2016,"Drinking water, Free of contamination",100.0,,"WHO, UNICEF"
Singapore,702,2016,"Drinking water, Limited",0.0,,"WHO, UNICEF"
Singapore,702,2016,"Drinking water, Basic service",100.0,,"WHO, UNICEF"
Thailand,764,2016,"Drinking water, Surface water",0.39132998639349,,"WHO, UNICEF"
Thailand,764,2016,"Drinking water, At least basic service",99.192033103672,,"WHO, UNICEF"
Thailand,764,2016,"Drinking water, Unimproved",0.19362420115731,,"WHO, UNICEF"
Thailand,764,2016,"Drinking water, On premises",98.633105012659,,"WHO, UNICEF"
Thailand,764,2016,"Drinking water, Available",98.909770951952,,"WHO, UNICEF"
Thailand,764,2016,"Drinking water, Limited",0.22301270877725,,"WHO, UNICEF"
Thailand,764,2016,"Drinking water, Basic service",99.0,,"WHO, UNICEF"
Thailand,764,2016,"Drinking water, At least basic service",98.740947263395,,"WHO, UNICEF"
Thailand,764,2016,"Drinking water, Basic service",98.0,,"WHO, UNICEF"
Thailand,764,2016,"Drinking water, Limited",0.2393509186583,,"WHO, UNICEF"
Thailand,764,2016,"Drinking water, Available",98.179507977641,,"WHO, UNICEF"
Thailand,764,2016,"Drinking water, Unimproved",0.37154201688962,,"WHO, UNICEF"
Thailand,764,2016,"Drinking water, Surface water",0.64815980105721,,"WHO, UNICEF"
Thailand,764,2016,"Drinking water, On premises",97.951170823972,,"WHO, UNICEF"
Thailand,764,2016,"Drinking water, Basic service",100.0,,"WHO, UNICEF"
Thailand,764,2016,"Drinking water, Available",99.68682629869,,"WHO, UNICEF"
Thailand,764,2016,"Drinking water, At least basic service",99.672024799525,,"WHO, UNICEF"
Thailand,764,2016,"Drinking water, Limited",0.20562774211152,,"WHO, UNICEF"
Thailand,764,2016,"Drinking water, Surface water",0.11804542574023,,"WHO, UNICEF"
Thailand,764,2016,"Drinking water, Unimproved",0.0043020326236074,,"WHO, UNICEF"
Thailand,764,2016,"Drinking water, On premises",99.358735193621,,"WHO, UNICEF"
Viet Nam,704,2016,"Drinking water, On premises",89.424604772775,,"WHO, UNICEF"
Viet Nam,704,2016,"Drinking water, Safely managed service",44.0,,"WHO, UNICEF"
Viet Nam,704,2016,"Drinking water, Unimproved",6.5379906074154,,"WHO, UNICEF"
Viet Nam,704,2016,"Drinking water, Surface water",1.7862695963897,,"WHO, UNICEF"
Viet Nam,704,2016,"Drinking water, Free of contamination",43.743244260086,,"WHO, UNICEF"
Viet Nam,704,2016,"Drinking water, Available",88.244316855623,,"WHO, UNICEF"
Viet Nam,704,2016,"Drinking water, Limited",0.49727424580693,,"WHO, UNICEF"
Viet Nam,704,2016,"Drinking water, Basic service",91.0,,"WHO, UNICEF"
Viet Nam,704,2016,"Drinking water, Surface water",0.17202155543958,,"WHO, UNICEF"
Viet Nam,704,2016,"Drinking water, On premises",97.077401656806,,"WHO, UNICEF"
Viet Nam,704,2016,"Drinking water, Safely managed service",75.0,,"WHO, UNICEF"
Viet Nam,704,2016,"Drinking water, Free of contamination",75.137755420679,,"WHO, UNICEF"
Viet Nam,704,2016,"Drinking water, Available",98.034341253091,,"WHO, UNICEF"
Viet Nam,704,2016,"Drinking water, Limited",0.64959718175204,,"WHO, UNICEF"
Viet Nam,704,2016,"Drinking water, Basic service",97.0,,"WHO, UNICEF"
Viet Nam,704,2016,"Drinking water, Unimproved",1.5507260040636,,"WHO, UNICEF"
Viet Nam,704,2016,"Drinking water, Limited",0.54984088887835,,"WHO, UNICEF"
Viet Nam,704,2016,"Drinking water, Basic service",93.0,,"WHO, UNICEF"
Viet Nam,704,2016,"Drinking water, Available",91.622854318151,,"WHO, UNICEF"
Viet Nam,704,2016,"Drinking water, Free of contamination",54.577489436718,,"WHO, UNICEF"
Viet Nam,704,2016,"Drinking water, Safely managed service",54.0,,"WHO, UNICEF"
Viet Nam,704,2016,"Drinking water, On premises",92.065585076212,,"WHO, UNICEF"
Viet Nam,704,2016,"Drinking water, Unimproved",4.816885416275,,"WHO, UNICEF"
Viet Nam,704,2016,"Drinking water, Surface water",1.229192642453,,"WHO, UNICEF"
Brunei Darussalam,96,2017,"Drinking water, Surface water",0.099958543180383,,"WHO, UNICEF"
Brunei Darussalam,96,2017,"Drinking water, At least basic service",99.90004145682,,"WHO, UNICEF"
Brunei Darussalam,96,2017,"Drinking water, Basic service",100.0,,"WHO, UNICEF"
Brunei Darussalam,96,2017,"Drinking water, Limited",0.0,,"WHO, UNICEF"
Brunei Darussalam,96,2017,"Drinking water, Unimproved",0.0,,"WHO, UNICEF"
Brunei Darussalam,96,2017,"Drinking water, On premises",99.814134841064,,"WHO, UNICEF"
Cambodia,116,2017,"Drinking water, Basic service",91.0,,"WHO, UNICEF"
Cambodia,116,2017,"Drinking water, Limited",4.4541885425401,,"WHO, UNICEF"
Cambodia,116,2017,"Drinking water, Available",83.075371282015,,"WHO, UNICEF"
Cambodia,116,2017,"Drinking water, Free of contamination",54.830168048957,,"WHO, UNICEF"
Cambodia,116,2017,"Drinking water, Safely managed service",54.0,,"WHO, UNICEF"
Cambodia,116,2017,"Drinking water, On premises",70.22593923089,,"WHO, UNICEF"
Cambodia,116,2017,"Drinking water, Unimproved",1.5118588258168,,"WHO, UNICEF"
Cambodia,116,2017,"Drinking water, Surface water",3.1313271759969,,"WHO, UNICEF"
Cambodia,116,2017,"Drinking water, Unimproved",7.4763400025912,,"WHO, UNICEF"
Cambodia,116,2017,"Drinking water, Basic service",75.0,,"WHO, UNICEF"
Cambodia,116,2017,"Drinking water, Limited",7.6755403998591,,"WHO, UNICEF"
Cambodia,116,2017,"Drinking water, Surface water",11.422472123454,,"WHO, UNICEF"
Cambodia,116,2017,"Drinking water, On premises",47.810983376076,,"WHO, UNICEF"
Cambodia,116,2017,"Drinking water, Safely managed service",26.0,,"WHO, UNICEF"
Cambodia,116,2017,"Drinking water, Free of contamination",26.094880401295,,"WHO, UNICEF"
Cambodia,116,2017,"Drinking water, Available",71.385373111562,,"WHO, UNICEF"
Cambodia,116,2017,"Drinking water, Basic service",70.0,,"WHO, UNICEF"
Cambodia,116,2017,"Drinking water, Limited",8.6366758754093,,"WHO, UNICEF"
Cambodia,116,2017,"Drinking water, Available",67.897496615053,,"WHO, UNICEF"
Cambodia,116,2017,"Drinking water, Free of contamination",17.521302970835,,"WHO, UNICEF"
Cambodia,116,2017,"Drinking water, Surface water",13.896251566055,,"WHO, UNICEF"
Cambodia,116,2017,"Drinking water, Unimproved",9.2559283864239,,"WHO, UNICEF"
Cambodia,116,2017,"Drinking water, On premises",41.12316540465,,"WHO, UNICEF"
Cambodia,116,2017,"Drinking water, Safely managed service",18.0,,"WHO, UNICEF"
Indonesia,360,2017,"Drinking water, On premises",67.427245068645,,"WHO, UNICEF"
Indonesia,360,2017,"Drinking water, Unimproved",7.5097762586503,,"WHO, UNICEF"
Indonesia,360,2017,"Drinking water, Safely managed service",29.0,,"WHO, UNICEF"
Indonesia,360,2017,"Drinking water, Free of contamination",28.866595200593,,"WHO, UNICEF"
Indonesia,360,2017,"Drinking water, Available",82.886912929526,,"WHO, UNICEF"
Indonesia,360,2017,"Drinking water, Surface water",1.4057477080763,,"WHO, UNICEF"
Indonesia,360,2017,"Drinking water, Basic service",88.0,,"WHO, UNICEF"
Indonesia,360,2017,"Drinking water, Limited",0.8257549515352,,"WHO, UNICEF"
Indonesia,360,2017,"Drinking water, Surface water",0.19973324746223,,"WHO, UNICEF"
Indonesia,360,2017,"Drinking water, Free of contamination",33.902851894844,,"WHO, UNICEF"
Indonesia,360,2017,"Drinking water, Safely managed service",34.0,,"WHO, UNICEF"
Indonesia,360,2017,"Drinking water, On premises",73.707125576266,,"WHO, UNICEF"
Indonesia,360,2017,"Drinking water, Unimproved",2.9349756244124,,"WHO, UNICEF"
Indonesia,360,2017,"Drinking water, Available",88.856415581742,,"WHO, UNICEF"
Indonesia,360,2017,"Drinking water, Limited",0.62104572092872,,"WHO, UNICEF"
Indonesia,360,2017,"Drinking water, Basic service",95.0,,"WHO, UNICEF"
Indonesia,360,2017,"Drinking water, Surface water",2.8596093168693,,"WHO, UNICEF"
Indonesia,360,2017,"Drinking water, Unimproved",13.024740462504,,"WHO, UNICEF"
Indonesia,360,2017,"Drinking water, On premises",59.856791191725,,"WHO, UNICEF"
Indonesia,360,2017,"Drinking water, Safely managed service",23.0,,"WHO, UNICEF"
Indonesia,360,2017,"Drinking water, Free of contamination",22.79534120979,,"WHO, UNICEF"
Indonesia,360,2017,"Drinking water, Available",75.690622488746,,"WHO, UNICEF"
Indonesia,360,2017,"Drinking water, Limited",1.0725338282793,,"WHO, UNICEF"
Indonesia,360,2017,"Drinking water, Basic service",80.0,,"WHO, UNICEF"
Lao People's Democratic Republic,418,2017,"Drinking water, Free of contamination",16.732581562668,,"WHO, UNICEF"
Lao People's Democratic Republic,418,2017,"Drinking water, Available",81.658216121633,,"WHO, UNICEF"
Lao People's Democratic Republic,418,2017,"Drinking water, Basic service",81.0,,"WHO, UNICEF"
Lao People's Democratic Republic,418,2017,"Drinking water, Limited",3.1890329776462,,"WHO, UNICEF"
Lao People's Democratic Republic,418,2017,"Drinking water, Surface water",2.882330764937,,"WHO, UNICEF"
Lao People's Democratic Republic,418,2017,"Drinking water, Unimproved",12.476639177132,,"WHO, UNICEF"
Lao People's Democratic Republic,418,2017,"Drinking water, On premises",75.20419539974,,"WHO, UNICEF"
Lao People's Democratic Republic,418,2017,"Drinking water, Safely managed service",17.0,,"WHO, UNICEF"
Lao People's Democratic Republic,418,2017,"Drinking water, Safely managed service",26.0,,"WHO, UNICEF"
Lao People's Democratic Republic,418,2017,"Drinking water, Free of contamination",26.40065765853,,"WHO, UNICEF"
Lao People's Democratic Republic,418,2017,"Drinking water, Available",93.252774729483,,"WHO, UNICEF"
Lao People's Democratic Republic,418,2017,"Drinking water, Limited",0.0,,"WHO, UNICEF"
Lao People's Democratic Republic,418,2017,"Drinking water, Basic service",94.0,,"WHO, UNICEF"
Lao People's Democratic Republic,418,2017,"Drinking water, Surface water",0.45643635519031,,"WHO, UNICEF"
Lao People's Democratic Republic,418,2017,"Drinking water, Unimproved",4.5897386168631,,"WHO, UNICEF"
Lao People's Democratic Republic,418,2017,"Drinking water, On premises",94.953825027947,,"WHO, UNICEF"
Lao People's Democratic Republic,418,2017,"Drinking water, Surface water",4.1526429450619,,"WHO, UNICEF"
Lao People's Democratic Republic,418,2017,"Drinking water, Unimproved",16.606595493344,,"WHO, UNICEF"
Lao People's Democratic Republic,418,2017,"Drinking water, On premises",64.862357236729,,"WHO, UNICEF"
Lao People's Democratic Republic,418,2017,"Drinking water, Safely managed service",11.0,,"WHO, UNICEF"
Lao People's Democratic Republic,418,2017,"Drinking water, Free of contamination",11.669921664471,,"WHO, UNICEF"
Lao People's Democratic Republic,418,2017,"Drinking water, Available",75.586756095933,,"WHO, UNICEF"
Lao People's Democratic Republic,418,2017,"Drinking water, Limited",4.8589603631685,,"WHO, UNICEF"
Lao People's Democratic Republic,418,2017,"Drinking water, Basic service",74.0,,"WHO, UNICEF"
Malaysia,458,2017,"Drinking water, Limited",0.54706216167212,,"WHO, UNICEF"
Malaysia,458,2017,"Drinking water, Unimproved",8.8229730546462,,"WHO, UNICEF"
Malaysia,458,2017,"Drinking water, On premises",82.606386412491,,"WHO, UNICEF"
Malaysia,458,2017,"Drinking water, At least basic service",90.629964783682,,"WHO, UNICEF"
Malaysia,458,2017,"Drinking water, Basic service",94.0,,"WHO, UNICEF"
Malaysia,458,2017,"Drinking water, Unimproved",0.44422467934541,,"WHO, UNICEF"
Malaysia,458,2017,"Drinking water, Surface water",0.09,,"WHO, UNICEF"
Malaysia,458,2017,"Drinking water, At least basic service",99.167377994693,,"WHO, UNICEF"
Malaysia,458,2017,"Drinking water, On premises",97.2775282636,,"WHO, UNICEF"
Malaysia,458,2017,"Drinking water, Basic service",99.0,,"WHO, UNICEF"
Malaysia,458,2017,"Drinking water, Limited",0.29839732596196,,"WHO, UNICEF"
Malaysia,458,2017,"Drinking water, Unimproved",2.5693637283158,,"WHO, UNICEF"
Malaysia,458,2017,"Drinking water, On premises",93.675320126598,,"WHO, UNICEF"
Malaysia,458,2017,"Drinking water, Safely managed service",94.0,,"WHO, UNICEF"
Malaysia,458,2017,"Drinking water, Free of contamination",97.335154248138,,"WHO, UNICEF"
Malaysia,458,2017,"Drinking water, Limited",0.35945199827793,,"WHO, UNICEF"
Malaysia,458,2017,"Drinking water, Basic service",98.0,,"WHO, UNICEF"
Myanmar,104,2017,"Drinking water, Safely managed service",72.0,,"WHO, UNICEF"
Myanmar,104,2017,"Drinking water, Basic service",91.0,,"WHO, UNICEF"
Myanmar,104,2017,"Drinking water, Limited",2.35585225369,,"WHO, UNICEF"
Myanmar,104,2017,"Drinking water, Available",85.279635030734,,"WHO, UNICEF"
Myanmar,104,2017,"Drinking water, Free of contamination",71.035730472799,,"WHO, UNICEF"
Myanmar,104,2017,"Drinking water, Surface water",4.9757271217494,,"WHO, UNICEF"
Myanmar,104,2017,"Drinking water, Unimproved",3.1281144399592,,"WHO, UNICEF"
Myanmar,104,2017,"Drinking water, On premises",80.4350707705,,"WHO, UNICEF"
Myanmar,104,2017,"Drinking water, Surface water",12.039503915531,,"WHO, UNICEF"
Myanmar,104,2017,"Drinking water, Basic service",78.0,,"WHO, UNICEF"
Myanmar,104,2017,"Drinking water, Limited",4.6489729554134,,"WHO, UNICEF"
Myanmar,104,2017,"Drinking water, Available",69.855750750979,,"WHO, UNICEF"
Myanmar,104,2017,"Drinking water, Free of contamination",55.123161429667,,"WHO, UNICEF"
Myanmar,104,2017,"Drinking water, Safely managed service",54.0,,"WHO, UNICEF"
Myanmar,104,2017,"Drinking water, On premises",55.672642469152,,"WHO, UNICEF"
Myanmar,104,2017,"Drinking water, Unimproved",8.0279798837727,,"WHO, UNICEF"
Myanmar,104,2017,"Drinking water, Basic service",72.0,,"WHO, UNICEF"
Myanmar,104,2017,"Drinking water, Limited",5.6468778969683,,"WHO, UNICEF"
Myanmar,104,2017,"Drinking water, Available",63.143691080578,,"WHO, UNICEF"
Myanmar,104,2017,"Drinking water, Free of contamination",48.198438753814,,"WHO, UNICEF"
Myanmar,104,2017,"Drinking water, Safely managed service",47.0,,"WHO, UNICEF"
Myanmar,104,2017,"Drinking water, On premises",44.896697773669,,"WHO, UNICEF"
Myanmar,104,2017,"Drinking water, Unimproved",10.160267346677,,"WHO, UNICEF"
Myanmar,104,2017,"Drinking water, Surface water",15.113471019504,,"WHO, UNICEF"
Philippines,608,2017,"Drinking water, Basic service",97.0,,"WHO, UNICEF"
Philippines,608,2017,"Drinking water, Limited",1.7735225855907,,"WHO, UNICEF"
Philippines,608,2017,"Drinking water, Available",88.098651520105,,"WHO, UNICEF"
Philippines,608,2017,"Drinking water, Free of contamination",61.428841697787,,"WHO, UNICEF"
Philippines,608,2017,"Drinking water, Safely managed service",62.0,,"WHO, UNICEF"
Philippines,608,2017,"Drinking water, On premises",84.252530405952,,"WHO, UNICEF"
Philippines,608,2017,"Drinking water, Unimproved",1.4100562374443,,"WHO, UNICEF"
Philippines,608,2017,"Drinking water, Surface water",0.058867756400104,,"WHO, UNICEF"
Philippines,608,2017,"Drinking water, Surface water",0.18311515500217,,"WHO, UNICEF"
Philippines,608,2017,"Drinking water, Basic service",93.0,,"WHO, UNICEF"
Philippines,608,2017,"Drinking water, Limited",2.896266250988,,"WHO, UNICEF"
Philippines,608,2017,"Drinking water, Available",85.298518175035,,"WHO, UNICEF"
Philippines,608,2017,"Drinking water, Free of contamination",46.747443744481,,"WHO, UNICEF"
Philippines,608,2017,"Drinking water, Safely managed service",47.0,,"WHO, UNICEF"
Philippines,608,2017,"Drinking water, On premises",71.890736500756,,"WHO, UNICEF"
Philippines,608,2017,"Drinking water, Unimproved",4.1127628823804,,"WHO, UNICEF"
Philippines,608,2017,"Drinking water, Surface water",0.29189863409874,,"WHO, UNICEF"
Philippines,608,2017,"Drinking water, Basic service",90.0,,"WHO, UNICEF"
Philippines,608,2017,"Drinking water, Unimproved",6.4790869832059,,"WHO, UNICEF"
Philippines,608,2017,"Drinking water, On premises",61.067501831172,,"WHO, UNICEF"
Philippines,608,2017,"Drinking water, Safely managed service",34.0,,"WHO, UNICEF"
Philippines,608,2017,"Drinking water, Free of contamination",33.893304212919,,"WHO, UNICEF"
Philippines,608,2017,"Drinking water, Available",82.84689298686,,"WHO, UNICEF"
Philippines,608,2017,"Drinking water, Limited",3.8792724639173,,"WHO, UNICEF"
Singapore,702,2017,"Drinking water, On premises",100.0,,"WHO, UNICEF"
Singapore,702,2017,"Drinking water, Surface water",0.0,,"WHO, UNICEF"
Singapore,702,2017,"Drinking water, Basic service",100.0,,"WHO, UNICEF"
Singapore,702,2017,"Drinking water, Limited",0.0,,"WHO, UNICEF"
Singapore,702,2017,"Drinking water, Free of contamination",100.0,,"WHO, UNICEF"
Singapore,702,2017,"Drinking water, Safely managed service",100.0,,"WHO, UNICEF"
Singapore,702,2017,"Drinking water, Unimproved",0.0,,"WHO, UNICEF"
Singapore,702,2017,"Drinking water, Surface water",0.0,,"WHO, UNICEF"
Singapore,702,2017,"Drinking water, On premises",100.0,,"WHO, UNICEF"
Singapore,702,2017,"Drinking water, Safely managed service",100.0,,"WHO, UNICEF"
Singapore,702,2017,"Drinking water, Free of contamination",100.0,,"WHO, UNICEF"
Singapore,702,2017,"Drinking water, Limited",0.0,,"WHO, UNICEF"
Singapore,702,2017,"Drinking water, Unimproved",0.0,,"WHO, UNICEF"
Singapore,702,2017,"Drinking water, Basic service",100.0,,"WHO, UNICEF"
Thailand,764,2017,"Drinking water, At least basic service",99.387710747169,,"WHO, UNICEF"
Thailand,764,2017,"Drinking water, Basic service",99.0,,"WHO, UNICEF"
Thailand,764,2017,"Drinking water, Limited",0.22937913985886,,"WHO, UNICEF"
Thailand,764,2017,"Drinking water, Available",99.114830830789,,"WHO, UNICEF"
Thailand,764,2017,"Drinking water, Surface water",0.38291169975451,,"WHO, UNICEF"
Thailand,764,2017,"Drinking water, Unimproved",0.0,,"WHO, UNICEF"
Thailand,764,2017,"Drinking water, On premises",99.151992932957,,"WHO, UNICEF"
Thailand,764,2017,"Drinking water, Surface water",0.63809083371757,,"WHO, UNICEF"
Thailand,764,2017,"Drinking water, Unimproved",2.55351295664e-15,,"WHO, UNICEF"
Thailand,764,2017,"Drinking water, At least basic service",99.127620024082,,"WHO, UNICEF"
Thailand,764,2017,"Drinking water, On premises",98.80379219517,,"WHO, UNICEF"
Thailand,764,2017,"Drinking water, Available",98.558031576364,,"WHO, UNICEF"
Thailand,764,2017,"Drinking water, Limited",0.2342891422008,,"WHO, UNICEF"
Thailand,764,2017,"Drinking water, Basic service",98.0,,"WHO, UNICEF"
Thailand,764,2017,"Drinking water, Surface water",0.11943407522286,,"WHO, UNICEF"
Thailand,764,2017,"Drinking water, Unimproved",0.0,,"WHO, UNICEF"
Thailand,764,2017,"Drinking water, On premises",99.511514032943,,"WHO, UNICEF"
Thailand,764,2017,"Drinking water, Available",99.689734115521,,"WHO, UNICEF"
Thailand,764,2017,"Drinking water, Limited",0.22430945582729,,"WHO, UNICEF"
Thailand,764,2017,"Drinking water, Basic service",100.0,,"WHO, UNICEF"
Thailand,764,2017,"Drinking water, At least basic service",99.65625646895,,"WHO, UNICEF"
Viet Nam,704,2017,"Drinking water, Unimproved",6.196572867844,,"WHO, UNICEF"
Viet Nam,704,2017,"Drinking water, Surface water",1.2016315068283,,"WHO, UNICEF"
Viet Nam,704,2017,"Drinking water, Basic service",92.0,,"WHO, UNICEF"
Viet Nam,704,2017,"Drinking water, Limited",0.46510592074013,,"WHO, UNICEF"
Viet Nam,704,2017,"Drinking water, Available",89.135710415072,,"WHO, UNICEF"
Viet Nam,704,2017,"Drinking water, Free of contamination",44.185113465857,,"WHO, UNICEF"
Viet Nam,704,2017,"Drinking water, Safely managed service",44.0,,"WHO, UNICEF"
Viet Nam,704,2017,"Drinking water, On premises",91.457871441238,,"WHO, UNICEF"
Viet Nam,704,2017,"Drinking water, On premises",97.598888391772,,"WHO, UNICEF"
Viet Nam,704,2017,"Drinking water, Basic service",98.0,,"WHO, UNICEF"
Viet Nam,704,2017,"Drinking water, Limited",0.61890955613025,,"WHO, UNICEF"
Viet Nam,704,2017,"Drinking water, Available",98.055296895459,,"WHO, UNICEF"
Viet Nam,704,2017,"Drinking water, Free of contamination",75.242798459456,,"WHO, UNICEF"
Viet Nam,704,2017,"Drinking water, Safely managed service",75.0,,"WHO, UNICEF"
Viet Nam,704,2017,"Drinking water, Unimproved",1.5053289575182,,"WHO, UNICEF"
Viet Nam,704,2017,"Drinking water, Surface water",0.08002640572883,,"WHO, UNICEF"
Viet Nam,704,2017,"Drinking water, Available",92.276563172518,,"WHO, UNICEF"
Viet Nam,704,2017,"Drinking water, Basic service",94.0,,"WHO, UNICEF"
Viet Nam,704,2017,"Drinking water, Limited",0.51926478648658,,"WHO, UNICEF"
Viet Nam,704,2017,"Drinking water, Surface water",0.80668070875939,,"WHO, UNICEF"
Viet Nam,704,2017,"Drinking water, On premises",93.620306533283,,"WHO, UNICEF"
Viet Nam,704,2017,"Drinking water, Free of contamination",55.121454984785,,"WHO, UNICEF"
Viet Nam,704,2017,"Drinking water, Safely managed service",55.0,,"WHO, UNICEF"
Viet Nam,704,2017,"Drinking water, Unimproved",4.5446463579375,,"WHO, UNICEF"
Brunei Darussalam,96,2018,"Drinking water, At least basic service",99.900043398436,,"WHO, UNICEF"
Brunei Darussalam,96,2018,"Drinking water, Basic service",100.0,,"WHO, UNICEF"
Brunei Darussalam,96,2018,"Drinking water, Limited",0.0,,"WHO, UNICEF"
Brunei Darussalam,96,2018,"Drinking water, On premises",99.816674887886,,"WHO, UNICEF"
Brunei Darussalam,96,2018,"Drinking water, Unimproved",0.0,,"WHO, UNICEF"
Brunei Darussalam,96,2018,"Drinking water, Surface water",0.099956601563719,,"WHO, UNICEF"
Cambodia,116,2018,"Drinking water, Surface water",2.6636529030357,,"WHO, UNICEF"
Cambodia,116,2018,"Drinking water, Unimproved",1.0492737945908,,"WHO, UNICEF"
Cambodia,116,2018,"Drinking water, On premises",69.801501274562,,"WHO, UNICEF"
Cambodia,116,2018,"Drinking water, Safely managed service",55.0,,"WHO, UNICEF"
Cambodia,116,2018,"Drinking water, Free of contamination",55.365067148865,,"WHO, UNICEF"
Cambodia,116,2018,"Drinking water, Available",83.885818211224,,"WHO, UNICEF"
Cambodia,116,2018,"Drinking water, Limited",4.8233683564967,,"WHO, UNICEF"
Cambodia,116,2018,"Drinking water, Basic service",91.0,,"WHO, UNICEF"
Cambodia,116,2018,"Drinking water, Surface water",10.628927821478,,"WHO, UNICEF"
Cambodia,116,2018,"Drinking water, Unimproved",6.5681120711596,,"WHO, UNICEF"
Cambodia,116,2018,"Drinking water, On premises",47.877675442622,,"WHO, UNICEF"
Cambodia,116,2018,"Drinking water, Safely managed service",27.0,,"WHO, UNICEF"
Cambodia,116,2018,"Drinking water, Free of contamination",26.693383294122,,"WHO, UNICEF"
Cambodia,116,2018,"Drinking water, Available",72.881465550317,,"WHO, UNICEF"
Cambodia,116,2018,"Drinking water, Limited",8.4085884902855,,"WHO, UNICEF"
Cambodia,116,2018,"Drinking water, Basic service",76.0,,"WHO, UNICEF"
Cambodia,116,2018,"Drinking water, Surface water",13.060555852727,,"WHO, UNICEF"
Cambodia,116,2018,"Drinking water, Safely managed service",18.0,,"WHO, UNICEF"
Cambodia,116,2018,"Drinking water, Free of contamination",17.940533974346,,"WHO, UNICEF"
Cambodia,116,2018,"Drinking water, Available",69.522075317288,,"WHO, UNICEF"
Cambodia,116,2018,"Drinking water, Limited",9.503079631609,,"WHO, UNICEF"
Cambodia,116,2018,"Drinking water, Basic service",72.0,,"WHO, UNICEF"
Cambodia,116,2018,"Drinking water, On premises",41.184803267684,,"WHO, UNICEF"
Cambodia,116,2018,"Drinking water, Unimproved",8.252891628212,,"WHO, UNICEF"
Indonesia,360,2018,"Drinking water, Safely managed service",23.0,,"WHO, UNICEF"
Indonesia,360,2018,"Drinking water, Surface water",2.6675225127006,,"WHO, UNICEF"
Indonesia,360,2018,"Drinking water, Unimproved",12.138925278942,,"WHO, UNICEF"
Indonesia,360,2018,"Drinking water, On premises",60.714955380085,,"WHO, UNICEF"
Indonesia,360,2018,"Drinking water, Free of contamination",23.087452648465,,"WHO, UNICEF"
Indonesia,360,2018,"Drinking water, Available",76.660561759491,,"WHO, UNICEF"
Indonesia,360,2018,"Drinking water, Limited",1.1209762103217,,"WHO, UNICEF"
Indonesia,360,2018,"Drinking water, Basic service",80.0,,"WHO, UNICEF"
Indonesia,360,2018,"Drinking water, Basic service",88.0,,"WHO, UNICEF"
Indonesia,360,2018,"Drinking water, Surface water",1.286534732277,,"WHO, UNICEF"
Indonesia,360,2018,"Drinking water, Unimproved",6.8325657347844,,"WHO, UNICEF"
Indonesia,360,2018,"Drinking water, On premises",67.859096866294,,"WHO, UNICEF"
Indonesia,360,2018,"Drinking water, Limited",0.84010234342638,,"WHO, UNICEF"
Indonesia,360,2018,"Drinking water, Available",83.618862634452,,"WHO, UNICEF"
Indonesia,360,2018,"Drinking water, Free of contamination",29.151557568981,,"WHO, UNICEF"
Indonesia,360,2018,"Drinking water, Safely managed service",29.0,,"WHO, UNICEF"
Indonesia,360,2018,"Drinking water, Unimproved",2.5476750805654,,"WHO, UNICEF"
Indonesia,360,2018,"Drinking water, On premises",73.627998574278,,"WHO, UNICEF"
Indonesia,360,2018,"Drinking water, Safely managed service",34.0,,"WHO, UNICEF"
Indonesia,360,2018,"Drinking water, Free of contamination",34.048328767109,,"WHO, UNICEF"
Indonesia,360,2018,"Drinking water, Available",89.237697765895,,"WHO, UNICEF"
Indonesia,360,2018,"Drinking water, Limited",0.61329638489363,,"WHO, UNICEF"
Indonesia,360,2018,"Drinking water, Basic service",95.0,,"WHO, UNICEF"
Indonesia,360,2018,"Drinking water, Surface water",0.17138558483809,,"WHO, UNICEF"
Lao People's Democratic Republic,418,2018,"Drinking water, Safely managed service",13.0,,"WHO, UNICEF"
Lao People's Democratic Republic,418,2018,"Drinking water, Surface water",2.5350650703854,,"WHO, UNICEF"
Lao People's Democratic Republic,418,2018,"Drinking water, Unimproved",15.808782544805,,"WHO, UNICEF"
Lao People's Democratic Republic,418,2018,"Drinking water, On premises",70.743533771378,,"WHO, UNICEF"
Lao People's Democratic Republic,418,2018,"Drinking water, Free of contamination",12.02564037717,,"WHO, UNICEF"
Lao People's Democratic Republic,418,2018,"Drinking water, Available",77.890766726734,,"WHO, UNICEF"
Lao People's Democratic Republic,418,2018,"Drinking water, Limited",5.2224025219513,,"WHO, UNICEF"
Lao People's Democratic Republic,418,2018,"Drinking water, Basic service",75.0,,"WHO, UNICEF"
Lao People's Democratic Republic,418,2018,"Drinking water, Limited",0.0,,"WHO, UNICEF"
Lao People's Democratic Republic,418,2018,"Drinking water, Available",94.289089612917,,"WHO, UNICEF"
Lao People's Democratic Republic,418,2018,"Drinking water, Free of contamination",26.694047260538,,"WHO, UNICEF"
Lao People's Democratic Republic,418,2018,"Drinking water, Safely managed service",30.0,,"WHO, UNICEF"
Lao People's Democratic Republic,418,2018,"Drinking water, On premises",96.009043624936,,"WHO, UNICEF"
Lao People's Democratic Republic,418,2018,"Drinking water, Basic service",95.0,,"WHO, UNICEF"
Lao People's Democratic Republic,418,2018,"Drinking water, Unimproved",3.7855195278042,,"WHO, UNICEF"
Lao People's Democratic Republic,418,2018,"Drinking water, Surface water",0.2054368472597,,"WHO, UNICEF"
Lao People's Democratic Republic,418,2018,"Drinking water, Basic service",82.0,,"WHO, UNICEF"
Lao People's Democratic Republic,418,2018,"Drinking water, Surface water",1.7196020118845,,"WHO, UNICEF"
Lao People's Democratic Republic,418,2018,"Drinking water, Unimproved",11.600161508004,,"WHO, UNICEF"
Lao People's Democratic Republic,418,2018,"Drinking water, On premises",79.58747084496,,"WHO, UNICEF"
Lao People's Democratic Republic,418,2018,"Drinking water, Safely managed service",19.0,,"WHO, UNICEF"
Lao People's Democratic Republic,418,2018,"Drinking water, Free of contamination",17.160168938951,,"WHO, UNICEF"
Lao People's Democratic Republic,418,2018,"Drinking water, Available",83.630833741748,,"WHO, UNICEF"
Lao People's Democratic Republic,418,2018,"Drinking water, Limited",3.3943527628681,,"WHO, UNICEF"
Malaysia,458,2018,"Drinking water, Unimproved",0.4523430635412,,"WHO, UNICEF"
Malaysia,458,2018,"Drinking water, Surface water",0.09,,"WHO, UNICEF"
Malaysia,458,2018,"Drinking water, Limited",0.29837297080938,,"WHO, UNICEF"
Malaysia,458,2018,"Drinking water, Basic service",99.0,,"WHO, UNICEF"
Malaysia,458,2018,"Drinking water, At least basic service",99.159283965649,,"WHO, UNICEF"
Malaysia,458,2018,"Drinking water, On premises",97.269588483857,,"WHO, UNICEF"
Malaysia,458,2018,"Drinking water, Unimproved",2.5614726800042,,"WHO, UNICEF"
Malaysia,458,2018,"Drinking water, On premises",93.724206610654,,"WHO, UNICEF"
Malaysia,458,2018,"Drinking water, Safely managed service",94.0,,"WHO, UNICEF"
Malaysia,458,2018,"Drinking water, Free of contamination",97.375192277238,,"WHO, UNICEF"
Malaysia,458,2018,"Drinking water, Basic service",98.0,,"WHO, UNICEF"
Malaysia,458,2018,"Drinking water, Limited",0.35776029480589,,"WHO, UNICEF"
Malaysia,458,2018,"Drinking water, Limited",0.54619190682446,,"WHO, UNICEF"
Malaysia,458,2018,"Drinking water, Basic service",94.0,,"WHO, UNICEF"
Malaysia,458,2018,"Drinking water, At least basic service",90.485792563922,,"WHO, UNICEF"
Malaysia,458,2018,"Drinking water, Unimproved",8.9680155292538,,"WHO, UNICEF"
Malaysia,458,2018,"Drinking water, On premises",82.474977930496,,"WHO, UNICEF"
Myanmar,104,2018,"Drinking water, Surface water",11.823834168579,,"WHO, UNICEF"
Myanmar,104,2018,"Drinking water, Unimproved",7.4694969513185,,"WHO, UNICEF"
Myanmar,104,2018,"Drinking water, On premises",57.578470689694,,"WHO, UNICEF"
Myanmar,104,2018,"Drinking water, Safely managed service",56.0,,"WHO, UNICEF"
Myanmar,104,2018,"Drinking water, Free of contamination",55.669987568295,,"WHO, UNICEF"
Myanmar,104,2018,"Drinking water, Basic service",80.0,,"WHO, UNICEF"
Myanmar,104,2018,"Drinking water, Limited",3.6203329405361,,"WHO, UNICEF"
Myanmar,104,2018,"Drinking water, Available",70.54070902925,,"WHO, UNICEF"
Myanmar,104,2018,"Drinking water, Available",85.689029184748,,"WHO, UNICEF"
Myanmar,104,2018,"Drinking water, Surface water",4.9446863238771,,"WHO, UNICEF"
Myanmar,104,2018,"Drinking water, Unimproved",2.7179977442824,,"WHO, UNICEF"
Myanmar,104,2018,"Drinking water, On premises",82.278115231021,,"WHO, UNICEF"
Myanmar,104,2018,"Drinking water, Safely managed service",73.0,,"WHO, UNICEF"
Myanmar,104,2018,"Drinking water, Free of contamination",71.376745215313,,"WHO, UNICEF"
Myanmar,104,2018,"Drinking water, Limited",1.5534344669799,,"WHO, UNICEF"
Myanmar,104,2018,"Drinking water, Basic service",93.0,,"WHO, UNICEF"
Myanmar,104,2018,"Drinking water, Free of contamination",48.751374525479,,"WHO, UNICEF"
Myanmar,104,2018,"Drinking water, Available",63.868079804697,,"WHO, UNICEF"
Myanmar,104,2018,"Drinking water, Limited",4.5307734024978,,"WHO, UNICEF"
Myanmar,104,2018,"Drinking water, Basic service",74.0,,"WHO, UNICEF"
Myanmar,104,2018,"Drinking water, Safely managed service",49.0,,"WHO, UNICEF"
Myanmar,104,2018,"Drinking water, On premises",46.698613855489,,"WHO, UNICEF"
Myanmar,104,2018,"Drinking water, Unimproved",9.5624690471715,,"WHO, UNICEF"
Myanmar,104,2018,"Drinking water, Surface water",14.854004556738,,"WHO, UNICEF"
Philippines,608,2018,"Drinking water, Available",88.218905861404,,"WHO, UNICEF"
Philippines,608,2018,"Drinking water, Basic service",97.0,,"WHO, UNICEF"
Philippines,608,2018,"Drinking water, Limited",1.7261049951798,,"WHO, UNICEF"
Philippines,608,2018,"Drinking water, Free of contamination",61.525918010898,,"WHO, UNICEF"
Philippines,608,2018,"Drinking water, Safely managed service",62.0,,"WHO, UNICEF"
Philippines,608,2018,"Drinking water, On premises",85.775473287032,,"WHO, UNICEF"
Philippines,608,2018,"Drinking water, Unimproved",1.3011850148992,,"WHO, UNICEF"
Philippines,608,2018,"Drinking water, Surface water",0.012029814956548,,"WHO, UNICEF"
Philippines,608,2018,"Drinking water, Basic service",90.0,,"WHO, UNICEF"
Philippines,608,2018,"Drinking water, Surface water",0.010481904320045,,"WHO, UNICEF"
Philippines,608,2018,"Drinking water, Unimproved",6.1630239562986,,"WHO, UNICEF"
Philippines,608,2018,"Drinking water, On premises",63.596942756974,,"WHO, UNICEF"
Philippines,608,2018,"Drinking water, Safely managed service",34.0,,"WHO, UNICEF"
Philippines,608,2018,"Drinking water, Free of contamination",34.110517312173,,"WHO, UNICEF"
Philippines,608,2018,"Drinking water, Available",83.449806434953,,"WHO, UNICEF"
Philippines,608,2018,"Drinking water, Limited",3.9059980410655,,"WHO, UNICEF"
Philippines,608,2018,"Drinking water, Unimproved",3.882481266888,,"WHO, UNICEF"
Philippines,608,2018,"Drinking water, Surface water",0.011207982740735,,"WHO, UNICEF"
Philippines,608,2018,"Drinking water, On premises",74.000225813427,,"WHO, UNICEF"
Philippines,608,2018,"Drinking water, Safely managed service",47.0,,"WHO, UNICEF"
Philippines,608,2018,"Drinking water, Free of contamination",46.970259023039,,"WHO, UNICEF"
Philippines,608,2018,"Drinking water, Available",85.686847806998,,"WHO, UNICEF"
Philippines,608,2018,"Drinking water, Limited",2.8834756296693,,"WHO, UNICEF"
Philippines,608,2018,"Drinking water, Basic service",93.0,,"WHO, UNICEF"
Singapore,702,2018,"Drinking water, Basic service",100.0,,"WHO, UNICEF"
Singapore,702,2018,"Drinking water, Limited",0.0,,"WHO, UNICEF"
Singapore,702,2018,"Drinking water, Unimproved",0.0,,"WHO, UNICEF"
Singapore,702,2018,"Drinking water, Free of contamination",100.0,,"WHO, UNICEF"
Singapore,702,2018,"Drinking water, Safely managed service",100.0,,"WHO, UNICEF"
Singapore,702,2018,"Drinking water, On premises",100.0,,"WHO, UNICEF"
Singapore,702,2018,"Drinking water, Surface water",0.0,,"WHO, UNICEF"
Singapore,702,2018,"Drinking water, Surface water",0.0,,"WHO, UNICEF"
Singapore,702,2018,"Drinking water, Unimproved",0.0,,"WHO, UNICEF"
Singapore,702,2018,"Drinking water, On premises",100.0,,"WHO, UNICEF"
Singapore,702,2018,"Drinking water, Safely managed service",100.0,,"WHO, UNICEF"
Singapore,702,2018,"Drinking water, Basic service",100.0,,"WHO, UNICEF"
Singapore,702,2018,"Drinking water, Limited",0.0,,"WHO, UNICEF"
Singapore,702,2018,"Drinking water, Free of contamination",100.0,,"WHO, UNICEF"
Thailand,764,2018,"Drinking water, Basic service",99.0,,"WHO, UNICEF"
Thailand,764,2018,"Drinking water, At least basic service",99.535606547172,,"WHO, UNICEF"
Thailand,764,2018,"Drinking water, Limited",0.15122179499982,,"WHO, UNICEF"
Thailand,764,2018,"Drinking water, Available",99.188996849219,,"WHO, UNICEF"
Thailand,764,2018,"Drinking water, On premises",99.535606547172,,"WHO, UNICEF"
Thailand,764,2018,"Drinking water, Unimproved",1.71346499389e-06,,"WHO, UNICEF"
Thailand,764,2018,"Drinking water, Surface water",0.31316994436361,,"WHO, UNICEF"
Thailand,764,2018,"Drinking water, Basic service",100.0,,"WHO, UNICEF"
Thailand,764,2018,"Drinking water, Available",99.80894,,"WHO, UNICEF"
Thailand,764,2018,"Drinking water, On premises",99.780566622691,,"WHO, UNICEF"
Thailand,764,2018,"Drinking water, Unimproved",0.0,,"WHO, UNICEF"
Thailand,764,2018,"Drinking water, Surface water",0.0,,"WHO, UNICEF"
Thailand,764,2018,"Drinking water, At least basic service",99.780566622691,,"WHO, UNICEF"
Thailand,764,2018,"Drinking water, Limited",0.21943337730872,,"WHO, UNICEF"
Thailand,764,2018,"Drinking water, Surface water",0.62570168001187,,"WHO, UNICEF"
Thailand,764,2018,"Drinking water, Unimproved",4.66293670343e-15,,"WHO, UNICEF"
Thailand,764,2018,"Drinking water, On premises",99.29114909147,,"WHO, UNICEF"
Thailand,764,2018,"Drinking water, At least basic service",99.29114909147,,"WHO, UNICEF"
Thailand,764,2018,"Drinking water, Basic service",99.0,,"WHO, UNICEF"
Thailand,764,2018,"Drinking water, Limited",0.083149228518219,,"WHO, UNICEF"
Thailand,764,2018,"Drinking water, Available",98.57032049686,,"WHO, UNICEF"
Viet Nam,704,2018,"Drinking water, Basic service",93.0,,"WHO, UNICEF"
Viet Nam,704,2018,"Drinking water, Limited",0.014113410163674,,"WHO, UNICEF"
Viet Nam,704,2018,"Drinking water, Available",90.02710397452,,"WHO, UNICEF"
Viet Nam,704,2018,"Drinking water, Free of contamination",44.626982671628,,"WHO, UNICEF"
Viet Nam,704,2018,"Drinking water, Safely managed service",44.0,,"WHO, UNICEF"
Viet Nam,704,2018,"Drinking water, On premises",93.513738044297,,"WHO, UNICEF"
Viet Nam,704,2018,"Drinking water, Unimproved",5.8551551282728,,"WHO, UNICEF"
Viet Nam,704,2018,"Drinking water, Surface water",0.61699341726694,,"WHO, UNICEF"
Viet Nam,704,2018,"Drinking water, Basic service",95.0,,"WHO, UNICEF"
Viet Nam,704,2018,"Drinking water, Limited",0.16370568948902,,"WHO, UNICEF"
Viet Nam,704,2018,"Drinking water, Available",92.918163068282,,"WHO, UNICEF"
Viet Nam,704,2018,"Drinking water, Free of contamination",55.661608633834,,"WHO, UNICEF"
Viet Nam,704,2018,"Drinking water, Safely managed service",55.0,,"WHO, UNICEF"
Viet Nam,704,2018,"Drinking water, On premises",95.168784867732,,"WHO, UNICEF"
Viet Nam,704,2018,"Drinking water, Unimproved",4.2721338723373,,"WHO, UNICEF"
Viet Nam,704,2018,"Drinking water, Surface water",0.39537557044165,,"WHO, UNICEF"
Viet Nam,704,2018,"Drinking water, On premises",98.121452243947,,"WHO, UNICEF"
Viet Nam,704,2018,"Drinking water, Basic service",98.0,,"WHO, UNICEF"
Viet Nam,704,2018,"Drinking water, Limited",0.43058458906171,,"WHO, UNICEF"
Viet Nam,704,2018,"Drinking water, Available",98.075928382479,,"WHO, UNICEF"
Viet Nam,704,2018,"Drinking water, Free of contamination",75.347841498233,,"WHO, UNICEF"
Viet Nam,704,2018,"Drinking water, Safely managed service",75.0,,"WHO, UNICEF"
Viet Nam,704,2018,"Drinking water, Surface water",0.0,,"WHO, UNICEF"
Viet Nam,704,2018,"Drinking water, Unimproved",1.447963166991,,"WHO, UNICEF"
Brunei Darussalam,96,2019,"Drinking water, Surface water",0.099954660022482,,"WHO, UNICEF"
Brunei Darussalam,96,2019,"Drinking water, At least basic service",99.900045339978,,"WHO, UNICEF"
Brunei Darussalam,96,2019,"Drinking water, Basic service",100.0,,"WHO, UNICEF"
Brunei Darussalam,96,2019,"Drinking water, Limited",0.0,,"WHO, UNICEF"
Brunei Darussalam,96,2019,"Drinking water, On premises",99.819214934732,,"WHO, UNICEF"
Brunei Darussalam,96,2019,"Drinking water, Unimproved",0.0,,"WHO, UNICEF"
Cambodia,116,2019,"Drinking water, Unimproved",5.6636876537665,,"WHO, UNICEF"
Cambodia,116,2019,"Drinking water, Limited",9.162106288317,,"WHO, UNICEF"
Cambodia,116,2019,"Drinking water, Basic service",78.0,,"WHO, UNICEF"
Cambodia,116,2019,"Drinking water, Surface water",9.8374849847919,,"WHO, UNICEF"
Cambodia,116,2019,"Drinking water, Available",74.372139334101,,"WHO, UNICEF"
Cambodia,116,2019,"Drinking water, Free of contamination",27.296209929311,,"WHO, UNICEF"
Cambodia,116,2019,"Drinking water, Safely managed service",27.0,,"WHO, UNICEF"
Cambodia,116,2019,"Drinking water, On premises",47.904988596814,,"WHO, UNICEF"
Cambodia,116,2019,"Drinking water, Basic service",92.0,,"WHO, UNICEF"
Cambodia,116,2019,"Drinking water, Surface water",2.1959786300743,,"WHO, UNICEF"
Cambodia,116,2019,"Drinking water, Unimproved",0.58668876336515,,"WHO, UNICEF"
Cambodia,116,2019,"Drinking water, On premises",69.355624262622,,"WHO, UNICEF"
Cambodia,116,2019,"Drinking water, Safely managed service",55.0,,"WHO, UNICEF"
Cambodia,116,2019,"Drinking water, Free of contamination",55.899966248772,,"WHO, UNICEF"
Cambodia,116,2019,"Drinking water, Available",84.696265140432,,"WHO, UNICEF"
Cambodia,116,2019,"Drinking water, Limited",5.1988420640066,,"WHO, UNICEF"
Cambodia,116,2019,"Drinking water, Available",71.146654019522,,"WHO, UNICEF"
Cambodia,116,2019,"Drinking water, Basic service",73.0,,"WHO, UNICEF"
Cambodia,116,2019,"Drinking water, Limited",10.40031742962,,"WHO, UNICEF"
Cambodia,116,2019,"Drinking water, Free of contamination",18.359764977857,,"WHO, UNICEF"
Cambodia,116,2019,"Drinking water, Safely managed service",18.0,,"WHO, UNICEF"
Cambodia,116,2019,"Drinking water, On premises",41.203336246768,,"WHO, UNICEF"
Cambodia,116,2019,"Drinking water, Unimproved",7.2498548700003,,"WHO, UNICEF"
Cambodia,116,2019,"Drinking water, Surface water",12.2248601394,,"WHO, UNICEF"
Indonesia,360,2019,"Drinking water, Unimproved",2.1603745367183,,"WHO, UNICEF"
Indonesia,360,2019,"Drinking water, Basic service",95.0,,"WHO, UNICEF"
Indonesia,360,2019,"Drinking water, Surface water",0.14303792221395,,"WHO, UNICEF"
Indonesia,360,2019,"Drinking water, Available",89.618979950049,,"WHO, UNICEF"
Indonesia,360,2019,"Drinking water, On premises",73.54549272253,,"WHO, UNICEF"
Indonesia,360,2019,"Drinking water, Safely managed service",34.0,,"WHO, UNICEF"
Indonesia,360,2019,"Drinking water, Free of contamination",34.193805639374,,"WHO, UNICEF"
Indonesia,360,2019,"Drinking water, Limited",0.60545805589595,,"WHO, UNICEF"
Indonesia,360,2019,"Drinking water, Surface water",1.169642827885,,"WHO, UNICEF"
Indonesia,360,2019,"Drinking water, Available",84.342249845085,,"WHO, UNICEF"
Indonesia,360,2019,"Drinking water, Free of contamination",29.43391673942,,"WHO, UNICEF"
Indonesia,360,2019,"Drinking water, Safely managed service",29.0,,"WHO, UNICEF"
Indonesia,360,2019,"Drinking water, Unimproved",6.1625432659174,,"WHO, UNICEF"
Indonesia,360,2019,"Drinking water, On premises",68.27686672293,,"WHO, UNICEF"
Indonesia,360,2019,"Drinking water, Limited",0.85407175145698,,"WHO, UNICEF"
Indonesia,360,2019,"Drinking water, Basic service",89.0,,"WHO, UNICEF"
Indonesia,360,2019,"Drinking water, Unimproved",11.25311009538,,"WHO, UNICEF"
Indonesia,360,2019,"Drinking water, Basic service",81.0,,"WHO, UNICEF"
Indonesia,360,2019,"Drinking water, Limited",1.1702966269836,,"WHO, UNICEF"
Indonesia,360,2019,"Drinking water, Available",77.630501030235,,"WHO, UNICEF"
Indonesia,360,2019,"Drinking water, Free of contamination",23.37956408714,,"WHO, UNICEF"
Indonesia,360,2019,"Drinking water, Safely managed service",23.0,,"WHO, UNICEF"
Indonesia,360,2019,"Drinking water, Surface water",2.475435708532,,"WHO, UNICEF"
Indonesia,360,2019,"Drinking water, On premises",61.575425540358,,"WHO, UNICEF"
Lao People's Democratic Republic,418,2019,"Drinking water, Safely managed service",15.0,,"WHO, UNICEF"
Lao People's Democratic Republic,418,2019,"Drinking water, Surface water",0.91748719570887,,"WHO, UNICEF"
Lao People's Democratic Republic,418,2019,"Drinking water, Unimproved",15.010969596266,,"WHO, UNICEF"
Lao People's Democratic Republic,418,2019,"Drinking water, On premises",76.855674878308,,"WHO, UNICEF"
Lao People's Democratic Republic,418,2019,"Drinking water, Free of contamination",12.381359089869,,"WHO, UNICEF"
Lao People's Democratic Republic,418,2019,"Drinking water, Available",80.194777357536,,"WHO, UNICEF"
Lao People's Democratic Republic,418,2019,"Drinking water, Limited",5.5985837864138,,"WHO, UNICEF"
Lao People's Democratic Republic,418,2019,"Drinking water, Basic service",77.0,,"WHO, UNICEF"
Lao People's Democratic Republic,418,2019,"Drinking water, Safely managed service",22.0,,"WHO, UNICEF"
Lao People's Democratic Republic,418,2019,"Drinking water, On premises",84.059028311334,,"WHO, UNICEF"
Lao People's Democratic Republic,418,2019,"Drinking water, Surface water",0.59044890850909,,"WHO, UNICEF"
Lao People's Democratic Republic,418,2019,"Drinking water, Free of contamination",17.587695967652,,"WHO, UNICEF"
Lao People's Democratic Republic,418,2019,"Drinking water, Basic service",84.0,,"WHO, UNICEF"
Lao People's Democratic Republic,418,2019,"Drinking water, Limited",3.6029687404309,,"WHO, UNICEF"
Lao People's Democratic Republic,418,2019,"Drinking water, Available",85.588091953107,,"WHO, UNICEF"
Lao People's Democratic Republic,418,2019,"Drinking water, Unimproved",10.706750530087,,"WHO, UNICEF"
Lao People's Democratic Republic,418,2019,"Drinking water, Basic service",96.0,,"WHO, UNICEF"
Lao People's Democratic Republic,418,2019,"Drinking water, Available",95.325404496351,,"WHO, UNICEF"
Lao People's Democratic Republic,418,2019,"Drinking water, Limited",0.0,,"WHO, UNICEF"
Lao People's Democratic Republic,418,2019,"Drinking water, Free of contamination",26.987436862545,,"WHO, UNICEF"
Lao People's Democratic Republic,418,2019,"Drinking water, Safely managed service",33.0,,"WHO, UNICEF"
Lao People's Democratic Republic,418,2019,"Drinking water, On premises",97.064262221925,,"WHO, UNICEF"
Lao People's Democratic Republic,418,2019,"Drinking water, Unimproved",2.9357377780748,,"WHO, UNICEF"
Lao People's Democratic Republic,418,2019,"Drinking water, Surface water",0.0,,"WHO, UNICEF"
Malaysia,458,2019,"Drinking water, At least basic service",99.151189936606,,"WHO, UNICEF"
Malaysia,458,2019,"Drinking water, Basic service",99.0,,"WHO, UNICEF"
Malaysia,458,2019,"Drinking water, Limited",0.29834861565679,,"WHO, UNICEF"
Malaysia,458,2019,"Drinking water, On premises",97.261648704113,,"WHO, UNICEF"
Malaysia,458,2019,"Drinking water, Unimproved",0.46046144773698,,"WHO, UNICEF"
Malaysia,458,2019,"Drinking water, Surface water",0.09,,"WHO, UNICEF"
Malaysia,458,2019,"Drinking water, At least basic service",90.341620344162,,"WHO, UNICEF"
Malaysia,458,2019,"Drinking water, Basic service",95.0,,"WHO, UNICEF"
Malaysia,458,2019,"Drinking water, Unimproved",9.1130580038613,,"WHO, UNICEF"
Malaysia,458,2019,"Drinking water, On premises",82.343569448502,,"WHO, UNICEF"
Malaysia,458,2019,"Drinking water, Limited",0.54532165197682,,"WHO, UNICEF"
Malaysia,458,2019,"Drinking water, Basic service",98.0,,"WHO, UNICEF"
Malaysia,458,2019,"Drinking water, Limited",0.35612301701377,,"WHO, UNICEF"
Malaysia,458,2019,"Drinking water, Free of contamination",97.415307564006,,"WHO, UNICEF"
Malaysia,458,2019,"Drinking water, Safely managed service",94.0,,"WHO, UNICEF"
Malaysia,458,2019,"Drinking water, On premises",93.771862554664,,"WHO, UNICEF"
Malaysia,458,2019,"Drinking water, Unimproved",2.5535095590528,,"WHO, UNICEF"
Myanmar,104,2019,"Drinking water, Surface water",4.9136455260047,,"WHO, UNICEF"
Myanmar,104,2019,"Drinking water, Basic service",94.0,,"WHO, UNICEF"
Myanmar,104,2019,"Drinking water, Limited",0.74324123439459,,"WHO, UNICEF"
Myanmar,104,2019,"Drinking water, Available",86.098423338762,,"WHO, UNICEF"
Myanmar,104,2019,"Drinking water, Free of contamination",71.717759957826,,"WHO, UNICEF"
Myanmar,104,2019,"Drinking water, Safely managed service",73.0,,"WHO, UNICEF"
Myanmar,104,2019,"Drinking water, On premises",84.135080943338,,"WHO, UNICEF"
Myanmar,104,2019,"Drinking water, Unimproved",2.3078810486057,,"WHO, UNICEF"
Myanmar,104,2019,"Drinking water, Available",64.592468528816,,"WHO, UNICEF"
Myanmar,104,2019,"Drinking water, Unimproved",8.9646707476661,,"WHO, UNICEF"
Myanmar,104,2019,"Drinking water, On premises",48.529720904235,,"WHO, UNICEF"
Myanmar,104,2019,"Drinking water, Safely managed service",51.0,,"WHO, UNICEF"
Myanmar,104,2019,"Drinking water, Free of contamination",49.304310297144,,"WHO, UNICEF"
Myanmar,104,2019,"Drinking water, Surface water",14.594538093972,,"WHO, UNICEF"
Myanmar,104,2019,"Drinking water, Limited",3.3878818054343,,"WHO, UNICEF"
Myanmar,104,2019,"Drinking water, Basic service",76.0,,"WHO, UNICEF"
Myanmar,104,2019,"Drinking water, Surface water",11.607789165695,,"WHO, UNICEF"
Myanmar,104,2019,"Drinking water, Basic service",82.0,,"WHO, UNICEF"
Myanmar,104,2019,"Drinking water, Limited",2.5719573102107,,"WHO, UNICEF"
Myanmar,104,2019,"Drinking water, Available",71.227485445646,,"WHO, UNICEF"
Myanmar,104,2019,"Drinking water, Free of contamination",56.21930754349,,"WHO, UNICEF"
Myanmar,104,2019,"Drinking water, Safely managed service",58.0,,"WHO, UNICEF"
Myanmar,104,2019,"Drinking water, On premises",59.5146862458,,"WHO, UNICEF"
Myanmar,104,2019,"Drinking water, Unimproved",6.9109181856461,,"WHO, UNICEF"
Philippines,608,2019,"Drinking water, Limited",3.9327473624108,,"WHO, UNICEF"
Philippines,608,2019,"Drinking water, Basic service",91.0,,"WHO, UNICEF"
Philippines,608,2019,"Drinking water, Available",84.053636480708,,"WHO, UNICEF"
Philippines,608,2019,"Drinking water, Free of contamination",34.327730411426,,"WHO, UNICEF"
Philippines,608,2019,"Drinking water, Safely managed service",34.0,,"WHO, UNICEF"
Philippines,608,2019,"Drinking water, On premises",66.153613879295,,"WHO, UNICEF"
Philippines,608,2019,"Drinking water, Unimproved",5.5760261039329,,"WHO, UNICEF"
Philippines,608,2019,"Drinking water, Surface water",0.0,,"WHO, UNICEF"
Philippines,608,2019,"Drinking water, Safely managed service",62.0,,"WHO, UNICEF"
Philippines,608,2019,"Drinking water, Basic service",97.0,,"WHO, UNICEF"
Philippines,608,2019,"Drinking water, Limited",1.6785289284241,,"WHO, UNICEF"
Philippines,608,2019,"Drinking water, Available",88.339100345548,,"WHO, UNICEF"
Philippines,608,2019,"Drinking water, Free of contamination",61.622994324009,,"WHO, UNICEF"
Philippines,608,2019,"Drinking water, On premises",87.302801847748,,"WHO, UNICEF"
Philippines,608,2019,"Drinking water, Unimproved",1.1575056658672,,"WHO, UNICEF"
Philippines,608,2019,"Drinking water, Surface water",0.0,,"WHO, UNICEF"
Philippines,608,2019,"Drinking water, Available",86.074190363205,,"WHO, UNICEF"
Philippines,608,2019,"Drinking water, Surface water",0.0,,"WHO, UNICEF"
Philippines,608,2019,"Drinking water, Unimproved",3.4927373130928,,"WHO, UNICEF"
Philippines,608,2019,"Drinking water, On premises",76.125244933192,,"WHO, UNICEF"
Philippines,608,2019,"Drinking water, Safely managed service",47.0,,"WHO, UNICEF"
Philippines,608,2019,"Drinking water, Free of contamination",47.197174615919,,"WHO, UNICEF"
Philippines,608,2019,"Drinking water, Limited",2.8699059367599,,"WHO, UNICEF"
Philippines,608,2019,"Drinking water, Basic service",94.0,,"WHO, UNICEF"
Singapore,702,2019,"Drinking water, Safely managed service",100.0,,"WHO, UNICEF"
Singapore,702,2019,"Drinking water, Free of contamination",100.0,,"WHO, UNICEF"
Singapore,702,2019,"Drinking water, Surface water",0.0,,"WHO, UNICEF"
Singapore,702,2019,"Drinking water, On premises",100.0,,"WHO, UNICEF"
Singapore,702,2019,"Drinking water, Unimproved",0.0,,"WHO, UNICEF"
Singapore,702,2019,"Drinking water, Limited",0.0,,"WHO, UNICEF"
Singapore,702,2019,"Drinking water, Basic service",100.0,,"WHO, UNICEF"
Singapore,702,2019,"Drinking water, Unimproved",0.0,,"WHO, UNICEF"
Singapore,702,2019,"Drinking water, Basic service",100.0,,"WHO, UNICEF"
Singapore,702,2019,"Drinking water, Limited",0.0,,"WHO, UNICEF"
Singapore,702,2019,"Drinking water, Free of contamination",100.0,,"WHO, UNICEF"
Singapore,702,2019,"Drinking water, Surface water",0.0,,"WHO, UNICEF"
Singapore,702,2019,"Drinking water, On premises",100.0,,"WHO, UNICEF"
Singapore,702,2019,"Drinking water, Safely managed service",100.0,,"WHO, UNICEF"
Thailand,764,2019,"Drinking water, Unimproved",1.79678895051e-06,,"WHO, UNICEF"
Thailand,764,2019,"Drinking water, At least basic service",99.96483136017,,"WHO, UNICEF"
Thailand,764,2019,"Drinking water, Basic service",99.0,,"WHO, UNICEF"
Thailand,764,2019,"Drinking water, Available",99.504224612526,,"WHO, UNICEF"
Thailand,764,2019,"Drinking water, On premises",99.96483136017,,"WHO, UNICEF"
Thailand,764,2019,"Drinking water, Limited",0.0351668430407,,"WHO, UNICEF"
Thailand,764,2019,"Drinking water, Surface water",0.0,,"WHO, UNICEF"
Thailand,764,2019,"Drinking water, Surface water",0.0,,"WHO, UNICEF"
Thailand,764,2019,"Drinking water, Unimproved",0.0,,"WHO, UNICEF"
Thailand,764,2019,"Drinking water, On premises",99.930626437995,,"WHO, UNICEF"
Thailand,764,2019,"Drinking water, Available",99.80894,,"WHO, UNICEF"
Thailand,764,2019,"Drinking water, Limited",0.069373562005268,,"WHO, UNICEF"
Thailand,764,2019,"Drinking water, Basic service",100.0,,"WHO, UNICEF"
Thailand,764,2019,"Drinking water, At least basic service",99.930626437995,,"WHO, UNICEF"
Thailand,764,2019,"Drinking water, At least basic service",100.0,,"WHO, UNICEF"
Thailand,764,2019,"Drinking water, On premises",100.0,,"WHO, UNICEF"
Thailand,764,2019,"Drinking water, Basic service",99.0,,"WHO, UNICEF"
Thailand,764,2019,"Drinking water, Limited",0.0,,"WHO, UNICEF"
Thailand,764,2019,"Drinking water, Available",99.19096,,"WHO, UNICEF"
Thailand,764,2019,"Drinking water, Surface water",0.0,,"WHO, UNICEF"
Thailand,764,2019,"Drinking water, Unimproved",0.0,,"WHO, UNICEF"
Viet Nam,704,2019,"Drinking water, Surface water",0.032355327705773,,"WHO, UNICEF"
Viet Nam,704,2019,"Drinking water, Free of contamination",45.0688518774,,"WHO, UNICEF"
Viet Nam,704,2019,"Drinking water, Safely managed service",45.0,,"WHO, UNICEF"
Viet Nam,704,2019,"Drinking water, On premises",94.453907283593,,"WHO, UNICEF"
Viet Nam,704,2019,"Drinking water, Unimproved",5.5137373887012,,"WHO, UNICEF"
Viet Nam,704,2019,"Drinking water, Basic service",94.0,,"WHO, UNICEF"
Viet Nam,704,2019,"Drinking water, Limited",0.0,,"WHO, UNICEF"
Viet Nam,704,2019,"Drinking water, Available",90.918497533968,,"WHO, UNICEF"
Viet Nam,704,2019,"Drinking water, Unimproved",3.9742028121995,,"WHO, UNICEF"
Viet Nam,704,2019,"Drinking water, Basic service",96.0,,"WHO, UNICEF"
Viet Nam,704,2019,"Drinking water, Surface water",0.020504218486607,,"WHO, UNICEF"
Viet Nam,704,2019,"Drinking water, On premises",95.989053647481,,"WHO, UNICEF"
Viet Nam,704,2019,"Drinking water, Safely managed service",56.0,,"WHO, UNICEF"
Viet Nam,704,2019,"Drinking water, Free of contamination",56.197914249135,,"WHO, UNICEF"
Viet Nam,704,2019,"Drinking water, Available",93.547558243123,,"WHO, UNICEF"
Viet Nam,704,2019,"Drinking water, Limited",0.016239321832634,,"WHO, UNICEF"
Viet Nam,704,2019,"Drinking water, Basic service",98.0,,"WHO, UNICEF"
Viet Nam,704,2019,"Drinking water, Limited",0.044335815932101,,"WHO, UNICEF"
Viet Nam,704,2019,"Drinking water, Available",98.096235714152,,"WHO, UNICEF"
Viet Nam,704,2019,"Drinking water, Free of contamination",75.45288453701,,"WHO, UNICEF"
Viet Nam,704,2019,"Drinking water, Safely managed service",75.0,,"WHO, UNICEF"
Viet Nam,704,2019,"Drinking water, On premises",98.645093213333,,"WHO, UNICEF"
Viet Nam,704,2019,"Drinking water, Unimproved",1.3105709707349,,"WHO, UNICEF"
Viet Nam,704,2019,"Drinking water, Surface water",0.0,,"WHO, UNICEF"
Brunei Darussalam,96,2020,"Drinking water, Surface water",0.099952718556668,,"WHO, UNICEF"
Brunei Darussalam,96,2020,"Drinking water, At least basic service",99.900047281443,,"WHO, UNICEF"
Brunei Darussalam,96,2020,"Drinking water, Basic service",100.0,,"WHO, UNICEF"
Brunei Darussalam,96,2020,"Drinking water, Limited",0.0,,"WHO, UNICEF"
Brunei Darussalam,96,2020,"Drinking water, Unimproved",0.0,,"WHO, UNICEF"
Brunei Darussalam,96,2020,"Drinking water, On premises",99.821754981601,,"WHO, UNICEF"
Cambodia,116,2020,"Drinking water, Free of contamination",18.778995981368,,"WHO, UNICEF"
Cambodia,116,2020,"Drinking water, Limited",11.328389269443,,"WHO, UNICEF"
Cambodia,116,2020,"Drinking water, Basic service",74.0,,"WHO, UNICEF"
Cambodia,116,2020,"Drinking water, On premises",41.178764341901,,"WHO, UNICEF"
Cambodia,116,2020,"Drinking water, Unimproved",6.2468181117888,,"WHO, UNICEF"
Cambodia,116,2020,"Drinking water, Surface water",11.389164426072,,"WHO, UNICEF"
Cambodia,116,2020,"Drinking water, Available",72.771232721756,,"WHO, UNICEF"
Cambodia,116,2020,"Drinking water, Safely managed service",19.0,,"WHO, UNICEF"
Cambodia,116,2020,"Drinking water, Basic service",93.0,,"WHO, UNICEF"
Cambodia,116,2020,"Drinking water, Limited",5.5806096650697,,"WHO, UNICEF"
Cambodia,116,2020,"Drinking water, Available",85.50671206964,,"WHO, UNICEF"
Cambodia,116,2020,"Drinking water, Free of contamination",56.43486534868,,"WHO, UNICEF"
Cambodia,116,2020,"Drinking water, Safely managed service",56.0,,"WHO, UNICEF"
Cambodia,116,2020,"Drinking water, On premises",68.888308195068,,"WHO, UNICEF"
Cambodia,116,2020,"Drinking water, Unimproved",0.12410373213936,,"WHO, UNICEF"
Cambodia,116,2020,"Drinking water, Surface water",1.728304357113,,"WHO, UNICEF"
Cambodia,116,2020,"Drinking water, Safely managed service",28.0,,"WHO, UNICEF"
Cambodia,116,2020,"Drinking water, Surface water",9.0481450617872,,"WHO, UNICEF"
Cambodia,116,2020,"Drinking water, Unimproved",4.76315995534,,"WHO, UNICEF"
Cambodia,116,2020,"Drinking water, On premises",47.893341881464,,"WHO, UNICEF"
Cambodia,116,2020,"Drinking water, Basic service",79.0,,"WHO, UNICEF"
Cambodia,116,2020,"Drinking water, Limited",9.9355875606431,,"WHO, UNICEF"
Cambodia,116,2020,"Drinking water, Available",75.857295633088,,"WHO, UNICEF"
Cambodia,116,2020,"Drinking water, Free of contamination",27.903766635715,,"WHO, UNICEF"
Indonesia,360,2020,"Drinking water, Basic service",89.0,,"WHO, UNICEF"
Indonesia,360,2020,"Drinking water, Surface water",1.0549989739193,,"WHO, UNICEF"
Indonesia,360,2020,"Drinking water, Unimproved",5.4994399087064,,"WHO, UNICEF"
Indonesia,360,2020,"Drinking water, On premises",68.866200595619,,"WHO, UNICEF"
Indonesia,360,2020,"Drinking water, Safely managed service",30.0,,"WHO, UNICEF"
Indonesia,360,2020,"Drinking water, Free of contamination",29.71391557951,,"WHO, UNICEF"
Indonesia,360,2020,"Drinking water, Available",85.057415506715,,"WHO, UNICEF"
Indonesia,360,2020,"Drinking water, Limited",0.85816542240206,,"WHO, UNICEF"
Indonesia,360,2020,"Drinking water, Surface water",0.11469025958981,,"WHO, UNICEF"
Indonesia,360,2020,"Drinking water, Unimproved",1.7730739928712,,"WHO, UNICEF"
Indonesia,360,2020,"Drinking water, On premises",73.85839057202,,"WHO, UNICEF"
Indonesia,360,2020,"Drinking water, Safely managed service",34.0,,"WHO, UNICEF"
Indonesia,360,2020,"Drinking water, Free of contamination",34.339282511639,,"WHO, UNICEF"
Indonesia,360,2020,"Drinking water, Available",90.000262134203,,"WHO, UNICEF"
Indonesia,360,2020,"Drinking water, Limited",0.60803396526352,,"WHO, UNICEF"
Indonesia,360,2020,"Drinking water, Basic service",95.0,,"WHO, UNICEF"
Indonesia,360,2020,"Drinking water, Safely managed service",24.0,,"WHO, UNICEF"
Indonesia,360,2020,"Drinking water, Surface water",2.2833489043633,,"WHO, UNICEF"
Indonesia,360,2020,"Drinking water, Unimproved",10.367294911819,,"WHO, UNICEF"
Indonesia,360,2020,"Drinking water, On premises",62.344767777646,,"WHO, UNICEF"
Indonesia,360,2020,"Drinking water, Free of contamination",23.671675525815,,"WHO, UNICEF"
Indonesia,360,2020,"Drinking water, Available",78.600440300979,,"WHO, UNICEF"
Indonesia,360,2020,"Drinking water, Limited",1.1849186716937,,"WHO, UNICEF"
Indonesia,360,2020,"Drinking water, Basic service",81.0,,"WHO, UNICEF"
Lao People's Democratic Republic,418,2020,"Drinking water, Basic service",86.0,,"WHO, UNICEF"
Lao People's Democratic Republic,418,2020,"Drinking water, Limited",3.5668576247255,,"WHO, UNICEF"
Lao People's Democratic Republic,418,2020,"Drinking water, Available",85.685678085395,,"WHO, UNICEF"
Lao People's Democratic Republic,418,2020,"Drinking water, Free of contamination",17.681903815242,,"WHO, UNICEF"
Lao People's Democratic Republic,418,2020,"Drinking water, Safely managed service",24.0,,"WHO, UNICEF"
Lao People's Democratic Republic,418,2020,"Drinking water, On premises",84.189367384636,,"WHO, UNICEF"
Lao People's Democratic Republic,418,2020,"Drinking water, Unimproved",10.628871963523,,"WHO, UNICEF"
Lao People's Democratic Republic,418,2020,"Drinking water, Surface water",0.58453107508076,,"WHO, UNICEF"
Lao People's Democratic Republic,418,2020,"Drinking water, Free of contamination",12.381359089869,,"WHO, UNICEF"
Lao People's Democratic Republic,418,2020,"Drinking water, Safely managed service",17.0,,"WHO, UNICEF"
Lao People's Democratic Republic,418,2020,"Drinking water, On premises",76.855674878308,,"WHO, UNICEF"
Lao People's Democratic Republic,418,2020,"Drinking water, Unimproved",15.010969596266,,"WHO, UNICEF"
Lao People's Democratic Republic,418,2020,"Drinking water, Surface water",0.91748719570887,,"WHO, UNICEF"
Lao People's Democratic Republic,418,2020,"Drinking water, Basic service",79.0,,"WHO, UNICEF"
Lao People's Democratic Republic,418,2020,"Drinking water, Limited",5.5985837864138,,"WHO, UNICEF"
Lao People's Democratic Republic,418,2020,"Drinking water, Available",80.194777357536,,"WHO, UNICEF"
Lao People's Democratic Republic,418,2020,"Drinking water, Available",95.325404496351,,"WHO, UNICEF"
Lao People's Democratic Republic,418,2020,"Drinking water, Limited",0.0,,"WHO, UNICEF"
Lao People's Democratic Republic,418,2020,"Drinking water, Basic service",98.0,,"WHO, UNICEF"
Lao People's Democratic Republic,418,2020,"Drinking water, Free of contamination",26.987436862545,,"WHO, UNICEF"
Lao People's Democratic Republic,418,2020,"Drinking water, Safely managed service",37.0,,"WHO, UNICEF"
Lao People's Democratic Republic,418,2020,"Drinking water, On premises",97.064262221925,,"WHO, UNICEF"
Lao People's Democratic Republic,418,2020,"Drinking water, Unimproved",2.9357377780748,,"WHO, UNICEF"
Lao People's Democratic Republic,418,2020,"Drinking water, Surface water",0.0,,"WHO, UNICEF"
Malaysia,458,2020,"Drinking water, Surface water",0.09,,"WHO, UNICEF"
Malaysia,458,2020,"Drinking water, Unimproved",0.46857983193278,,"WHO, UNICEF"
Malaysia,458,2020,"Drinking water, On premises",97.25370892437,,"WHO, UNICEF"
Malaysia,458,2020,"Drinking water, Limited",0.2983242605042,,"WHO, UNICEF"
Malaysia,458,2020,"Drinking water, Basic service",99.0,,"WHO, UNICEF"
Malaysia,458,2020,"Drinking water, At least basic service",99.143095907563,,"WHO, UNICEF"
Malaysia,458,2020,"Drinking water, At least basic service",90.197448124402,,"WHO, UNICEF"
Malaysia,458,2020,"Drinking water, Basic service",95.0,,"WHO, UNICEF"
Malaysia,458,2020,"Drinking water, Limited",0.54445139712918,,"WHO, UNICEF"
Malaysia,458,2020,"Drinking water, On premises",82.212160966507,,"WHO, UNICEF"
Malaysia,458,2020,"Drinking water, Unimproved",9.2581004784689,,"WHO, UNICEF"
Malaysia,458,2020,"Drinking water, Safely managed service",94.0,,"WHO, UNICEF"
Malaysia,458,2020,"Drinking water, Unimproved",2.5455497326454,,"WHO, UNICEF"
Malaysia,458,2020,"Drinking water, On premises",93.81822006501,,"WHO, UNICEF"
Malaysia,458,2020,"Drinking water, Limited",0.35453969648802,,"WHO, UNICEF"
Malaysia,458,2020,"Drinking water, Free of contamination",97.454450267355,,"WHO, UNICEF"
Malaysia,458,2020,"Drinking water, Basic service",98.0,,"WHO, UNICEF"
Myanmar,104,2020,"Drinking water, On premises",50.390018919907,,"WHO, UNICEF"
Myanmar,104,2020,"Drinking water, Basic service",78.0,,"WHO, UNICEF"
Myanmar,104,2020,"Drinking water, Surface water",14.335071631206,,"WHO, UNICEF"
Myanmar,104,2020,"Drinking water, Unimproved",8.3668724481606,,"WHO, UNICEF"
Myanmar,104,2020,"Drinking water, Safely managed service",52.0,,"WHO, UNICEF"
Myanmar,104,2020,"Drinking water, Free of contamination",49.857246068809,,"WHO, UNICEF"
Myanmar,104,2020,"Drinking water, Available",65.316857252935,,"WHO, UNICEF"
Myanmar,104,2020,"Drinking water, Limited",2.2182031057773,,"WHO, UNICEF"
Myanmar,104,2020,"Drinking water, Available",86.507817492775,,"WHO, UNICEF"
Myanmar,104,2020,"Drinking water, Basic service",95.0,,"WHO, UNICEF"
Myanmar,104,2020,"Drinking water, Limited",0.0,,"WHO, UNICEF"
Myanmar,104,2020,"Drinking water, Free of contamination",72.05877470034,,"WHO, UNICEF"
Myanmar,104,2020,"Drinking water, Safely managed service",74.0,,"WHO, UNICEF"
Myanmar,104,2020,"Drinking water, On premises",86.005967907452,,"WHO, UNICEF"
Myanmar,104,2020,"Drinking water, Unimproved",1.8977643529288,,"WHO, UNICEF"
Myanmar,104,2020,"Drinking water, Surface water",4.8826047281324,,"WHO, UNICEF"
Myanmar,104,2020,"Drinking water, Surface water",11.391478984794,,"WHO, UNICEF"
Myanmar,104,2020,"Drinking water, Unimproved",6.3523252311639,,"WHO, UNICEF"
Myanmar,104,2020,"Drinking water, On premises",61.481183705065,,"WHO, UNICEF"
Myanmar,104,2020,"Drinking water, Safely managed service",59.0,,"WHO, UNICEF"
Myanmar,104,2020,"Drinking water, Free of contamination",56.771025836646,,"WHO, UNICEF"
Myanmar,104,2020,"Drinking water, Available",71.91593624332,,"WHO, UNICEF"
Myanmar,104,2020,"Drinking water, Limited",1.5274324673346,,"WHO, UNICEF"
Myanmar,104,2020,"Drinking water, Basic service",84.0,,"WHO, UNICEF"
Philippines,608,2020,"Drinking water, Free of contamination",34.54494351068,,"WHO, UNICEF"
Philippines,608,2020,"Drinking water, Safely managed service",35.0,,"WHO, UNICEF"
Philippines,608,2020,"Drinking water, On premises",68.737515198134,,"WHO, UNICEF"
Philippines,608,2020,"Drinking water, Unimproved",4.9785463472472,,"WHO, UNICEF"
Philippines,608,2020,"Drinking water, Basic service",91.0,,"WHO, UNICEF"
Philippines,608,2020,"Drinking water, Limited",3.959520427953,,"WHO, UNICEF"
Philippines,608,2020,"Drinking water, Available",84.658383124124,,"WHO, UNICEF"
Philippines,608,2020,"Drinking water, Surface water",0.0,,"WHO, UNICEF"
Philippines,608,2020,"Drinking water, Safely managed service",48.0,,"WHO, UNICEF"
Philippines,608,2020,"Drinking water, On premises",78.265100703148,,"WHO, UNICEF"
Philippines,608,2020,"Drinking water, Unimproved",3.0932492320034,,"WHO, UNICEF"
Philippines,608,2020,"Drinking water, Surface water",0.0,,"WHO, UNICEF"
Philippines,608,2020,"Drinking water, Free of contamination",47.428127091221,,"WHO, UNICEF"
Philippines,608,2020,"Drinking water, Available",86.460290560962,,"WHO, UNICEF"
Philippines,608,2020,"Drinking water, Limited",2.8555180175982,,"WHO, UNICEF"
Philippines,608,2020,"Drinking water, Basic service",94.0,,"WHO, UNICEF"
Philippines,608,2020,"Drinking water, Surface water",0.0,,"WHO, UNICEF"
Philippines,608,2020,"Drinking water, Unimproved",1.0017965018786,,"WHO, UNICEF"
Philippines,608,2020,"Drinking water, On premises",88.834516088101,,"WHO, UNICEF"
Philippines,608,2020,"Drinking water, Safely managed service",62.0,,"WHO, UNICEF"
Philippines,608,2020,"Drinking water, Basic service",97.0,,"WHO, UNICEF"
Philippines,608,2020,"Drinking water, Limited",1.6307943853235,,"WHO, UNICEF"
Philippines,608,2020,"Drinking water, Available",88.459234972538,,"WHO, UNICEF"
Philippines,608,2020,"Drinking water, Free of contamination",61.72007063712,,"WHO, UNICEF"
Singapore,702,2020,"Drinking water, Free of contamination",100.0,,"WHO, UNICEF"
Singapore,702,2020,"Drinking water, Surface water",0.0,,"WHO, UNICEF"
Singapore,702,2020,"Drinking water, Unimproved",0.0,,"WHO, UNICEF"
Singapore,702,2020,"Drinking water, On premises",100.0,,"WHO, UNICEF"
Singapore,702,2020,"Drinking water, Safely managed service",100.0,,"WHO, UNICEF"
Singapore,702,2020,"Drinking water, Basic service",100.0,,"WHO, UNICEF"
Singapore,702,2020,"Drinking water, Limited",0.0,,"WHO, UNICEF"
Singapore,702,2020,"Drinking water, Basic service",100.0,,"WHO, UNICEF"
Singapore,702,2020,"Drinking water, Surface water",0.0,,"WHO, UNICEF"
Singapore,702,2020,"Drinking water, Unimproved",0.0,,"WHO, UNICEF"
Singapore,702,2020,"Drinking water, On premises",100.0,,"WHO, UNICEF"
Singapore,702,2020,"Drinking water, Safely managed service",100.0,,"WHO, UNICEF"
Singapore,702,2020,"Drinking water, Free of contamination",100.0,,"WHO, UNICEF"
Singapore,702,2020,"Drinking water, Limited",0.0,,"WHO, UNICEF"
Thailand,764,2020,"Drinking water, Unimproved",0.0,,"WHO, UNICEF"
Thailand,764,2020,"Drinking water, Surface water",0.0,,"WHO, UNICEF"
Thailand,764,2020,"Drinking water, On premises",100.0,,"WHO, UNICEF"
Thailand,764,2020,"Drinking water, Available",99.19096,,"WHO, UNICEF"
Thailand,764,2020,"Drinking water, Limited",0.0,,"WHO, UNICEF"
Thailand,764,2020,"Drinking water, Basic service",99.0,,"WHO, UNICEF"
Thailand,764,2020,"Drinking water, At least basic service",100.0,,"WHO, UNICEF"
Thailand,764,2020,"Drinking water, Limited",0.0,,"WHO, UNICEF"
Thailand,764,2020,"Drinking water, Surface water",0.0,,"WHO, UNICEF"
Thailand,764,2020,"Drinking water, Unimproved",0.0,,"WHO, UNICEF"
Thailand,764,2020,"Drinking water, On premises",100.0,,"WHO, UNICEF"
Thailand,764,2020,"Drinking water, Available",99.80894,,"WHO, UNICEF"
Thailand,764,2020,"Drinking water, Basic service",100.0,,"WHO, UNICEF"
Thailand,764,2020,"Drinking water, At least basic service",100.0,,"WHO, UNICEF"
Thailand,764,2020,"Drinking water, At least basic service",100.0,,"WHO, UNICEF"
Thailand,764,2020,"Drinking water, Basic service",99.0,,"WHO, UNICEF"
Thailand,764,2020,"Drinking water, Limited",0.0,,"WHO, UNICEF"
Thailand,764,2020,"Drinking water, Available",99.508787197264,,"WHO, UNICEF"
Thailand,764,2020,"Drinking water, On premises",100.0,,"WHO, UNICEF"
Thailand,764,2020,"Drinking water, Unimproved",0.0,,"WHO, UNICEF"
Thailand,764,2020,"Drinking water, Surface water",0.0,,"WHO, UNICEF"
Viet Nam,704,2020,"Drinking water, Free of contamination",45.510721083171,,"WHO, UNICEF"
Viet Nam,704,2020,"Drinking water, Available",91.809891093416,,"WHO, UNICEF"
Viet Nam,704,2020,"Drinking water, Limited",0.0,,"WHO, UNICEF"
Viet Nam,704,2020,"Drinking water, Safely managed service",45.0,,"WHO, UNICEF"
Viet Nam,704,2020,"Drinking water, On premises",95.379963112726,,"WHO, UNICEF"
Viet Nam,704,2020,"Drinking water, Unimproved",4.6200368872744,,"WHO, UNICEF"
Viet Nam,704,2020,"Drinking water, Surface water",0.0,,"WHO, UNICEF"
Viet Nam,704,2020,"Drinking water, Basic service",95.0,,"WHO, UNICEF"
Viet Nam,704,2020,"Drinking water, On premises",96.667022474646,,"WHO, UNICEF"
Viet Nam,704,2020,"Drinking water, Basic service",96.0,,"WHO, UNICEF"
Viet Nam,704,2020,"Drinking water, Limited",0.0,,"WHO, UNICEF"
Viet Nam,704,2020,"Drinking water, Available",94.164676405662,,"WHO, UNICEF"
Viet Nam,704,2020,"Drinking water, Free of contamination",56.730349822191,,"WHO, UNICEF"
Viet Nam,704,2020,"Drinking water, Safely managed service",57.0,,"WHO, UNICEF"
Viet Nam,704,2020,"Drinking water, Unimproved",3.3329775253544,,"WHO, UNICEF"
Viet Nam,704,2020,"Drinking water, Surface water",0.0,,"WHO, UNICEF"
Viet Nam,704,2020,"Drinking water, Basic service",99.0,,"WHO, UNICEF"
Viet Nam,704,2020,"Drinking water, Limited",0.0,,"WHO, UNICEF"
Viet Nam,704,2020,"Drinking water, Available",98.116218890477,,"WHO, UNICEF"
Viet Nam,704,2020,"Drinking water, Free of contamination",75.557927575787,,"WHO, UNICEF"
Viet Nam,704,2020,"Drinking water, Surface water",0.0,,"WHO, UNICEF"
Viet Nam,704,2020,"Drinking water, Unimproved",1.1731787744788,,"WHO, UNICEF"
Viet Nam,704,2020,"Drinking water, On premises",98.826821225521,,"WHO, UNICEF"
Viet Nam,704,2020,"Drinking water, Safely managed service",75.0,,"WHO, UNICEF"
Brunei Darussalam,96,2021,"Drinking water, Surface water",0.099950777166272,,"WHO, UNICEF"
Brunei Darussalam,96,2021,"Drinking water, Unimproved",0.0,,"WHO, UNICEF"
Brunei Darussalam,96,2021,"Drinking water, On premises",99.824295028493,,"WHO, UNICEF"
Brunei Darussalam,96,2021,"Drinking water, Limited",0.0,,"WHO, UNICEF"
Brunei Darussalam,96,2021,"Drinking water, At least basic service",99.900049222834,,"WHO, UNICEF"
Brunei Darussalam,96,2021,"Drinking water, Basic service",100.0,,"WHO, UNICEF"
Cambodia,116,2021,"Drinking water, Basic service",75.0,,"WHO, UNICEF"
Cambodia,116,2021,"Drinking water, Limited",12.287295151076,,"WHO, UNICEF"
Cambodia,116,2021,"Drinking water, Available",74.39581142399,,"WHO, UNICEF"
Cambodia,116,2021,"Drinking water, Free of contamination",19.198226984879,,"WHO, UNICEF"
Cambodia,116,2021,"Drinking water, Safely managed service",19.0,,"WHO, UNICEF"
Cambodia,116,2021,"Drinking water, On premises",41.111087553083,,"WHO, UNICEF"
Cambodia,116,2021,"Drinking water, Surface water",10.553468712744,,"WHO, UNICEF"
Cambodia,116,2021,"Drinking water, Unimproved",5.2437813535769,,"WHO, UNICEF"
Cambodia,116,2021,"Drinking water, Basic service",93.0,,"WHO, UNICEF"
Cambodia,116,2021,"Drinking water, Limited",5.9485364761452,,"WHO, UNICEF"
Cambodia,116,2021,"Drinking water, Available",86.025977153826,,"WHO, UNICEF"
Cambodia,116,2021,"Drinking water, Free of contamination",56.777582948235,,"WHO, UNICEF"
Cambodia,116,2021,"Drinking water, Safely managed service",56.0,,"WHO, UNICEF"
Cambodia,116,2021,"Drinking water, Surface water",1.2563774813313,,"WHO, UNICEF"
Cambodia,116,2021,"Drinking water, On premises",68.168814383403,,"WHO, UNICEF"
Cambodia,116,2021,"Drinking water, Unimproved",0.0,,"WHO, UNICEF"
Cambodia,116,2021,"Drinking water, On premises",47.785688455851,,"WHO, UNICEF"
Cambodia,116,2021,"Drinking water, Basic service",80.0,,"WHO, UNICEF"
Cambodia,116,2021,"Drinking water, Limited",10.7236502179,,"WHO, UNICEF"
Cambodia,116,2021,"Drinking water, Available",77.264741732014,,"WHO, UNICEF"
Cambodia,116,2021,"Drinking water, Free of contamination",28.468303250291,,"WHO, UNICEF"
Cambodia,116,2021,"Drinking water, Safely managed service",28.0,,"WHO, UNICEF"
Cambodia,116,2021,"Drinking water, Unimproved",3.9502441932835,,"WHO, UNICEF"
Cambodia,116,2021,"Drinking water, Surface water",8.2600622439727,,"WHO, UNICEF"
Indonesia,360,2021,"Drinking water, Free of contamination",34.484759383904,,"WHO, UNICEF"
Indonesia,360,2021,"Drinking water, Safely managed service",35.0,,"WHO, UNICEF"
Indonesia,360,2021,"Drinking water, Available",90.381544318356,,"WHO, UNICEF"
Indonesia,360,2021,"Drinking water, Limited",0.61060987463109,,"WHO, UNICEF"
Indonesia,360,2021,"Drinking water, Surface water",0.086342596965672,,"WHO, UNICEF"
Indonesia,360,2021,"Drinking water, Unimproved",1.3857734490242,,"WHO, UNICEF"
Indonesia,360,2021,"Drinking water, Basic service",95.0,,"WHO, UNICEF"
Indonesia,360,2021,"Drinking water, On premises",74.171288421511,,"WHO, UNICEF"
Indonesia,360,2021,"Drinking water, Basic service",89.0,,"WHO, UNICEF"
Indonesia,360,2021,"Drinking water, On premises",69.448768518358,,"WHO, UNICEF"
Indonesia,360,2021,"Drinking water, Limited",0.86214225604649,,"WHO, UNICEF"
Indonesia,360,2021,"Drinking water, Available",85.764097108604,,"WHO, UNICEF"
Indonesia,360,2021,"Drinking water, Free of contamination",29.991252441121,,"WHO, UNICEF"
Indonesia,360,2021,"Drinking water, Safely managed service",30.0,,"WHO, UNICEF"
Indonesia,360,2021,"Drinking water, Surface water",0.94264374973083,,"WHO, UNICEF"
Indonesia,360,2021,"Drinking water, Unimproved",4.8434481748919,,"WHO, UNICEF"
Indonesia,360,2021,"Drinking water, Safely managed service",24.0,,"WHO, UNICEF"
Indonesia,360,2021,"Drinking water, Surface water",2.0912621001946,,"WHO, UNICEF"
Indonesia,360,2021,"Drinking water, Unimproved",9.4814797282568,,"WHO, UNICEF"
Indonesia,360,2021,"Drinking water, On premises",63.114110014934,,"WHO, UNICEF"
Indonesia,360,2021,"Drinking water, Free of contamination",23.96378696449,,"WHO, UNICEF"
Indonesia,360,2021,"Drinking water, Available",79.570379571723,,"WHO, UNICEF"
Indonesia,360,2021,"Drinking water, Limited",1.1995407164038,,"WHO, UNICEF"
Indonesia,360,2021,"Drinking water, Basic service",81.0,,"WHO, UNICEF"
Lao People's Democratic Republic,418,2021,"Drinking water, Unimproved",15.010969596266,,"WHO, UNICEF"
Lao People's Democratic Republic,418,2021,"Drinking water, Free of contamination",12.381359089869,,"WHO, UNICEF"
Lao People's Democratic Republic,418,2021,"Drinking water, Available",80.194777357536,,"WHO, UNICEF"
Lao People's Democratic Republic,418,2021,"Drinking water, Limited",5.5985837864138,,"WHO, UNICEF"
Lao People's Democratic Republic,418,2021,"Drinking water, Basic service",81.0,,"WHO, UNICEF"
Lao People's Democratic Republic,418,2021,"Drinking water, Safely managed service",19.0,,"WHO, UNICEF"
Lao People's Democratic Republic,418,2021,"Drinking water, On premises",76.855674878308,,"WHO, UNICEF"
Lao People's Democratic Republic,418,2021,"Drinking water, Surface water",0.91748719570887,,"WHO, UNICEF"
Lao People's Democratic Republic,418,2021,"Drinking water, Basic service",88.0,,"WHO, UNICEF"
Lao People's Democratic Republic,418,2021,"Drinking water, Limited",3.530522730511,,"WHO, UNICEF"
Lao People's Democratic Republic,418,2021,"Drinking water, Available",85.783878753224,,"WHO, UNICEF"
Lao People's Democratic Republic,418,2021,"Drinking water, Free of contamination",17.776698237882,,"WHO, UNICEF"
Lao People's Democratic Republic,418,2021,"Drinking water, Safely managed service",27.0,,"WHO, UNICEF"
Lao People's Democratic Republic,418,2021,"Drinking water, On premises",84.320524140336,,"WHO, UNICEF"
Lao People's Democratic Republic,418,2021,"Drinking water, Unimproved",10.550500809308,,"WHO, UNICEF"
Lao People's Democratic Republic,418,2021,"Drinking water, Surface water",0.57857656917874,,"WHO, UNICEF"
Lao People's Democratic Republic,418,2021,"Drinking water, Surface water",0.0,,"WHO, UNICEF"
Lao People's Democratic Republic,418,2021,"Drinking water, Unimproved",2.9357377780748,,"WHO, UNICEF"
Lao People's Democratic Republic,418,2021,"Drinking water, On premises",97.064262221925,,"WHO, UNICEF"
Lao People's Democratic Republic,418,2021,"Drinking water, Safely managed service",40.0,,"WHO, UNICEF"
Lao People's Democratic Republic,418,2021,"Drinking water, Free of contamination",26.987436862545,,"WHO, UNICEF"
Lao People's Democratic Republic,418,2021,"Drinking water, Available",95.325404496351,,"WHO, UNICEF"
Lao People's Democratic Republic,418,2021,"Drinking water, Limited",0.0,,"WHO, UNICEF"
Lao People's Democratic Republic,418,2021,"Drinking water, Basic service",98.0,,"WHO, UNICEF"
Malaysia,458,2021,"Drinking water, Unimproved",9.4031429530764,,"WHO, UNICEF"
Malaysia,458,2021,"Drinking water, On premises",82.080752484513,,"WHO, UNICEF"
Malaysia,458,2021,"Drinking water, Limited",0.54358114228152,,"WHO, UNICEF"
Malaysia,458,2021,"Drinking water, Basic service",95.0,,"WHO, UNICEF"
Malaysia,458,2021,"Drinking water, At least basic service",90.053275904642,,"WHO, UNICEF"
Malaysia,458,2021,"Drinking water, Unimproved",2.5375757700059,,"WHO, UNICEF"
Malaysia,458,2021,"Drinking water, On premises",93.863366928808,,"WHO, UNICEF"
Malaysia,458,2021,"Drinking water, Safely managed service",94.0,,"WHO, UNICEF"
Malaysia,458,2021,"Drinking water, Free of contamination",97.462424229994,,"WHO, UNICEF"
Malaysia,458,2021,"Drinking water, Limited",0.35300743802858,,"WHO, UNICEF"
Malaysia,458,2021,"Drinking water, Basic service",98.0,,"WHO, UNICEF"
Malaysia,458,2021,"Drinking water, Surface water",0.09,,"WHO, UNICEF"
Malaysia,458,2021,"Drinking water, Unimproved",0.47669821612854,,"WHO, UNICEF"
Malaysia,458,2021,"Drinking water, On premises",97.245769144626,,"WHO, UNICEF"
Malaysia,458,2021,"Drinking water, At least basic service",99.13500187852,,"WHO, UNICEF"
Malaysia,458,2021,"Drinking water, Basic service",99.0,,"WHO, UNICEF"
Malaysia,458,2021,"Drinking water, Limited",0.29829990535161,,"WHO, UNICEF"
Myanmar,104,2021,"Drinking water, Surface water",11.174829114994,,"WHO, UNICEF"
Myanmar,104,2021,"Drinking water, Unimproved",5.7936877751222,,"WHO, UNICEF"
Myanmar,104,2021,"Drinking water, On premises",63.478541692554,,"WHO, UNICEF"
Myanmar,104,2021,"Drinking water, Safely managed service",60.0,,"WHO, UNICEF"
Myanmar,104,2021,"Drinking water, Free of contamination",57.32547562589,,"WHO, UNICEF"
Myanmar,104,2021,"Drinking water, Available",72.606322201768,,"WHO, UNICEF"
Myanmar,104,2021,"Drinking water, Limited",0.70042138515924,,"WHO, UNICEF"
Myanmar,104,2021,"Drinking water, Basic service",86.0,,"WHO, UNICEF"
Myanmar,104,2021,"Drinking water, On premises",87.890776123361,,"WHO, UNICEF"
Myanmar,104,2021,"Drinking water, Basic service",96.0,,"WHO, UNICEF"
Myanmar,104,2021,"Drinking water, Limited",0.0,,"WHO, UNICEF"
Myanmar,104,2021,"Drinking water, Surface water",4.85156393026,,"WHO, UNICEF"
Myanmar,104,2021,"Drinking water, Available",86.917211646789,,"WHO, UNICEF"
Myanmar,104,2021,"Drinking water, Free of contamination",72.399789442853,,"WHO, UNICEF"
Myanmar,104,2021,"Drinking water, Unimproved",1.487647657252,,"WHO, UNICEF"
Myanmar,104,2021,"Drinking water, Safely managed service",74.0,,"WHO, UNICEF"
Myanmar,104,2021,"Drinking water, Surface water",14.07560516844,,"WHO, UNICEF"
Myanmar,104,2021,"Drinking water, Unimproved",7.769074148655,,"WHO, UNICEF"
Myanmar,104,2021,"Drinking water, On premises",52.279507902508,,"WHO, UNICEF"
Myanmar,104,2021,"Drinking water, Safely managed service",53.0,,"WHO, UNICEF"
Myanmar,104,2021,"Drinking water, Free of contamination",50.410181840474,,"WHO, UNICEF"
Myanmar,104,2021,"Drinking water, Available",66.041245977055,,"WHO, UNICEF"
Myanmar,104,2021,"Drinking water, Limited",1.0217373035268,,"WHO, UNICEF"
Myanmar,104,2021,"Drinking water, Basic service",81.0,,"WHO, UNICEF"
Philippines,608,2021,"Drinking water, Surface water",0.0,,"WHO, UNICEF"
Philippines,608,2021,"Drinking water, Unimproved",0.84608733788997,,"WHO, UNICEF"
Philippines,608,2021,"Drinking water, On premises",90.37061600809,,"WHO, UNICEF"
Philippines,608,2021,"Drinking water, Safely managed service",62.0,,"WHO, UNICEF"
Philippines,608,2021,"Drinking water, Free of contamination",61.817146950231,,"WHO, UNICEF"
Philippines,608,2021,"Drinking water, Available",88.579309742373,,"WHO, UNICEF"
Philippines,608,2021,"Drinking water, Limited",1.5829013658781,,"WHO, UNICEF"
Philippines,608,2021,"Drinking water, Basic service",98.0,,"WHO, UNICEF"
Philippines,608,2021,"Drinking water, Surface water",0.0,,"WHO, UNICEF"
Philippines,608,2021,"Drinking water, Unimproved",4.3810665905612,,"WHO, UNICEF"
Philippines,608,2021,"Drinking water, On premises",71.348646713491,,"WHO, UNICEF"
Philippines,608,2021,"Drinking water, Safely managed service",35.0,,"WHO, UNICEF"
Philippines,608,2021,"Drinking water, Free of contamination",34.762156609933,,"WHO, UNICEF"
Philippines,608,2021,"Drinking water, Available",85.264046365202,,"WHO, UNICEF"
Philippines,608,2021,"Drinking water, Limited",3.9863172376921,,"WHO, UNICEF"
Philippines,608,2021,"Drinking water, Basic service",92.0,,"WHO, UNICEF"
Philippines,608,2021,"Drinking water, Basic service",95.0,,"WHO, UNICEF"
Philippines,608,2021,"Drinking water, Unimproved",2.6954469877955,,"WHO, UNICEF"
Philippines,608,2021,"Drinking water, Limited",2.8402724238938,,"WHO, UNICEF"
Philippines,608,2021,"Drinking water, Available",86.844896639089,,"WHO, UNICEF"
Philippines,608,2021,"Drinking water, Free of contamination",47.663058172819,,"WHO, UNICEF"
Philippines,608,2021,"Drinking water, Safely managed service",48.0,,"WHO, UNICEF"
Philippines,608,2021,"Drinking water, Surface water",0.0,,"WHO, UNICEF"
Philippines,608,2021,"Drinking water, On premises",80.419082581633,,"WHO, UNICEF"
Singapore,702,2021,"Drinking water, Surface water",0.0,,"WHO, UNICEF"
Singapore,702,2021,"Drinking water, Unimproved",0.0,,"WHO, UNICEF"
Singapore,702,2021,"Drinking water, On premises",100.0,,"WHO, UNICEF"
Singapore,702,2021,"Drinking water, Safely managed service",100.0,,"WHO, UNICEF"
Singapore,702,2021,"Drinking water, Free of contamination",100.0,,"WHO, UNICEF"
Singapore,702,2021,"Drinking water, Limited",0.0,,"WHO, UNICEF"
Singapore,702,2021,"Drinking water, Basic service",100.0,,"WHO, UNICEF"
Singapore,702,2021,"Drinking water, Surface water",0.0,,"WHO, UNICEF"
Singapore,702,2021,"Drinking water, Basic service",100.0,,"WHO, UNICEF"
Singapore,702,2021,"Drinking water, Limited",0.0,,"WHO, UNICEF"
Singapore,702,2021,"Drinking water, Free of contamination",100.0,,"WHO, UNICEF"
Singapore,702,2021,"Drinking water, Safely managed service",100.0,,"WHO, UNICEF"
Singapore,702,2021,"Drinking water, On premises",100.0,,"WHO, UNICEF"
Singapore,702,2021,"Drinking water, Unimproved",0.0,,"WHO, UNICEF"
Thailand,764,2021,"Drinking water, Unimproved",0.0,,"WHO, UNICEF"
Thailand,764,2021,"Drinking water, At least basic service",100.0,,"WHO, UNICEF"
Thailand,764,2021,"Drinking water, Basic service",100.0,,"WHO, UNICEF"
Thailand,764,2021,"Drinking water, Limited",0.0,,"WHO, UNICEF"
Thailand,764,2021,"Drinking water, Available",99.19096,,"WHO, UNICEF"
Thailand,764,2021,"Drinking water, On premises",100.0,,"WHO, UNICEF"
Thailand,764,2021,"Drinking water, Surface water",0.0,,"WHO, UNICEF"
Thailand,764,2021,"Drinking water, Surface water",0.0,,"WHO, UNICEF"
Thailand,764,2021,"Drinking water, Basic service",100.0,,"WHO, UNICEF"
Thailand,764,2021,"Drinking water, At least basic service",99.999997992349,,"WHO, UNICEF"
Thailand,764,2021,"Drinking water, Unimproved",2.00765063596e-06,,"WHO, UNICEF"
Thailand,764,2021,"Drinking water, On premises",99.999997992349,,"WHO, UNICEF"
Thailand,764,2021,"Drinking water, Available",99.513314897799,,"WHO, UNICEF"
Thailand,764,2021,"Drinking water, Limited",0.0,,"WHO, UNICEF"
Thailand,764,2021,"Drinking water, Basic service",100.0,,"WHO, UNICEF"
Thailand,764,2021,"Drinking water, Limited",0.0,,"WHO, UNICEF"
Thailand,764,2021,"Drinking water, At least basic service",100.0,,"WHO, UNICEF"
Thailand,764,2021,"Drinking water, Surface water",0.0,,"WHO, UNICEF"
Thailand,764,2021,"Drinking water, Unimproved",0.0,,"WHO, UNICEF"
Thailand,764,2021,"Drinking water, On premises",100.0,,"WHO, UNICEF"
Thailand,764,2021,"Drinking water, Available",99.80894,,"WHO, UNICEF"
Viet Nam,704,2021,"Drinking water, Basic service",96.0,,"WHO, UNICEF"
Viet Nam,704,2021,"Drinking water, Surface water",0.0,,"WHO, UNICEF"
Viet Nam,704,2021,"Drinking water, Unimproved",3.6939810581418,,"WHO, UNICEF"
Viet Nam,704,2021,"Drinking water, Limited",0.0,,"WHO, UNICEF"
Viet Nam,704,2021,"Drinking water, Available",92.701284652864,,"WHO, UNICEF"
Viet Nam,704,2021,"Drinking water, Free of contamination",45.952590288942,,"WHO, UNICEF"
Viet Nam,704,2021,"Drinking water, Safely managed service",46.0,,"WHO, UNICEF"
Viet Nam,704,2021,"Drinking water, On premises",96.306018941858,,"WHO, UNICEF"
Viet Nam,704,2021,"Drinking water, Surface water",0.0,,"WHO, UNICEF"
Viet Nam,704,2021,"Drinking water, Basic service",97.0,,"WHO, UNICEF"
Viet Nam,704,2021,"Drinking water, Limited",0.0,,"WHO, UNICEF"
Viet Nam,704,2021,"Drinking water, Available",94.769254329011,,"WHO, UNICEF"
Viet Nam,704,2021,"Drinking water, Free of contamination",57.257982470898,,"WHO, UNICEF"
Viet Nam,704,2021,"Drinking water, Safely managed service",57.0,,"WHO, UNICEF"
Viet Nam,704,2021,"Drinking water, On premises",97.317513383079,,"WHO, UNICEF"
Viet Nam,704,2021,"Drinking water, Unimproved",2.6824866169214,,"WHO, UNICEF"
Viet Nam,704,2021,"Drinking water, Safely managed service",76.0,,"WHO, UNICEF"
Viet Nam,704,2021,"Drinking water, Basic service",99.0,,"WHO, UNICEF"
Viet Nam,704,2021,"Drinking water, Limited",0.0,,"WHO, UNICEF"
Viet Nam,704,2021,"Drinking water, Surface water",0.0,,"WHO, UNICEF"
Viet Nam,704,2021,"Drinking water, Unimproved",1.0357865782227,,"WHO, UNICEF"
Viet Nam,704,2021,"Drinking water, On premises",98.964213421777,,"WHO, UNICEF"
Viet Nam,704,2021,"Drinking water, Available",98.135877911455,,"WHO, UNICEF"
Viet Nam,704,2021,"Drinking water, Free of contamination",75.662970614564,,"WHO, UNICEF"
Brunei Darussalam,96,2022,"Drinking water, Basic service",100.0,,"WHO, UNICEF"
Brunei Darussalam,96,2022,"Drinking water, Limited",0.0,,"WHO, UNICEF"
Brunei Darussalam,96,2022,"Drinking water, On premises",99.826835075409,,"WHO, UNICEF"
Brunei Darussalam,96,2022,"Drinking water, Unimproved",0.0,,"WHO, UNICEF"
Brunei Darussalam,96,2022,"Drinking water, At least basic service",99.900051164149,,"WHO, UNICEF"
Brunei Darussalam,96,2022,"Drinking water, Surface water",0.09994883585129,,"WHO, UNICEF"
Cambodia,116,2022,"Drinking water, On premises",47.751840390878,,"WHO, UNICEF"
Cambodia,116,2022,"Drinking water, Limited",11.540521666938,,"WHO, UNICEF"
Cambodia,116,2022,"Drinking water, Safely managed service",29.0,,"WHO, UNICEF"
Cambodia,116,2022,"Drinking water, Unimproved",3.1757224087161,,"WHO, UNICEF"
Cambodia,116,2022,"Drinking water, Surface water",7.2772517441805,,"WHO, UNICEF"
Cambodia,116,2022,"Drinking water, Free of contamination",29.131279569715,,"WHO, UNICEF"
Cambodia,116,2022,"Drinking water, Available",78.808082954878,,"WHO, UNICEF"
Cambodia,116,2022,"Drinking water, Basic service",81.0,,"WHO, UNICEF"
Cambodia,116,2022,"Drinking water, On premises",67.883853160227,,"WHO, UNICEF"
Cambodia,116,2022,"Drinking water, Surface water",0.0,,"WHO, UNICEF"
Cambodia,116,2022,"Drinking water, Unimproved",0.0,,"WHO, UNICEF"
Cambodia,116,2022,"Drinking water, Safely managed service",57.0,,"WHO, UNICEF"
Cambodia,116,2022,"Drinking water, Free of contamination",57.5,,"WHO, UNICEF"
Cambodia,116,2022,"Drinking water, Available",87.12054,,"WHO, UNICEF"
Cambodia,116,2022,"Drinking water, Limited",6.3625105152242,,"WHO, UNICEF"
Cambodia,116,2022,"Drinking water, Basic service",94.0,,"WHO, UNICEF"
Cambodia,116,2022,"Drinking water, Safely managed service",20.0,,"WHO, UNICEF"
Cambodia,116,2022,"Drinking water, Free of contamination",19.61745798839,,"WHO, UNICEF"
Cambodia,116,2022,"Drinking water, Available",76.020390126225,,"WHO, UNICEF"
Cambodia,116,2022,"Drinking water, Limited",13.277035074521,,"WHO, UNICEF"
Cambodia,116,2022,"Drinking water, Basic service",77.0,,"WHO, UNICEF"
Cambodia,116,2022,"Drinking water, On premises",41.000305880315,,"WHO, UNICEF"
Cambodia,116,2022,"Drinking water, Unimproved",4.240744595365,,"WHO, UNICEF"
Cambodia,116,2022,"Drinking water, Surface water",9.7177729994169,,"WHO, UNICEF"
Indonesia,360,2022,"Drinking water, Limited",0.86599276366173,,"WHO, UNICEF"
Indonesia,360,2022,"Drinking water, Surface water",0.83250589921934,,"WHO, UNICEF"
Indonesia,360,2022,"Drinking water, Unimproved",4.1943087834382,,"WHO, UNICEF"
Indonesia,360,2022,"Drinking water, On premises",70.024880471612,,"WHO, UNICEF"
Indonesia,360,2022,"Drinking water, Safely managed service",30.0,,"WHO, UNICEF"
Indonesia,360,2022,"Drinking water, Available",86.462625229335,,"WHO, UNICEF"
Indonesia,360,2022,"Drinking water, Basic service",90.0,,"WHO, UNICEF"
Indonesia,360,2022,"Drinking water, Free of contamination",30.266166715147,,"WHO, UNICEF"
Indonesia,360,2022,"Drinking water, Basic service",95.0,,"WHO, UNICEF"
Indonesia,360,2022,"Drinking water, Available",90.76282650251,,"WHO, UNICEF"
Indonesia,360,2022,"Drinking water, Free of contamination",34.630236256168,,"WHO, UNICEF"
Indonesia,360,2022,"Drinking water, Safely managed service",35.0,,"WHO, UNICEF"
Indonesia,360,2022,"Drinking water, On premises",74.484186271001,,"WHO, UNICEF"
Indonesia,360,2022,"Drinking water, Surface water",0.057994934341529,,"WHO, UNICEF"
Indonesia,360,2022,"Drinking water, Unimproved",0.9984729051771,,"WHO, UNICEF"
Indonesia,360,2022,"Drinking water, Limited",0.61318578399866,,"WHO, UNICEF"
Indonesia,360,2022,"Drinking water, Basic service",82.0,,"WHO, UNICEF"
Indonesia,360,2022,"Drinking water, Limited",1.2141627611139,,"WHO, UNICEF"
Indonesia,360,2022,"Drinking water, Available",80.540318842468,,"WHO, UNICEF"
Indonesia,360,2022,"Drinking water, Free of contamination",24.255898403165,,"WHO, UNICEF"
Indonesia,360,2022,"Drinking water, Safely managed service",24.0,,"WHO, UNICEF"
Indonesia,360,2022,"Drinking water, On premises",63.883452252222,,"WHO, UNICEF"
Indonesia,360,2022,"Drinking water, Unimproved",8.5956645446946,,"WHO, UNICEF"
Indonesia,360,2022,"Drinking water, Surface water",1.8991752960259,,"WHO, UNICEF"
Lao People's Democratic Republic,418,2022,"Drinking water, Free of contamination",26.987436862545,,"WHO, UNICEF"
Lao People's Democratic Republic,418,2022,"Drinking water, Surface water",0.0,,"WHO, UNICEF"
Lao People's Democratic Republic,418,2022,"Drinking water, Safely managed service",44.0,,"WHO, UNICEF"
Lao People's Democratic Republic,418,2022,"Drinking water, Unimproved",2.9357377780748,,"WHO, UNICEF"
Lao People's Democratic Republic,418,2022,"Drinking water, On premises",97.064262221925,,"WHO, UNICEF"
Lao People's Democratic Republic,418,2022,"Drinking water, Available",95.325404496351,,"WHO, UNICEF"
Lao People's Democratic Republic,418,2022,"Drinking water, Limited",0.0,,"WHO, UNICEF"
Lao People's Democratic Republic,418,2022,"Drinking water, Basic service",99.0,,"WHO, UNICEF"
Lao People's Democratic Republic,418,2022,"Drinking water, On premises",76.855674878308,,"WHO, UNICEF"
Lao People's Democratic Republic,418,2022,"Drinking water, Unimproved",15.010969596266,,"WHO, UNICEF"
Lao People's Democratic Republic,418,2022,"Drinking water, Surface water",0.91748719570887,,"WHO, UNICEF"
Lao People's Democratic Republic,418,2022,"Drinking water, Free of contamination",12.381359089869,,"WHO, UNICEF"
Lao People's Democratic Republic,418,2022,"Drinking water, Available",80.194777357536,,"WHO, UNICEF"
Lao People's Democratic Republic,418,2022,"Drinking water, Limited",5.5985837864138,,"WHO, UNICEF"
Lao People's Democratic Republic,418,2022,"Drinking water, Basic service",83.0,,"WHO, UNICEF"
Lao People's Democratic Republic,418,2022,"Drinking water, Safely managed service",21.0,,"WHO, UNICEF"
Lao People's Democratic Republic,418,2022,"Drinking water, Surface water",0.57258539336757,,"WHO, UNICEF"
Lao People's Democratic Republic,418,2022,"Drinking water, Unimproved",10.471650132505,,"WHO, UNICEF"
Lao People's Democratic Republic,418,2022,"Drinking water, On premises",84.452485490634,,"WHO, UNICEF"
Lao People's Democratic Republic,418,2022,"Drinking water, Safely managed service",30.0,,"WHO, UNICEF"
Lao People's Democratic Republic,418,2022,"Drinking water, Free of contamination",17.872075571562,,"WHO, UNICEF"
Lao People's Democratic Republic,418,2022,"Drinking water, Available",85.88268111644,,"WHO, UNICEF"
Lao People's Democratic Republic,418,2022,"Drinking water, Limited",3.4939640734367,,"WHO, UNICEF"
Lao People's Democratic Republic,418,2022,"Drinking water, Basic service",89.0,,"WHO, UNICEF"
Malaysia,458,2022,"Drinking water, Basic service",99.0,,"WHO, UNICEF"
Malaysia,458,2022,"Drinking water, At least basic service",99.13500187852,,"WHO, UNICEF"
Malaysia,458,2022,"Drinking water, Limited",0.29829990535161,,"WHO, UNICEF"
Malaysia,458,2022,"Drinking water, Surface water",0.09,,"WHO, UNICEF"
Malaysia,458,2022,"Drinking water, Unimproved",0.47669821612854,,"WHO, UNICEF"
Malaysia,458,2022,"Drinking water, On premises",97.245769144626,,"WHO, UNICEF"
Malaysia,458,2022,"Drinking water, Basic service",95.0,,"WHO, UNICEF"
Malaysia,458,2022,"Drinking water, On premises",82.080752484513,,"WHO, UNICEF"
Malaysia,458,2022,"Drinking water, Unimproved",9.4031429530764,,"WHO, UNICEF"
Malaysia,458,2022,"Drinking water, At least basic service",90.053275904642,,"WHO, UNICEF"
Malaysia,458,2022,"Drinking water, Limited",0.54358114228152,,"WHO, UNICEF"
Malaysia,458,2022,"Drinking water, Free of contamination",97.508196068996,,"WHO, UNICEF"
Malaysia,458,2022,"Drinking water, Limited",0.35173687760209,,"WHO, UNICEF"
Malaysia,458,2022,"Drinking water, Basic service",98.0,,"WHO, UNICEF"
Malaysia,458,2022,"Drinking water, On premises",93.941920809996,,"WHO, UNICEF"
Malaysia,458,2022,"Drinking water, Safely managed service",95.0,,"WHO, UNICEF"
Malaysia,458,2022,"Drinking water, Unimproved",2.4918039310036,,"WHO, UNICEF"
Myanmar,104,2022,"Drinking water, Available",72.673747925059,,"WHO, UNICEF"
Myanmar,104,2022,"Drinking water, Basic service",86.0,,"WHO, UNICEF"
Myanmar,104,2022,"Drinking water, Limited",0.69712109584812,,"WHO, UNICEF"
Myanmar,104,2022,"Drinking water, Free of contamination",57.396499371966,,"WHO, UNICEF"
Myanmar,104,2022,"Drinking water, Safely managed service",60.0,,"WHO, UNICEF"
Myanmar,104,2022,"Drinking water, Unimproved",5.7734042234554,,"WHO, UNICEF"
Myanmar,104,2022,"Drinking water, Surface water",11.14503446699,,"WHO, UNICEF"
Myanmar,104,2022,"Drinking water, On premises",63.593563506755,,"WHO, UNICEF"
Myanmar,104,2022,"Drinking water, Surface water",4.85156393026,,"WHO, UNICEF"
Myanmar,104,2022,"Drinking water, Unimproved",1.487647657252,,"WHO, UNICEF"
Myanmar,104,2022,"Drinking water, On premises",87.890776123361,,"WHO, UNICEF"
Myanmar,104,2022,"Drinking water, Safely managed service",74.0,,"WHO, UNICEF"
Myanmar,104,2022,"Drinking water, Free of contamination",72.399789442853,,"WHO, UNICEF"
Myanmar,104,2022,"Drinking water, Available",86.917211646789,,"WHO, UNICEF"
Myanmar,104,2022,"Drinking water, Limited",0.0,,"WHO, UNICEF"
Myanmar,104,2022,"Drinking water, Basic service",96.0,,"WHO, UNICEF"
Myanmar,104,2022,"Drinking water, Basic service",81.0,,"WHO, UNICEF"
Myanmar,104,2022,"Drinking water, Limited",1.0217373035268,,"WHO, UNICEF"
Myanmar,104,2022,"Drinking water, Available",66.041245977055,,"WHO, UNICEF"
Myanmar,104,2022,"Drinking water, Free of contamination",50.410181840474,,"WHO, UNICEF"
Myanmar,104,2022,"Drinking water, On premises",52.279507902508,,"WHO, UNICEF"
Myanmar,104,2022,"Drinking water, Unimproved",7.769074148655,,"WHO, UNICEF"
Myanmar,104,2022,"Drinking water, Surface water",14.07560516844,,"WHO, UNICEF"
Myanmar,104,2022,"Drinking water, Safely managed service",53.0,,"WHO, UNICEF"
Philippines,608,2022,"Drinking water, Safely managed service",62.0,,"WHO, UNICEF"
Philippines,608,2022,"Drinking water, Surface water",0.0,,"WHO, UNICEF"
Philippines,608,2022,"Drinking water, Unimproved",0.69037817390137,,"WHO, UNICEF"
Philippines,608,2022,"Drinking water, Basic service",98.0,,"WHO, UNICEF"
Philippines,608,2022,"Drinking water, Limited",1.5348498700879,,"WHO, UNICEF"
Philippines,608,2022,"Drinking water, Available",88.699324655053,,"WHO, UNICEF"
Philippines,608,2022,"Drinking water, Free of contamination",61.914223263342,,"WHO, UNICEF"
Philippines,608,2022,"Drinking water, On premises",91.911101607717,,"WHO, UNICEF"
Philippines,608,2022,"Drinking water, On premises",73.987008425366,,"WHO, UNICEF"
Philippines,608,2022,"Drinking water, Basic service",92.0,,"WHO, UNICEF"
Philippines,608,2022,"Drinking water, Limited",4.0131377916283,,"WHO, UNICEF"
Philippines,608,2022,"Drinking water, Available",85.870626203941,,"WHO, UNICEF"
Philippines,608,2022,"Drinking water, Free of contamination",34.979369709187,,"WHO, UNICEF"
Philippines,608,2022,"Drinking water, Surface water",0.0,,"WHO, UNICEF"
Philippines,608,2022,"Drinking water, Unimproved",3.7835868338755,,"WHO, UNICEF"
Philippines,608,2022,"Drinking water, Safely managed service",35.0,,"WHO, UNICEF"
Philippines,608,2022,"Drinking water, Free of contamination",47.901904120016,,"WHO, UNICEF"
Philippines,608,2022,"Drinking water, Unimproved",2.2995590945559,,"WHO, UNICEF"
Philippines,608,2022,"Drinking water, Surface water",0.0,,"WHO, UNICEF"
Philippines,608,2022,"Drinking water, On premises",82.586449904802,,"WHO, UNICEF"
Philippines,608,2022,"Drinking water, Safely managed service",48.0,,"WHO, UNICEF"
Philippines,608,2022,"Drinking water, Available",87.227749985878,,"WHO, UNICEF"
Philippines,608,2022,"Drinking water, Limited",2.8241295468548,,"WHO, UNICEF"
Philippines,608,2022,"Drinking water, Basic service",95.0,,"WHO, UNICEF"
Singapore,702,2022,"Drinking water, Surface water",0.0,,"WHO, UNICEF"
Singapore,702,2022,"Drinking water, Basic service",100.0,,"WHO, UNICEF"
Singapore,702,2022,"Drinking water, Unimproved",0.0,,"WHO, UNICEF"
Singapore,702,2022,"Drinking water, On premises",100.0,,"WHO, UNICEF"
Singapore,702,2022,"Drinking water, Safely managed service",100.0,,"WHO, UNICEF"
Singapore,702,2022,"Drinking water, Free of contamination",100.0,,"WHO, UNICEF"
Singapore,702,2022,"Drinking water, Limited",0.0,,"WHO, UNICEF"
Singapore,702,2022,"Drinking water, Basic service",100.0,,"WHO, UNICEF"
Singapore,702,2022,"Drinking water, Limited",0.0,,"WHO, UNICEF"
Singapore,702,2022,"Drinking water, Free of contamination",100.0,,"WHO, UNICEF"
Singapore,702,2022,"Drinking water, Surface water",0.0,,"WHO, UNICEF"
Singapore,702,2022,"Drinking water, Unimproved",0.0,,"WHO, UNICEF"
Singapore,702,2022,"Drinking water, On premises",100.0,,"WHO, UNICEF"
Singapore,702,2022,"Drinking water, Safely managed service",100.0,,"WHO, UNICEF"
Thailand,764,2022,"Drinking water, At least basic service",100.0,,"WHO, UNICEF"
Thailand,764,2022,"Drinking water, Basic service",100.0,,"WHO, UNICEF"
Thailand,764,2022,"Drinking water, Limited",0.0,,"WHO, UNICEF"
Thailand,764,2022,"Drinking water, Available",99.517805184931,,"WHO, UNICEF"
Thailand,764,2022,"Drinking water, Surface water",0.0,,"WHO, UNICEF"
Thailand,764,2022,"Drinking water, On premises",100.0,,"WHO, UNICEF"
Thailand,764,2022,"Drinking water, Unimproved",0.0,,"WHO, UNICEF"
Thailand,764,2022,"Drinking water, Limited",0.0,,"WHO, UNICEF"
Thailand,764,2022,"Drinking water, Available",99.19096,,"WHO, UNICEF"
Thailand,764,2022,"Drinking water, At least basic service",100.0,,"WHO, UNICEF"
Thailand,764,2022,"Drinking water, Basic service",100.0,,"WHO, UNICEF"
Thailand,764,2022,"Drinking water, Surface water",0.0,,"WHO, UNICEF"
Thailand,764,2022,"Drinking water, Unimproved",0.0,,"WHO, UNICEF"
Thailand,764,2022,"Drinking water, On premises",100.0,,"WHO, UNICEF"
Thailand,764,2022,"Drinking water, Unimproved",0.0,,"WHO, UNICEF"
Thailand,764,2022,"Drinking water, Surface water",0.0,,"WHO, UNICEF"
Thailand,764,2022,"Drinking water, On premises",100.0,,"WHO, UNICEF"
Thailand,764,2022,"Drinking water, Available",99.80894,,"WHO, UNICEF"
Thailand,764,2022,"Drinking water, Limited",0.0,,"WHO, UNICEF"
Thailand,764,2022,"Drinking water, Basic service",100.0,,"WHO, UNICEF"
Thailand,764,2022,"Drinking water, At least basic service",100.0,,"WHO, UNICEF"
Viet Nam,704,2022,"Drinking water, On premises",97.232074770991,,"WHO, UNICEF"
Viet Nam,704,2022,"Drinking water, Free of contamination",46.394459494713,,"WHO, UNICEF"
Viet Nam,704,2022,"Drinking water, Safely managed service",46.0,,"WHO, UNICEF"
Viet Nam,704,2022,"Drinking water, Surface water",0.0,,"WHO, UNICEF"
Viet Nam,704,2022,"Drinking water, Unimproved",2.7679252290091,,"WHO, UNICEF"
Viet Nam,704,2022,"Drinking water, Available",93.592678212313,,"WHO, UNICEF"
Viet Nam,704,2022,"Drinking water, Limited",0.0,,"WHO, UNICEF"
Viet Nam,704,2022,"Drinking water, Basic service",97.0,,"WHO, UNICEF"
Viet Nam,704,2022,"Drinking water, Safely managed service",76.0,,"WHO, UNICEF"
Viet Nam,704,2022,"Drinking water, Surface water",0.0,,"WHO, UNICEF"
Viet Nam,704,2022,"Drinking water, Unimproved",0.89839438196663,,"WHO, UNICEF"
Viet Nam,704,2022,"Drinking water, On premises",99.101605618033,,"WHO, UNICEF"
Viet Nam,704,2022,"Drinking water, Free of contamination",75.768013653341,,"WHO, UNICEF"
Viet Nam,704,2022,"Drinking water, Available",98.155212777085,,"WHO, UNICEF"
Viet Nam,704,2022,"Drinking water, Limited",0.0,,"WHO, UNICEF"
Viet Nam,704,2022,"Drinking water, Basic service",99.0,,"WHO, UNICEF"
Viet Nam,704,2022,"Drinking water, Basic service",98.0,,"WHO, UNICEF"
Viet Nam,704,2022,"Drinking water, Limited",0.0,,"WHO, UNICEF"
Viet Nam,704,2022,"Drinking water, Available",95.361389882741,,"WHO, UNICEF"
Viet Nam,704,2022,"Drinking water, Free of contamination",57.78141142549,,"WHO, UNICEF"
Viet Nam,704,2022,"Drinking water, Safely managed service",58.0,,"WHO, UNICEF"
Viet Nam,704,2022,"Drinking water, On premises",97.956816584316,,"WHO, UNICEF"
Viet Nam,704,2022,"Drinking water, Unimproved",2.0431834156845,,"WHO, UNICEF"
Viet Nam,704,2022,"Drinking water, Surface water",0.0,,"WHO, UNICEF"
Brunei Darussalam,96,2023,"Drinking water, Basic service",100.0,,"WHO, UNICEF"
Cambodia,116,2023,"Drinking water, Basic service",82.0,,"WHO, UNICEF"
Cambodia,116,2023,"Drinking water, Safely managed service",29.0,,"WHO, UNICEF"
Cambodia,116,2023,"Drinking water, Basic service",94.0,,"WHO, UNICEF"
Cambodia,116,2023,"Drinking water, Safely managed service",57.0,,"WHO, UNICEF"
Cambodia,116,2023,"Drinking water, Safely managed service",20.0,,"WHO, UNICEF"
Cambodia,116,2023,"Drinking water, Basic service",78.0,,"WHO, UNICEF"
Indonesia,360,2023,"Drinking water, Safely managed service",30.0,,"WHO, UNICEF"
Indonesia,360,2023,"Drinking water, Basic service",89.0,,"WHO, UNICEF"
Indonesia,360,2023,"Drinking water, Basic service",95.0,,"WHO, UNICEF"
Indonesia,360,2023,"Drinking water, Safely managed service",35.0,,"WHO, UNICEF"
Indonesia,360,2023,"Drinking water, Safely managed service",24.0,,"WHO, UNICEF"
Indonesia,360,2023,"Drinking water, Basic service",81.0,,"WHO, UNICEF"
Lao People's Democratic Republic,418,2023,"Drinking water, Basic service",100.0,,"WHO, UNICEF"
Lao People's Democratic Republic,418,2023,"Drinking water, Safely managed service",48.0,,"WHO, UNICEF"
Lao People's Democratic Republic,418,2023,"Drinking water, Basic service",93.0,,"WHO, UNICEF"
Lao People's Democratic Republic,418,2023,"Drinking water, Safely managed service",32.0,,"WHO, UNICEF"
Lao People's Democratic Republic,418,2023,"Drinking water, Basic service",88.0,,"WHO, UNICEF"
Lao People's Democratic Republic,418,2023,"Drinking water, Safely managed service",23.0,,"WHO, UNICEF"
Malaysia,458,2023,"Drinking water, Basic service",95.0,,"WHO, UNICEF"
Malaysia,458,2023,"Drinking water, Safely managed service",95.0,,"WHO, UNICEF"
Malaysia,458,2023,"Drinking water, Basic service",98.0,,"WHO, UNICEF"
Malaysia,458,2023,"Drinking water, Basic service",99.0,,"WHO, UNICEF"
Myanmar,104,2023,"Drinking water, Safely managed service",74.0,,"WHO, UNICEF"
Myanmar,104,2023,"Drinking water, Basic service",96.0,,"WHO, UNICEF"
Myanmar,104,2023,"Drinking water, Safely managed service",60.0,,"WHO, UNICEF"
Myanmar,104,2023,"Drinking water, Basic service",86.0,,"WHO, UNICEF"
Myanmar,104,2023,"Drinking water, Basic service",81.0,,"WHO, UNICEF"
Myanmar,104,2023,"Drinking water, Safely managed service",53.0,,"WHO, UNICEF"
Philippines,608,2023,"Drinking water, Safely managed service",48.0,,"WHO, UNICEF"
Philippines,608,2023,"Drinking water, Basic service",95.0,,"WHO, UNICEF"
Philippines,608,2023,"Drinking water, Basic service",98.0,,"WHO, UNICEF"
Philippines,608,2023,"Drinking water, Safely managed service",62.0,,"WHO, UNICEF"
Philippines,608,2023,"Drinking water, Safely managed service",35.0,,"WHO, UNICEF"
Philippines,608,2023,"Drinking water, Basic service",93.0,,"WHO, UNICEF"
Singapore,702,2023,"Drinking water, Safely managed service",100.0,,"WHO, UNICEF"
Singapore,702,2023,"Drinking water, Basic service",100.0,,"WHO, UNICEF"
Singapore,702,2023,"Drinking water, Safely managed service",100.0,,"WHO, UNICEF"
Singapore,702,2023,"Drinking water, Basic service",100.0,,"WHO, UNICEF"
Thailand,764,2023,"Drinking water, Basic service",100.0,,"WHO, UNICEF"
Thailand,764,2023,"Drinking water, Basic service",100.0,,"WHO, UNICEF"
Thailand,764,2023,"Drinking water, Basic service",100.0,,"WHO, UNICEF"
Viet Nam,704,2023,"Drinking water, Basic service",98.0,,"WHO, UNICEF"
Viet Nam,704,2023,"Drinking water, Safely managed service",47.0,,"WHO, UNICEF"
Viet Nam,704,2023,"Drinking water, Safely managed service",76.0,,"WHO, UNICEF"
Viet Nam,704,2023,"Drinking water, Basic service",99.0,,"WHO, UNICEF"
Viet Nam,704,2023,"Drinking water, Safely managed service",58.0,,"WHO, UNICEF"
Viet Nam,704,2023,"Drinking water, Basic service",98.0,,"WHO, UNICEF"
Brunei Darussalam,96,2024,"Drinking water, Basic service",100.0,,"WHO, UNICEF"
Cambodia,116,2024,"Drinking water, Basic service",94.0,,"WHO, UNICEF"
Cambodia,116,2024,"Drinking water, Safely managed service",57.0,,"WHO, UNICEF"
Cambodia,116,2024,"Drinking water, Safely managed service",30.0,,"WHO, UNICEF"
Cambodia,116,2024,"Drinking water, Basic service",83.0,,"WHO, UNICEF"
Cambodia,116,2024,"Drinking water, Basic service",79.0,,"WHO, UNICEF"
Cambodia,116,2024,"Drinking water, Safely managed service",20.0,,"WHO, UNICEF"
Indonesia,360,2024,"Drinking water, Safely managed service",24.0,,"WHO, UNICEF"
Indonesia,360,2024,"Drinking water, Basic service",80.0,,"WHO, UNICEF"
Indonesia,360,2024,"Drinking water, Safely managed service",30.0,,"WHO, UNICEF"
Indonesia,360,2024,"Drinking water, Basic service",89.0,,"WHO, UNICEF"
Indonesia,360,2024,"Drinking water, Basic service",95.0,,"WHO, UNICEF"
Indonesia,360,2024,"Drinking water, Safely managed service",35.0,,"WHO, UNICEF"
Lao People's Democratic Republic,418,2024,"Drinking water, Basic service",93.0,,"WHO, UNICEF"
Lao People's Democratic Republic,418,2024,"Drinking water, Safely managed service",25.0,,"WHO, UNICEF"
Lao People's Democratic Republic,418,2024,"Drinking water, Basic service",100.0,,"WHO, UNICEF"
Lao People's Democratic Republic,418,2024,"Drinking water, Safely managed service",51.0,,"WHO, UNICEF"
Lao People's Democratic Republic,418,2024,"Drinking water, Safely managed service",35.0,,"WHO, UNICEF"
Lao People's Democratic Republic,418,2024,"Drinking water, Basic service",96.0,,"WHO, UNICEF"
Malaysia,458,2024,"Drinking water, Basic service",95.0,,"WHO, UNICEF"
Malaysia,458,2024,"Drinking water, Basic service",98.0,,"WHO, UNICEF"
Malaysia,458,2024,"Drinking water, Safely managed service",95.0,,"WHO, UNICEF"
Malaysia,458,2024,"Drinking water, Basic service",99.0,,"WHO, UNICEF"
Myanmar,104,2024,"Drinking water, Safely managed service",53.0,,"WHO, UNICEF"
Myanmar,104,2024,"Drinking water, Basic service",81.0,,"WHO, UNICEF"
Myanmar,104,2024,"Drinking water, Safely managed service",60.0,,"WHO, UNICEF"
Myanmar,104,2024,"Drinking water, Basic service",86.0,,"WHO, UNICEF"
Myanmar,104,2024,"Drinking water, Basic service",96.0,,"WHO, UNICEF"
Myanmar,104,2024,"Drinking water, Safely managed service",74.0,,"WHO, UNICEF"
Philippines,608,2024,"Drinking water, Basic service",96.0,,"WHO, UNICEF"
Philippines,608,2024,"Drinking water, Safely managed service",48.0,,"WHO, UNICEF"
Philippines,608,2024,"Drinking water, Basic service",98.0,,"WHO, UNICEF"
Philippines,608,2024,"Drinking water, Safely managed service",62.0,,"WHO, UNICEF"
Philippines,608,2024,"Drinking water, Safely managed service",35.0,,"WHO, UNICEF"
Philippines,608,2024,"Drinking water, Basic service",94.0,,"WHO, UNICEF"
Singapore,702,2024,"Drinking water, Safely managed service",100.0,,"WHO, UNICEF"
Singapore,702,2024,"Drinking water, Basic service",100.0,,"WHO, UNICEF"
Singapore,702,2024,"Drinking water, Safely managed service",100.0,,"WHO, UNICEF"
Singapore,702,2024,"Drinking water, Basic service",100.0,,"WHO, UNICEF"
Thailand,764,2024,"Drinking water, Basic service",100.0,,"WHO, UNICEF"
Thailand,764,2024,"Drinking water, Basic service",100.0,,"WHO, UNICEF"
Thailand,764,2024,"Drinking water, Basic service",100.0,,"WHO, UNICEF"
Viet Nam,704,2024,"Drinking water, Safely managed service",59.0,,"WHO, UNICEF"
Viet Nam,704,2024,"Drinking water, Basic service",99.0,,"WHO, UNICEF"
Viet Nam,704,2024,"Drinking water, Basic service",99.0,,"WHO, UNICEF"
Viet Nam,704,2024,"Drinking water, Safely managed service",76.0,,"WHO, UNICEF"
Viet Nam,704,2024,"Drinking water, Safely managed service",47.0,,"WHO, UNICEF"
Viet Nam,704,2024,"Drinking water, Basic service",98.0,,"WHO, UNICEF"
